ISO-10303-21;
HEADER;
FILE_DESCRIPTION(('Open CASCADE Model'),'2;1');
FILE_NAME('Open CASCADE Shape Model','2026-09-27T02:15:20',('Author'),(
    'Open CASCADE'),'Open CASCADE STEP processor 7.9','Open CASCADE 7.9'
  ,'Unknown');
FILE_SCHEMA(('AUTOMOTIVE_DESIGN { 1 0 10303 214 1 1 1 1 }'));
ENDSEC;
DATA;
#1 = APPLICATION_PROTOCOL_DEFINITION('international standard',
  'automotive_design',2000,#2);
#2 = APPLICATION_CONTEXT(
  'core data for automotive mechanical design processes');
#3 = SHAPE_DEFINITION_REPRESENTATION(#4,#10);
#4 = PRODUCT_DEFINITION_SHAPE('','',#5);
#5 = PRODUCT_DEFINITION('design','',#6,#9);
#6 = PRODUCT_DEFINITION_FORMATION('','',#7);
#7 = PRODUCT('Open CASCADE STEP translator 7.9 1',
  'Open CASCADE STEP translator 7.9 1','',(#8));
#8 = PRODUCT_CONTEXT('',#2,'mechanical');
#9 = PRODUCT_DEFINITION_CONTEXT('part definition',#2,'design');
#10 = ADVANCED_BREP_SHAPE_REPRESENTATION('',(#11,#15),#6024);
#11 = AXIS2_PLACEMENT_3D('',#12,#13,#14);
#12 = CARTESIAN_POINT('',(0.,0.,0.));
#13 = DIRECTION('',(0.,0.,1.));
#14 = DIRECTION('',(1.,0.,-0.));
#15 = MANIFOLD_SOLID_BREP('',#16);
#16 = CLOSED_SHELL('',(#17,#1984,#2175,#2388,#2489,#2589,#2783,#2891,
    #2967,#3016,#3065,#3092,#3127,#3162,#4959,#4966,#4994,#5022,#5098,
    #5147,#5196,#5379,#5406,#5435,#5463,#5521,#5572,#5646,#5704,#5711,
    #5718,#5773,#5828,#5832,#5836,#5871,#5906,#5961,#6016,#6020));
#17 = ADVANCED_FACE('',(#18,#416,#691,#1027,#1495),#32,.T.);
#18 = FACE_BOUND('',#19,.T.);
#19 = EDGE_LOOP('',(#20,#67,#105,#106,#146,#255,#278,#279,#383));
#20 = ORIENTED_EDGE('',*,*,#21,.F.);
#21 = EDGE_CURVE('',#22,#24,#26,.T.);
#22 = VERTEX_POINT('',#23);
#23 = CARTESIAN_POINT('',(88.,-2.449293598295E-14,0.));
#24 = VERTEX_POINT('',#25);
#25 = CARTESIAN_POINT('',(87.911154996869,-2.446820785824E-14,
    3.144695226409));
#26 = SEAM_CURVE('',#27,(#31,#60),.PCURVE_S1.);
#27 = ( BOUNDED_CURVE() B_SPLINE_CURVE(2,(#28,#29,#30),.UNSPECIFIED.,.F.
,.F.) B_SPLINE_CURVE_WITH_KNOTS((3,3),(6.28318530718,7.853981633974),
.PIECEWISE_BEZIER_KNOTS.) CURVE() GEOMETRIC_REPRESENTATION_ITEM() 
RATIONAL_B_SPLINE_CURVE((1.,0.707106781187,1.)) REPRESENTATION_ITEM('') 
  );
#28 = CARTESIAN_POINT('',(88.,-2.449293598295E-14,0.));
#29 = CARTESIAN_POINT('',(88.,-2.449293598295E-14,70.));
#30 = CARTESIAN_POINT('',(5.388445916248E-15,-1.499759782662E-30,70.));
#31 = PCURVE('',#32,#54);
#32 = ( BOUNDED_SURFACE() B_SPLINE_SURFACE(2,2,(
    (#33,#34,#35)
    ,(#36,#37,#38)
    ,(#39,#40,#41)
    ,(#42,#43,#44)
    ,(#45,#46,#47)
    ,(#48,#49,#50)
    ,(#51,#52,#53
)),.UNSPECIFIED.,.T.,.F.,.F.) B_SPLINE_SURFACE_WITH_KNOTS((1,2,2,2,2,1),
  (3,3),(-2.094395102393,0.,2.094395102393,4.188790204786,6.28318530718,
    8.377580409573),(0.,1.570796326795),.UNSPECIFIED.) 
GEOMETRIC_REPRESENTATION_ITEM() RATIONAL_B_SPLINE_SURFACE((
    (1.,0.707106781187,1.)
    ,(0.5,0.353553390593,0.5)
    ,(1.,0.707106781187,1.)
    ,(0.5,0.353553390593,0.5)
    ,(1.,0.707106781187,1.)
    ,(0.5,0.353553390593,0.5)
,(1.,0.707106781187,1.))) REPRESENTATION_ITEM('') SURFACE() );
#33 = CARTESIAN_POINT('',(88.,0.,0.));
#34 = CARTESIAN_POINT('',(88.,0.,70.));
#35 = CARTESIAN_POINT('',(5.388445916248E-15,0.,70.));
#36 = CARTESIAN_POINT('',(88.,173.20508075688,0.));
#37 = CARTESIAN_POINT('',(88.,173.20508075688,70.));
#38 = CARTESIAN_POINT('',(5.388445916248E-15,1.060575238725E-14,70.));
#39 = CARTESIAN_POINT('',(-44.,86.602540378444,0.));
#40 = CARTESIAN_POINT('',(-44.,86.602540378444,70.));
#41 = CARTESIAN_POINT('',(-2.694222958124E-15,5.302876193625E-15,70.));
#42 = CARTESIAN_POINT('',(-176.,2.449293598295E-14,0.));
#43 = CARTESIAN_POINT('',(-176.,2.449293598295E-14,70.));
#44 = CARTESIAN_POINT('',(-1.07768918325E-14,1.499759782662E-30,70.));
#45 = CARTESIAN_POINT('',(-44.,-86.60254037844,0.));
#46 = CARTESIAN_POINT('',(-44.,-86.60254037844,70.));
#47 = CARTESIAN_POINT('',(-2.694222958124E-15,-5.302876193625E-15,70.));
#48 = CARTESIAN_POINT('',(88.,-173.2050807568,0.));
#49 = CARTESIAN_POINT('',(88.,-173.2050807568,70.));
#50 = CARTESIAN_POINT('',(5.388445916248E-15,-1.060575238725E-14,70.));
#51 = CARTESIAN_POINT('',(88.,0.,0.));
#52 = CARTESIAN_POINT('',(88.,0.,70.));
#53 = CARTESIAN_POINT('',(5.388445916248E-15,0.,70.));
#54 = DEFINITIONAL_REPRESENTATION('',(#55),#59);
#55 = B_SPLINE_CURVE_WITH_KNOTS('',2,(#56,#57,#58),.UNSPECIFIED.,.F.,.F.
  ,(3,3),(6.28318530718,7.853981633974),.PIECEWISE_BEZIER_KNOTS.);
#56 = CARTESIAN_POINT('',(0.,0.));
#57 = CARTESIAN_POINT('',(8.881784197001E-16,0.785398163397));
#58 = CARTESIAN_POINT('',(0.,1.570796326795));
#59 = ( GEOMETRIC_REPRESENTATION_CONTEXT(2) 
PARAMETRIC_REPRESENTATION_CONTEXT() REPRESENTATION_CONTEXT('2D SPACE',''
  ) );
#60 = PCURVE('',#32,#61);
#61 = DEFINITIONAL_REPRESENTATION('',(#62),#66);
#62 = B_SPLINE_CURVE_WITH_KNOTS('',2,(#63,#64,#65),.UNSPECIFIED.,.F.,.F.
  ,(3,3),(6.28318530718,7.853981633974),.PIECEWISE_BEZIER_KNOTS.);
#63 = CARTESIAN_POINT('',(6.28318530718,0.));
#64 = CARTESIAN_POINT('',(6.28318530718,0.785398163397));
#65 = CARTESIAN_POINT('',(6.28318530718,1.570796326795));
#66 = ( GEOMETRIC_REPRESENTATION_CONTEXT(2) 
PARAMETRIC_REPRESENTATION_CONTEXT() REPRESENTATION_CONTEXT('2D SPACE',''
  ) );
#67 = ORIENTED_EDGE('',*,*,#68,.T.);
#68 = EDGE_CURVE('',#22,#22,#69,.T.);
#69 = SURFACE_CURVE('',#70,(#78,#89),.PCURVE_S1.);
#70 = ( BOUNDED_CURVE() B_SPLINE_CURVE(2,(#71,#72,#73,#74,#75,#76,#77),
.UNSPECIFIED.,.T.,.F.) B_SPLINE_CURVE_WITH_KNOTS((1,2,2,2,2,1),(
    -2.094395102393,0.,2.094395102393,4.188790204786,6.28318530718,
8.377580409573),.UNSPECIFIED.) CURVE() GEOMETRIC_REPRESENTATION_ITEM() 
RATIONAL_B_SPLINE_CURVE((1.,0.5,1.,0.5,1.,0.5,1.)) REPRESENTATION_ITEM(
  '') );
#71 = CARTESIAN_POINT('',(88.,0.,0.));
#72 = CARTESIAN_POINT('',(88.,173.20508075688,0.));
#73 = CARTESIAN_POINT('',(-44.,86.602540378444,0.));
#74 = CARTESIAN_POINT('',(-176.,2.449293598295E-14,0.));
#75 = CARTESIAN_POINT('',(-44.,-86.60254037844,0.));
#76 = CARTESIAN_POINT('',(88.,-173.2050807568,0.));
#77 = CARTESIAN_POINT('',(88.,0.,0.));
#78 = PCURVE('',#32,#79);
#79 = DEFINITIONAL_REPRESENTATION('',(#80),#88);
#80 = B_SPLINE_CURVE_WITH_KNOTS('',2,(#81,#82,#83,#84,#85,#86,#87),
  .UNSPECIFIED.,.F.,.F.,(3,2,2,3),(0.,2.094395102393,4.188790204786,
    6.28318530718),.PIECEWISE_BEZIER_KNOTS.);
#81 = CARTESIAN_POINT('',(0.,0.));
#82 = CARTESIAN_POINT('',(1.047197551197,0.));
#83 = CARTESIAN_POINT('',(2.094395102393,0.));
#84 = CARTESIAN_POINT('',(3.14159265359,0.));
#85 = CARTESIAN_POINT('',(4.188790204786,0.));
#86 = CARTESIAN_POINT('',(5.235987755983,0.));
#87 = CARTESIAN_POINT('',(6.28318530718,0.));
#88 = ( GEOMETRIC_REPRESENTATION_CONTEXT(2) 
PARAMETRIC_REPRESENTATION_CONTEXT() REPRESENTATION_CONTEXT('2D SPACE',''
  ) );
#89 = PCURVE('',#90,#95);
#90 = B_SPLINE_SURFACE_WITH_KNOTS('',1,1,(
    (#91,#92)
    ,(#93,#94)),.UNSPECIFIED.,.F.,.F.,.F.,(2,2),(2,2),(-1.,1.),(-1.,1.),
  .PIECEWISE_BEZIER_KNOTS.);
#91 = CARTESIAN_POINT('',(-88.,-100.,0.));
#92 = CARTESIAN_POINT('',(-88.,100.,0.));
#93 = CARTESIAN_POINT('',(88.,-100.,0.));
#94 = CARTESIAN_POINT('',(88.,100.,0.));
#95 = DEFINITIONAL_REPRESENTATION('',(#96),#104);
#96 = ( BOUNDED_CURVE() B_SPLINE_CURVE(2,(#97,#98,#99,#100,#101,#102,
#103),.UNSPECIFIED.,.T.,.F.) B_SPLINE_CURVE_WITH_KNOTS((3,2,2,3),(0.,
    2.094395102393,4.188790204786,6.28318530718),
.PIECEWISE_BEZIER_KNOTS.) CURVE() GEOMETRIC_REPRESENTATION_ITEM() 
RATIONAL_B_SPLINE_CURVE((1.,0.5,1.,0.5,1.,0.5,1.)) REPRESENTATION_ITEM(
  '') );
#97 = CARTESIAN_POINT('',(1.,0.));
#98 = CARTESIAN_POINT('',(1.,1.732050807569));
#99 = CARTESIAN_POINT('',(-0.5,0.866025403784));
#100 = CARTESIAN_POINT('',(-2.,2.449293598295E-16));
#101 = CARTESIAN_POINT('',(-0.5,-0.866025403784));
#102 = CARTESIAN_POINT('',(1.,-1.732050807569));
#103 = CARTESIAN_POINT('',(1.,0.));
#104 = ( GEOMETRIC_REPRESENTATION_CONTEXT(2) 
PARAMETRIC_REPRESENTATION_CONTEXT() REPRESENTATION_CONTEXT('2D SPACE',''
  ) );
#105 = ORIENTED_EDGE('',*,*,#21,.T.);
#106 = ORIENTED_EDGE('',*,*,#107,.T.);
#107 = EDGE_CURVE('',#24,#108,#110,.T.);
#108 = VERTEX_POINT('',#109);
#109 = CARTESIAN_POINT('',(84.939375315168,-25.75496657231,
    3.144695226409));
#110 = SURFACE_CURVE('',#111,(#119,#130),.PCURVE_S1.);
#111 = B_SPLINE_CURVE_WITH_KNOTS('',6,(#112,#113,#114,#115,#116,#117,
    #118),.UNSPECIFIED.,.F.,.F.,(7,7),(0.,1.),.PIECEWISE_BEZIER_KNOTS.);
#112 = CARTESIAN_POINT('',(87.911154996869,7.092967186263E-14,
    3.144695226409));
#113 = CARTESIAN_POINT('',(87.911154996869,-5.407702427159,
    3.144695226409));
#114 = CARTESIAN_POINT('',(87.602034411598,-10.81522722734,
    3.144695226409));
#115 = CARTESIAN_POINT('',(86.983829898052,-16.20095395202,
    3.144695226409));
#116 = CARTESIAN_POINT('',(86.056672948382,-21.54250044021,
    3.144695226409));
#117 = CARTESIAN_POINT('',(84.821299546735,-26.81678396305,
    3.144695226409));
#118 = CARTESIAN_POINT('',(83.278962366756,-32.,3.144695226409));
#119 = PCURVE('',#32,#120);
#120 = DEFINITIONAL_REPRESENTATION('',(#121),#129);
#121 = B_SPLINE_CURVE_WITH_KNOTS('',6,(#122,#123,#124,#125,#126,#127,
    #128),.UNSPECIFIED.,.F.,.F.,(7,7),(0.,1.),.PIECEWISE_BEZIER_KNOTS.);
#122 = CARTESIAN_POINT('',(6.28318530718,4.946301949326E-02));
#123 = CARTESIAN_POINT('',(6.217729307823,4.946301949326E-02));
#124 = CARTESIAN_POINT('',(6.154730237435,4.946301949326E-02));
#125 = CARTESIAN_POINT('',(6.093759374212,4.946301949326E-02));
#126 = CARTESIAN_POINT('',(6.03448134422,4.946301949326E-02));
#127 = CARTESIAN_POINT('',(5.976606637649,4.946301949326E-02));
#128 = CARTESIAN_POINT('',(5.919873824567,4.946301949326E-02));
#129 = ( GEOMETRIC_REPRESENTATION_CONTEXT(2) 
PARAMETRIC_REPRESENTATION_CONTEXT() REPRESENTATION_CONTEXT('2D SPACE',''
  ) );
#130 = PCURVE('',#131,#136);
#131 = PLANE('',#132);
#132 = AXIS2_PLACEMENT_3D('',#133,#134,#135);
#133 = CARTESIAN_POINT('',(103.93099706947,6.980825644221E-15,
    3.144695226409));
#134 = DIRECTION('',(0.,0.,1.));
#135 = DIRECTION('',(1.,0.,-0.));
#136 = DEFINITIONAL_REPRESENTATION('',(#137),#145);
#137 = B_SPLINE_CURVE_WITH_KNOTS('',6,(#138,#139,#140,#141,#142,#143,
    #144),.UNSPECIFIED.,.F.,.F.,(7,7),(0.,1.),.PIECEWISE_BEZIER_KNOTS.);
#138 = CARTESIAN_POINT('',(-16.01984207261,6.394884621841E-14));
#139 = CARTESIAN_POINT('',(-16.01984207261,-5.407702427159));
#140 = CARTESIAN_POINT('',(-16.32896265788,-10.81522722734));
#141 = CARTESIAN_POINT('',(-16.94716717142,-16.20095395202));
#142 = CARTESIAN_POINT('',(-17.87432412109,-21.54250044021));
#143 = CARTESIAN_POINT('',(-19.10969752274,-26.81678396305));
#144 = CARTESIAN_POINT('',(-20.65203470272,-32.));
#145 = ( GEOMETRIC_REPRESENTATION_CONTEXT(2) 
PARAMETRIC_REPRESENTATION_CONTEXT() REPRESENTATION_CONTEXT('2D SPACE',''
  ) );
#146 = ORIENTED_EDGE('',*,*,#147,.T.);
#147 = EDGE_CURVE('',#108,#148,#150,.T.);
#148 = VERTEX_POINT('',#149);
#149 = CARTESIAN_POINT('',(81.648313295912,-2.272507853037E-14,
    26.111671602223));
#150 = SURFACE_CURVE('',#151,(#182,#216),.PCURVE_S1.);
#151 = B_SPLINE_CURVE_WITH_KNOTS('',8,(#152,#153,#154,#155,#156,#157,
    #158,#159,#160,#161,#162,#163,#164,#165,#166,#167,#168,#169,#170,
    #171,#172,#173,#174,#175,#176,#177,#178,#179,#180,#181),
  .UNSPECIFIED.,.F.,.F.,(9,7,7,7,9),(0.,0.261562785457,0.418959594411,
    0.593548872947,1.),.UNSPECIFIED.);
#152 = CARTESIAN_POINT('',(84.939375315168,-25.75496657231,
    3.144695226409));
#153 = CARTESIAN_POINT('',(84.877007343795,-25.70897664961,
    4.395172449643));
#154 = CARTESIAN_POINT('',(84.800347681248,-25.58279375242,
    5.642171631245));
#155 = CARTESIAN_POINT('',(84.709852161826,-25.37671930543,
    6.879212777927));
#156 = CARTESIAN_POINT('',(84.6063720112,-25.09192103538,8.100244505714)
  );
#157 = CARTESIAN_POINT('',(84.491108579162,-24.73023733546,
    9.299597903708));
#158 = CARTESIAN_POINT('',(84.365557365111,-24.29408812296,
    10.471962805569));
#159 = CARTESIAN_POINT('',(84.231443983831,-23.78645654501,
    11.612380902418));
#160 = CARTESIAN_POINT('',(84.005934023922,-22.86456519294,
    13.380509359335));
#161 = CARTESIAN_POINT('',(83.918785334766,-22.49358707686,
    14.031616940489));
#162 = CARTESIAN_POINT('',(83.829611619856,-22.09870898141,
    14.668619243957));
#163 = CARTESIAN_POINT('',(83.73883123755,-21.68071353647,
    15.290641145728));
#164 = CARTESIAN_POINT('',(83.646871852455,-21.24041994383,
    15.89687934593));
#165 = CARTESIAN_POINT('',(83.554164863514,-20.77867698595,
    16.486596827045));
#166 = CARTESIAN_POINT('',(83.461140344032,-20.29635765945,
    17.059118452573));
#167 = CARTESIAN_POINT('',(83.265155216937,-19.23751945292,
    18.22912790834));
#168 = CARTESIAN_POINT('',(83.162218254953,-18.65646072226,
    18.822517416936));
#169 = CARTESIAN_POINT('',(83.059988957279,-18.05238915231,
    19.393163760145));
#170 = CARTESIAN_POINT('',(82.959034368418,-17.42653491479,
    19.940329240525));
#171 = CARTESIAN_POINT('',(82.859904143434,-16.78014088317,
    20.46336100879));
#172 = CARTESIAN_POINT('',(82.76312459076,-16.11445611861,
    20.961682492571));
#173 = CARTESIAN_POINT('',(82.669193842202,-15.43073040091,
    21.434786180115));
#174 = CARTESIAN_POINT('',(82.36762103708,-13.09936861935,
    22.923890428745));
#175 = CARTESIAN_POINT('',(82.174661369201,-11.37773912137,
    23.826318962712));
#176 = CARTESIAN_POINT('',(82.005531406582,-9.580768422205,
    24.584181268043));
#177 = CARTESIAN_POINT('',(81.865167081831,-7.723880535373,
    25.193705820152));
#178 = CARTESIAN_POINT('',(81.757365989523,-5.822377005529,
    25.65234120252));
#179 = CARTESIAN_POINT('',(81.684664950749,-3.891360820054,
    25.958558372963));
#180 = CARTESIAN_POINT('',(81.648313295912,-1.945698330049,
    26.111671602223));
#181 = CARTESIAN_POINT('',(81.648313295912,6.394884621841E-14,
    26.111671602223));
#182 = PCURVE('',#32,#183);
#183 = DEFINITIONAL_REPRESENTATION('',(#184),#215);
#184 = B_SPLINE_CURVE_WITH_KNOTS('',8,(#185,#186,#187,#188,#189,#190,
    #191,#192,#193,#194,#195,#196,#197,#198,#199,#200,#201,#202,#203,
    #204,#205,#206,#207,#208,#209,#210,#211,#212,#213,#214),
  .UNSPECIFIED.,.F.,.F.,(9,7,7,7,9),(0.,0.261562785457,0.418959594411,
    0.593548872947,1.),.UNSPECIFIED.);
#185 = CARTESIAN_POINT('',(5.988398120245,4.946301949326E-02));
#186 = CARTESIAN_POINT('',(5.988676509461,6.897010875558E-02));
#187 = CARTESIAN_POINT('',(5.989735330076,8.828613907726E-02));
#188 = CARTESIAN_POINT('',(5.991576155811,0.107327320794));
#189 = CARTESIAN_POINT('',(5.994197407693,0.126019624742));
#190 = CARTESIAN_POINT('',(5.997596013548,0.144296055477));
#191 = CARTESIAN_POINT('',(6.001767431238,0.162094716183));
#192 = CARTESIAN_POINT('',(6.006704492944,0.179357582557));
#193 = CARTESIAN_POINT('',(6.015820138464,0.206062561144));
#194 = CARTESIAN_POINT('',(6.0195181979,0.215882631113));
#195 = CARTESIAN_POINT('',(6.0234875604,0.225478919547));
#196 = CARTESIAN_POINT('',(6.027725814832,0.234841137028));
#197 = CARTESIAN_POINT('',(6.032230253815,0.243959746356));
#198 = CARTESIAN_POINT('',(6.036997828232,0.252825850342));
#199 = CARTESIAN_POINT('',(6.042025087064,0.261431119055));
#200 = CARTESIAN_POINT('',(6.053168182289,0.279015005745));
#201 = CARTESIAN_POINT('',(6.059342996702,0.287931815455));
#202 = CARTESIAN_POINT('',(6.06582728642,0.296507680582));
#203 = CARTESIAN_POINT('',(6.07261519493,0.304732987882));
#204 = CARTESIAN_POINT('',(6.079700164867,0.312598895059));
#205 = CARTESIAN_POINT('',(6.08707484958,0.320097249294));
#206 = CARTESIAN_POINT('',(6.094731039953,0.327220545133));
#207 = CARTESIAN_POINT('',(6.121117640247,0.349656127982));
#208 = CARTESIAN_POINT('',(6.141049219831,0.363278137546));
#209 = CARTESIAN_POINT('',(6.162342063366,0.374745476926));
#210 = CARTESIAN_POINT('',(6.184856366413,0.383990084874));
#211 = CARTESIAN_POINT('',(6.208418930927,0.390958408273));
#212 = CARTESIAN_POINT('',(6.232821355353,0.395614996968));
#213 = CARTESIAN_POINT('',(6.257827660452,0.397943364381));
#214 = CARTESIAN_POINT('',(6.28318530718,0.397943364381));
#215 = ( GEOMETRIC_REPRESENTATION_CONTEXT(2) 
PARAMETRIC_REPRESENTATION_CONTEXT() REPRESENTATION_CONTEXT('2D SPACE',''
  ) );
#216 = PCURVE('',#217,#222);
#217 = SPHERICAL_SURFACE('',#218,32.);
#218 = AXIS2_PLACEMENT_3D('',#219,#220,#221);
#219 = CARTESIAN_POINT('',(103.93099706947,6.980825644221E-15,
    3.144695226409));
#220 = DIRECTION('',(0.,0.,1.));
#221 = DIRECTION('',(1.,0.,-0.));
#222 = DEFINITIONAL_REPRESENTATION('',(#223),#254);
#223 = B_SPLINE_CURVE_WITH_KNOTS('',8,(#224,#225,#226,#227,#228,#229,
    #230,#231,#232,#233,#234,#235,#236,#237,#238,#239,#240,#241,#242,
    #243,#244,#245,#246,#247,#248,#249,#250,#251,#252,#253),
  .UNSPECIFIED.,.F.,.F.,(9,7,7,7,9),(0.,0.261562785457,0.418959594411,
    0.593548872947,1.),.UNSPECIFIED.);
#224 = CARTESIAN_POINT('',(4.077003040036,0.));
#225 = CARTESIAN_POINT('',(4.074581449964,3.907741322607E-02));
#226 = CARTESIAN_POINT('',(4.070313096165,7.804613504419E-02));
#227 = CARTESIAN_POINT('',(4.064198165115,0.116794612006));
#228 = CARTESIAN_POINT('',(4.056226663581,0.155222499791));
#229 = CARTESIAN_POINT('',(4.046375536588,0.193233525572));
#230 = CARTESIAN_POINT('',(4.034607938706,0.230730258418));
#231 = CARTESIAN_POINT('',(4.020875362125,0.267609994058));
#232 = CARTESIAN_POINT('',(3.995644452151,0.325514998124));
#233 = CARTESIAN_POINT('',(3.985433134713,0.347007862689));
#234 = CARTESIAN_POINT('',(3.974476405775,0.368216885195));
#235 = CARTESIAN_POINT('',(3.96275966697,0.389119348954));
#236 = CARTESIAN_POINT('',(3.950266746872,0.409692065296));
#237 = CARTESIAN_POINT('',(3.936980167331,0.429911025638));
#238 = CARTESIAN_POINT('',(3.922881617715,0.449751129733));
#239 = CARTESIAN_POINT('',(3.891392962359,0.490743722232));
#240 = CARTESIAN_POINT('',(3.873811388418,0.511803043146));
#241 = CARTESIAN_POINT('',(3.855182432188,0.532328247061));
#242 = CARTESIAN_POINT('',(3.835480139027,0.552281973421));
#243 = CARTESIAN_POINT('',(3.81467915665,0.571624690746));
#244 = CARTESIAN_POINT('',(3.792756508932,0.590314455463));
#245 = CARTESIAN_POINT('',(3.769694069612,0.608306945715));
#246 = CARTESIAN_POINT('',(3.689114412442,0.665711753296));
#247 = CARTESIAN_POINT('',(3.626523949999,0.701831481714));
#248 = CARTESIAN_POINT('',(3.557568017059,0.733339401162));
#249 = CARTESIAN_POINT('',(3.482375112303,0.759592740433));
#250 = CARTESIAN_POINT('',(3.401434788413,0.779906806332));
#251 = CARTESIAN_POINT('',(3.316227598878,0.793648032773));
#252 = CARTESIAN_POINT('',(3.22891150395,0.80051961277));
#253 = CARTESIAN_POINT('',(3.14159265359,0.80051961277));
#254 = ( GEOMETRIC_REPRESENTATION_CONTEXT(2) 
PARAMETRIC_REPRESENTATION_CONTEXT() REPRESENTATION_CONTEXT('2D SPACE',''
  ) );
#255 = ORIENTED_EDGE('',*,*,#256,.T.);
#256 = EDGE_CURVE('',#148,#257,#259,.T.);
#257 = VERTEX_POINT('',#258);
#258 = CARTESIAN_POINT('',(5.388445916248E-15,-1.499759782662E-30,70.));
#259 = SEAM_CURVE('',#260,(#264,#271),.PCURVE_S1.);
#260 = ( BOUNDED_CURVE() B_SPLINE_CURVE(2,(#261,#262,#263),
.UNSPECIFIED.,.F.,.F.) B_SPLINE_CURVE_WITH_KNOTS((3,3),(6.28318530718,
7.853981633974),.PIECEWISE_BEZIER_KNOTS.) CURVE() 
GEOMETRIC_REPRESENTATION_ITEM() RATIONAL_B_SPLINE_CURVE((1.,
0.707106781187,1.)) REPRESENTATION_ITEM('') );
#261 = CARTESIAN_POINT('',(88.,-2.449293598295E-14,0.));
#262 = CARTESIAN_POINT('',(88.,-2.449293598295E-14,70.));
#263 = CARTESIAN_POINT('',(5.388445916248E-15,-1.499759782662E-30,70.));
#264 = PCURVE('',#32,#265);
#265 = DEFINITIONAL_REPRESENTATION('',(#266),#270);
#266 = B_SPLINE_CURVE_WITH_KNOTS('',2,(#267,#268,#269),.UNSPECIFIED.,.F.
  ,.F.,(3,3),(6.28318530718,7.853981633974),.PIECEWISE_BEZIER_KNOTS.);
#267 = CARTESIAN_POINT('',(0.,0.));
#268 = CARTESIAN_POINT('',(8.881784197001E-16,0.785398163397));
#269 = CARTESIAN_POINT('',(0.,1.570796326795));
#270 = ( GEOMETRIC_REPRESENTATION_CONTEXT(2) 
PARAMETRIC_REPRESENTATION_CONTEXT() REPRESENTATION_CONTEXT('2D SPACE',''
  ) );
#271 = PCURVE('',#32,#272);
#272 = DEFINITIONAL_REPRESENTATION('',(#273),#277);
#273 = B_SPLINE_CURVE_WITH_KNOTS('',2,(#274,#275,#276),.UNSPECIFIED.,.F.
  ,.F.,(3,3),(6.28318530718,7.853981633974),.PIECEWISE_BEZIER_KNOTS.);
#274 = CARTESIAN_POINT('',(6.28318530718,0.));
#275 = CARTESIAN_POINT('',(6.28318530718,0.785398163397));
#276 = CARTESIAN_POINT('',(6.28318530718,1.570796326795));
#277 = ( GEOMETRIC_REPRESENTATION_CONTEXT(2) 
PARAMETRIC_REPRESENTATION_CONTEXT() REPRESENTATION_CONTEXT('2D SPACE',''
  ) );
#278 = ORIENTED_EDGE('',*,*,#256,.F.);
#279 = ORIENTED_EDGE('',*,*,#280,.F.);
#280 = EDGE_CURVE('',#281,#148,#283,.T.);
#281 = VERTEX_POINT('',#282);
#282 = CARTESIAN_POINT('',(84.939375315168,25.754966572317,
    3.144695226409));
#283 = SURFACE_CURVE('',#284,(#315,#349),.PCURVE_S1.);
#284 = B_SPLINE_CURVE_WITH_KNOTS('',8,(#285,#286,#287,#288,#289,#290,
    #291,#292,#293,#294,#295,#296,#297,#298,#299,#300,#301,#302,#303,
    #304,#305,#306,#307,#308,#309,#310,#311,#312,#313,#314),
  .UNSPECIFIED.,.F.,.F.,(9,7,7,7,9),(0.,0.261562785458,0.418959594412,
    0.593548872948,1.),.UNSPECIFIED.);
#285 = CARTESIAN_POINT('',(84.939375315168,25.754966572317,
    3.144695226409));
#286 = CARTESIAN_POINT('',(84.877007343795,25.708976649613,
    4.395172449646));
#287 = CARTESIAN_POINT('',(84.800347681248,25.582793752418,
    5.642171631252));
#288 = CARTESIAN_POINT('',(84.709852161825,25.376719305438,
    6.879212777936));
#289 = CARTESIAN_POINT('',(84.606372011199,25.091921035377,
    8.100244505727));
#290 = CARTESIAN_POINT('',(84.491108579161,24.730237335457,
    9.299597903724));
#291 = CARTESIAN_POINT('',(84.365557365109,24.294088122962,
    10.471962805585));
#292 = CARTESIAN_POINT('',(84.231443983828,23.786456545002,
    11.61238090244));
#293 = CARTESIAN_POINT('',(84.005934023919,22.864565192932,
    13.380509359358));
#294 = CARTESIAN_POINT('',(83.918785334763,22.493587076848,
    14.031616940512));
#295 = CARTESIAN_POINT('',(83.829611619853,22.098708981396,
    14.66861924398));
#296 = CARTESIAN_POINT('',(83.738831237546,21.680713536455,
    15.290641145751));
#297 = CARTESIAN_POINT('',(83.646871852452,21.240419943817,
    15.896879345953));
#298 = CARTESIAN_POINT('',(83.554164863511,20.778676985932,
    16.486596827068));
#299 = CARTESIAN_POINT('',(83.461140344029,20.296357659439,
    17.059118452595));
#300 = CARTESIAN_POINT('',(83.265155216933,19.237519452901,
    18.229127908363));
#301 = CARTESIAN_POINT('',(83.162218254949,18.656460722237,
    18.822517416959));
#302 = CARTESIAN_POINT('',(83.059988957274,18.052389152291,
    19.393163760169));
#303 = CARTESIAN_POINT('',(82.959034368414,17.426534914767,
    19.940329240549));
#304 = CARTESIAN_POINT('',(82.85990414343,16.780140883142,
    20.463361008813));
#305 = CARTESIAN_POINT('',(82.763124590755,16.114456118579,
    20.961682492594));
#306 = CARTESIAN_POINT('',(82.669193842198,15.430730400883,
    21.434786180139));
#307 = CARTESIAN_POINT('',(82.367621037077,13.099368619324,
    22.923890428761));
#308 = CARTESIAN_POINT('',(82.174661369197,11.377739121335,
    23.826318962729));
#309 = CARTESIAN_POINT('',(82.005531406582,9.580768422193,
    24.584181268042));
#310 = CARTESIAN_POINT('',(81.865167081827,7.723880535333,
    25.193705820168));
#311 = CARTESIAN_POINT('',(81.757365989524,5.822377005531,
    25.652341202515));
#312 = CARTESIAN_POINT('',(81.684664950748,3.891360820034,
    25.958558372966));
#313 = CARTESIAN_POINT('',(81.648313295912,1.945698330047,
    26.111671602223));
#314 = CARTESIAN_POINT('',(81.648313295912,0.,26.111671602223));
#315 = PCURVE('',#32,#316);
#316 = DEFINITIONAL_REPRESENTATION('',(#317),#348);
#317 = B_SPLINE_CURVE_WITH_KNOTS('',8,(#318,#319,#320,#321,#322,#323,
    #324,#325,#326,#327,#328,#329,#330,#331,#332,#333,#334,#335,#336,
    #337,#338,#339,#340,#341,#342,#343,#344,#345,#346,#347),
  .UNSPECIFIED.,.F.,.F.,(9,7,7,7,9),(0.,0.261562785458,0.418959594412,
    0.593548872948,1.),.UNSPECIFIED.);
#318 = CARTESIAN_POINT('',(0.294787186935,4.946301949326E-02));
#319 = CARTESIAN_POINT('',(0.294508797718,6.897010875563E-02));
#320 = CARTESIAN_POINT('',(0.293449977103,8.828613907738E-02));
#321 = CARTESIAN_POINT('',(0.291609151369,0.107327320794));
#322 = CARTESIAN_POINT('',(0.288987899486,0.126019624742));
#323 = CARTESIAN_POINT('',(0.285589293632,0.144296055477));
#324 = CARTESIAN_POINT('',(0.281417875942,0.162094716184));
#325 = CARTESIAN_POINT('',(0.276480814235,0.179357582557));
#326 = CARTESIAN_POINT('',(0.267365168716,0.206062561144));
#327 = CARTESIAN_POINT('',(0.263667109279,0.215882631113));
#328 = CARTESIAN_POINT('',(0.25969774678,0.225478919548));
#329 = CARTESIAN_POINT('',(0.255459492347,0.234841137029));
#330 = CARTESIAN_POINT('',(0.250955053365,0.243959746357));
#331 = CARTESIAN_POINT('',(0.246187478947,0.252825850343));
#332 = CARTESIAN_POINT('',(0.241160220115,0.261431119056));
#333 = CARTESIAN_POINT('',(0.23001712489,0.279015005745));
#334 = CARTESIAN_POINT('',(0.223842310477,0.287931815455));
#335 = CARTESIAN_POINT('',(0.21735802076,0.296507680583));
#336 = CARTESIAN_POINT('',(0.210570112249,0.304732987882));
#337 = CARTESIAN_POINT('',(0.203485142312,0.31259889506));
#338 = CARTESIAN_POINT('',(0.196110457599,0.320097249294));
#339 = CARTESIAN_POINT('',(0.188454267226,0.327220545134));
#340 = CARTESIAN_POINT('',(0.162067666933,0.349656127982));
#341 = CARTESIAN_POINT('',(0.142136087348,0.363278137546));
#342 = CARTESIAN_POINT('',(0.120843243813,0.374745476926));
#343 = CARTESIAN_POINT('',(9.832894076637E-02,0.383990084874));
#344 = CARTESIAN_POINT('',(7.476637625276E-02,0.390958408273));
#345 = CARTESIAN_POINT('',(5.036395182597E-02,0.395614996968));
#346 = CARTESIAN_POINT('',(2.535764672803E-02,0.397943364381));
#347 = CARTESIAN_POINT('',(0.,0.397943364381));
#348 = ( GEOMETRIC_REPRESENTATION_CONTEXT(2) 
PARAMETRIC_REPRESENTATION_CONTEXT() REPRESENTATION_CONTEXT('2D SPACE',''
  ) );
#349 = PCURVE('',#217,#350);
#350 = DEFINITIONAL_REPRESENTATION('',(#351),#382);
#351 = B_SPLINE_CURVE_WITH_KNOTS('',8,(#352,#353,#354,#355,#356,#357,
    #358,#359,#360,#361,#362,#363,#364,#365,#366,#367,#368,#369,#370,
    #371,#372,#373,#374,#375,#376,#377,#378,#379,#380,#381),
  .UNSPECIFIED.,.F.,.F.,(9,7,7,7,9),(0.,0.261562785458,0.418959594412,
    0.593548872948,1.),.UNSPECIFIED.);
#352 = CARTESIAN_POINT('',(2.206182267143,0.));
#353 = CARTESIAN_POINT('',(2.208603857216,3.907741322616E-02));
#354 = CARTESIAN_POINT('',(2.212872211015,7.804613504443E-02));
#355 = CARTESIAN_POINT('',(2.218987142064,0.116794612006));
#356 = CARTESIAN_POINT('',(2.226958643598,0.155222499791));
#357 = CARTESIAN_POINT('',(2.236809770591,0.193233525572));
#358 = CARTESIAN_POINT('',(2.248577368473,0.230730258419));
#359 = CARTESIAN_POINT('',(2.262309945055,0.267609994059));
#360 = CARTESIAN_POINT('',(2.287540855029,0.325514998125));
#361 = CARTESIAN_POINT('',(2.297752172467,0.34700786269));
#362 = CARTESIAN_POINT('',(2.308708901405,0.368216885196));
#363 = CARTESIAN_POINT('',(2.32042564021,0.389119348955));
#364 = CARTESIAN_POINT('',(2.332918560308,0.409692065296));
#365 = CARTESIAN_POINT('',(2.346205139849,0.429911025638));
#366 = CARTESIAN_POINT('',(2.360303689465,0.449751129734));
#367 = CARTESIAN_POINT('',(2.391792344822,0.490743722233));
#368 = CARTESIAN_POINT('',(2.409373918762,0.511803043147));
#369 = CARTESIAN_POINT('',(2.428002874993,0.532328247062));
#370 = CARTESIAN_POINT('',(2.447705168153,0.552281973422));
#371 = CARTESIAN_POINT('',(2.468506150531,0.571624690747));
#372 = CARTESIAN_POINT('',(2.490428798249,0.590314455464));
#373 = CARTESIAN_POINT('',(2.513491237568,0.608306945716));
#374 = CARTESIAN_POINT('',(2.594070894739,0.665711753296));
#375 = CARTESIAN_POINT('',(2.656661357182,0.701831481715));
#376 = CARTESIAN_POINT('',(2.725617290121,0.733339401162));
#377 = CARTESIAN_POINT('',(2.800810194879,0.759592740433));
#378 = CARTESIAN_POINT('',(2.881750518766,0.779906806332));
#379 = CARTESIAN_POINT('',(2.966957708303,0.793648032773));
#380 = CARTESIAN_POINT('',(3.05427380323,0.80051961277));
#381 = CARTESIAN_POINT('',(3.14159265359,0.80051961277));
#382 = ( GEOMETRIC_REPRESENTATION_CONTEXT(2) 
PARAMETRIC_REPRESENTATION_CONTEXT() REPRESENTATION_CONTEXT('2D SPACE',''
  ) );
#383 = ORIENTED_EDGE('',*,*,#384,.T.);
#384 = EDGE_CURVE('',#281,#24,#385,.T.);
#385 = SURFACE_CURVE('',#386,(#394,#405),.PCURVE_S1.);
#386 = B_SPLINE_CURVE_WITH_KNOTS('',6,(#387,#388,#389,#390,#391,#392,
    #393),.UNSPECIFIED.,.F.,.F.,(7,7),(0.,1.),.PIECEWISE_BEZIER_KNOTS.);
#387 = CARTESIAN_POINT('',(83.278962366756,32.,3.144695226409));
#388 = CARTESIAN_POINT('',(84.821299546735,26.816783963054,
    3.144695226409));
#389 = CARTESIAN_POINT('',(86.056672948383,21.542500440211,
    3.144695226409));
#390 = CARTESIAN_POINT('',(86.983829898051,16.20095395203,3.144695226409
    ));
#391 = CARTESIAN_POINT('',(87.602034411598,10.815227227341,
    3.144695226409));
#392 = CARTESIAN_POINT('',(87.911154996869,5.40770242716,3.144695226409)
  );
#393 = CARTESIAN_POINT('',(87.911154996869,-7.234675288765E-15,
    3.144695226409));
#394 = PCURVE('',#32,#395);
#395 = DEFINITIONAL_REPRESENTATION('',(#396),#404);
#396 = B_SPLINE_CURVE_WITH_KNOTS('',6,(#397,#398,#399,#400,#401,#402,
    #403),.UNSPECIFIED.,.F.,.F.,(7,7),(0.,1.),.PIECEWISE_BEZIER_KNOTS.);
#397 = CARTESIAN_POINT('',(0.363311482612,4.946301949326E-02));
#398 = CARTESIAN_POINT('',(0.30657866953,4.946301949326E-02));
#399 = CARTESIAN_POINT('',(0.248703962959,4.946301949326E-02));
#400 = CARTESIAN_POINT('',(0.189425932968,4.946301949326E-02));
#401 = CARTESIAN_POINT('',(0.128455069745,4.946301949326E-02));
#402 = CARTESIAN_POINT('',(6.545599935705E-02,4.946301949326E-02));
#403 = CARTESIAN_POINT('',(0.,4.946301949326E-02));
#404 = ( GEOMETRIC_REPRESENTATION_CONTEXT(2) 
PARAMETRIC_REPRESENTATION_CONTEXT() REPRESENTATION_CONTEXT('2D SPACE',''
  ) );
#405 = PCURVE('',#131,#406);
#406 = DEFINITIONAL_REPRESENTATION('',(#407),#415);
#407 = B_SPLINE_CURVE_WITH_KNOTS('',6,(#408,#409,#410,#411,#412,#413,
    #414),.UNSPECIFIED.,.F.,.F.,(7,7),(0.,1.),.PIECEWISE_BEZIER_KNOTS.);
#408 = CARTESIAN_POINT('',(-20.65203470272,32.));
#409 = CARTESIAN_POINT('',(-19.10969752274,26.816783963054));
#410 = CARTESIAN_POINT('',(-17.87432412109,21.542500440211));
#411 = CARTESIAN_POINT('',(-16.94716717142,16.20095395203));
#412 = CARTESIAN_POINT('',(-16.32896265788,10.815227227341));
#413 = CARTESIAN_POINT('',(-16.01984207261,5.40770242716));
#414 = CARTESIAN_POINT('',(-16.01984207261,-1.421550093299E-14));
#415 = ( GEOMETRIC_REPRESENTATION_CONTEXT(2) 
PARAMETRIC_REPRESENTATION_CONTEXT() REPRESENTATION_CONTEXT('2D SPACE',''
  ) );
#416 = FACE_BOUND('',#417,.T.);
#417 = EDGE_LOOP('',(#418,#475,#584));
#418 = ORIENTED_EDGE('',*,*,#419,.T.);
#419 = EDGE_CURVE('',#420,#422,#424,.T.);
#420 = VERTEX_POINT('',#421);
#421 = CARTESIAN_POINT('',(-84.93937531516,-25.75496657231,
    3.144695226409));
#422 = VERTEX_POINT('',#423);
#423 = CARTESIAN_POINT('',(-84.93937531516,25.754966572317,
    3.144695226409));
#424 = SURFACE_CURVE('',#425,(#438,#454),.PCURVE_S1.);
#425 = B_SPLINE_CURVE_WITH_KNOTS('',6,(#426,#427,#428,#429,#430,#431,
    #432,#433,#434,#435,#436,#437),.UNSPECIFIED.,.F.,.F.,(7,5,7),(0.,0.5
    ,1.),.UNSPECIFIED.);
#426 = CARTESIAN_POINT('',(-83.27896236675,-32.,3.144695226409));
#427 = CARTESIAN_POINT('',(-84.8212832883,-26.81683860154,3.144695226409
    ));
#428 = CARTESIAN_POINT('',(-86.05665371365,-21.54258873318,
    3.144695226409));
#429 = CARTESIAN_POINT('',(-86.98381484016,-16.20105641703,
    3.144695226409));
#430 = CARTESIAN_POINT('',(-87.60202701076,-10.81532326211,
    3.144695226409));
#431 = CARTESIAN_POINT('',(-87.91115499686,-5.407767234078,
    3.144695226409));
#432 = CARTESIAN_POINT('',(-87.91115499687,5.407767234051,3.144695226409
    ));
#433 = CARTESIAN_POINT('',(-87.60202701076,10.815323262104,
    3.144695226409));
#434 = CARTESIAN_POINT('',(-86.98381484016,16.201056417008,
    3.144695226409));
#435 = CARTESIAN_POINT('',(-86.05665371365,21.542588733183,
    3.144695226409));
#436 = CARTESIAN_POINT('',(-84.8212832883,26.816838601538,3.144695226409
    ));
#437 = CARTESIAN_POINT('',(-83.27896236675,32.,3.144695226409));
#438 = PCURVE('',#32,#439);
#439 = DEFINITIONAL_REPRESENTATION('',(#440),#453);
#440 = B_SPLINE_CURVE_WITH_KNOTS('',6,(#441,#442,#443,#444,#445,#446,
    #447,#448,#449,#450,#451,#452),.UNSPECIFIED.,.F.,.F.,(7,5,7),(0.,0.5
    ,1.),.UNSPECIFIED.);
#441 = CARTESIAN_POINT('',(3.43995444505,4.946301949326E-02));
#442 = CARTESIAN_POINT('',(3.388939591885,4.946301949326E-02));
#443 = CARTESIAN_POINT('',(3.338713471262,4.946301949326E-02));
#444 = CARTESIAN_POINT('',(3.289056797766,4.946301949326E-02));
#445 = CARTESIAN_POINT('',(3.239775933909,4.946301949326E-02));
#446 = CARTESIAN_POINT('',(3.190685241435,4.946301949326E-02));
#447 = CARTESIAN_POINT('',(3.092500065745,4.946301949326E-02));
#448 = CARTESIAN_POINT('',(3.043409373271,4.946301949326E-02));
#449 = CARTESIAN_POINT('',(2.994128509414,4.946301949326E-02));
#450 = CARTESIAN_POINT('',(2.944471835917,4.946301949326E-02));
#451 = CARTESIAN_POINT('',(2.894245715294,4.946301949326E-02));
#452 = CARTESIAN_POINT('',(2.84323086213,4.946301949326E-02));
#453 = ( GEOMETRIC_REPRESENTATION_CONTEXT(2) 
PARAMETRIC_REPRESENTATION_CONTEXT() REPRESENTATION_CONTEXT('2D SPACE',''
  ) );
#454 = PCURVE('',#455,#460);
#455 = PLANE('',#456);
#456 = AXIS2_PLACEMENT_3D('',#457,#458,#459);
#457 = CARTESIAN_POINT('',(-103.9309970694,-2.094247693266E-14,
    3.144695226409));
#458 = DIRECTION('',(0.,0.,1.));
#459 = DIRECTION('',(1.,0.,-0.));
#460 = DEFINITIONAL_REPRESENTATION('',(#461),#474);
#461 = B_SPLINE_CURVE_WITH_KNOTS('',6,(#462,#463,#464,#465,#466,#467,
    #468,#469,#470,#471,#472,#473),.UNSPECIFIED.,.F.,.F.,(7,5,7),(0.,0.5
    ,1.),.UNSPECIFIED.);
#462 = CARTESIAN_POINT('',(20.652034702724,-32.));
#463 = CARTESIAN_POINT('',(19.109713781178,-26.81683860154));
#464 = CARTESIAN_POINT('',(17.874343355823,-21.54258873318));
#465 = CARTESIAN_POINT('',(16.947182229319,-16.20105641703));
#466 = CARTESIAN_POINT('',(16.328970058719,-10.81532326211));
#467 = CARTESIAN_POINT('',(16.019842072611,-5.407767234078));
#468 = CARTESIAN_POINT('',(16.01984207261,5.407767234051));
#469 = CARTESIAN_POINT('',(16.328970058717,10.815323262104));
#470 = CARTESIAN_POINT('',(16.947182229315,16.201056417009));
#471 = CARTESIAN_POINT('',(17.874343355822,21.542588733183));
#472 = CARTESIAN_POINT('',(19.109713781176,26.816838601538));
#473 = CARTESIAN_POINT('',(20.652034702724,32.));
#474 = ( GEOMETRIC_REPRESENTATION_CONTEXT(2) 
PARAMETRIC_REPRESENTATION_CONTEXT() REPRESENTATION_CONTEXT('2D SPACE',''
  ) );
#475 = ORIENTED_EDGE('',*,*,#476,.T.);
#476 = EDGE_CURVE('',#422,#477,#479,.T.);
#477 = VERTEX_POINT('',#478);
#478 = CARTESIAN_POINT('',(-81.64831329591,-2.64001604046E-14,
    26.111671602223));
#479 = SURFACE_CURVE('',#480,(#511,#545),.PCURVE_S1.);
#480 = B_SPLINE_CURVE_WITH_KNOTS('',8,(#481,#482,#483,#484,#485,#486,
    #487,#488,#489,#490,#491,#492,#493,#494,#495,#496,#497,#498,#499,
    #500,#501,#502,#503,#504,#505,#506,#507,#508,#509,#510),
  .UNSPECIFIED.,.F.,.F.,(9,7,7,7,9),(0.,0.261564709588,0.419017399307,
    0.593784735307,1.),.UNSPECIFIED.);
#481 = CARTESIAN_POINT('',(-84.93937531516,25.754966572317,
    3.144695226409));
#482 = CARTESIAN_POINT('',(-84.87700779742,25.708976984118,
    4.395163354371));
#483 = CARTESIAN_POINT('',(-84.80034879537,25.582795587245,5.64215351197
    ));
#484 = CARTESIAN_POINT('',(-84.70985412405,25.376723788794,
    6.879186017345));
#485 = CARTESIAN_POINT('',(-84.60637496884,25.091929212981,
    8.100209755614));
#486 = CARTESIAN_POINT('',(-84.49111262283,24.730250086638,
    9.299556048588));
#487 = CARTESIAN_POINT('',(-84.36556251769,24.294106104382,
    10.471914928246));
#488 = CARTESIAN_POINT('',(-84.23145019557,23.786480133378,
    11.612328248479));
#489 = CARTESIAN_POINT('',(-84.00591228389,22.864477405806,
    13.380682191476));
#490 = CARTESIAN_POINT('',(-83.91873297304,22.493365154165,
    14.032010009562));
#491 = CARTESIAN_POINT('',(-83.8295273108,22.098336504079,
    14.669222919407));
#492 = CARTESIAN_POINT('',(-83.73871408354,21.68017484221,
    15.291444924748));
#493 = CARTESIAN_POINT('',(-83.64672139599,21.239700170494,
    15.897871943881));
#494 = CARTESIAN_POINT('',(-83.55398109032,20.777762103835,
    16.487766258551));
#495 = CARTESIAN_POINT('',(-83.46092367822,20.295234495522,
    17.060452105364));
#496 = CARTESIAN_POINT('',(-83.26480244549,19.235560802161,
    18.231189200474));
#497 = CARTESIAN_POINT('',(-83.16176264148,18.65383980687,
    18.825109935304));
#498 = CARTESIAN_POINT('',(-83.05943345516,18.04906220616,
    19.396239739836));
#499 = CARTESIAN_POINT('',(-82.95838361666,17.422461832737,
    19.943838867232));
#500 = CARTESIAN_POINT('',(-82.85916438679,16.775285259063,
    20.46725272508));
#501 = CARTESIAN_POINT('',(-82.76230357248,16.108785256185,
    20.965903264287));
#502 = CARTESIAN_POINT('',(-82.66830067563,15.424215302658,
    21.439281729948));
#503 = CARTESIAN_POINT('',(-82.36685962284,13.092569767209,
    22.927450421393));
#504 = CARTESIAN_POINT('',(-82.17409221709,11.371681971529,
    23.828868286237));
#505 = CARTESIAN_POINT('',(-82.0051399889,9.575576755622,24.585880531759
    ));
#506 = CARTESIAN_POINT('',(-81.86492794974,7.719647840835,
    25.194723074389));
#507 = CARTESIAN_POINT('',(-81.75724572449,5.819168767555,
    25.652847755881));
#508 = CARTESIAN_POINT('',(-81.68462510552,3.889216351404,
    25.958726202678));
#509 = CARTESIAN_POINT('',(-81.64831329591,1.944631705697,
    26.111671602223));
#510 = CARTESIAN_POINT('',(-81.64831329591,-1.717772732963E-14,
    26.111671602223));
#511 = PCURVE('',#32,#512);
#512 = DEFINITIONAL_REPRESENTATION('',(#513),#544);
#513 = B_SPLINE_CURVE_WITH_KNOTS('',8,(#514,#515,#516,#517,#518,#519,
    #520,#521,#522,#523,#524,#525,#526,#527,#528,#529,#530,#531,#532,
    #533,#534,#535,#536,#537,#538,#539,#540,#541,#542,#543),
  .UNSPECIFIED.,.F.,.F.,(9,7,7,7,9),(0.,0.261564709588,0.419017399307,
    0.593784735307,1.),.UNSPECIFIED.);
#514 = CARTESIAN_POINT('',(2.903765087304,4.946301949326E-02));
#515 = CARTESIAN_POINT('',(2.904006686321,6.896996687191E-02));
#516 = CARTESIAN_POINT('',(2.904925534983,8.828585841175E-02));
#517 = CARTESIAN_POINT('',(2.906522614025,0.107326908921));
#518 = CARTESIAN_POINT('',(2.908794638617,0.126019092858));
#519 = CARTESIAN_POINT('',(2.91173551679,0.144295417788));
#520 = CARTESIAN_POINT('',(2.915336413714,0.162093989432));
#521 = CARTESIAN_POINT('',(2.919584878562,0.179356785584));
#522 = CARTESIAN_POINT('',(2.927400242422,0.206065172549));
#523 = CARTESIAN_POINT('',(2.930565702336,0.215888560124));
#524 = CARTESIAN_POINT('',(2.933956409267,0.225488014228));
#525 = CARTESIAN_POINT('',(2.93756852535,0.234853235188));
#526 = CARTESIAN_POINT('',(2.941397824446,0.243974676452));
#527 = CARTESIAN_POINT('',(2.945439672196,0.252843432203));
#528 = CARTESIAN_POINT('',(2.949688997723,0.261451164489));
#529 = CARTESIAN_POINT('',(2.959081009185,0.279045982155));
#530 = CARTESIAN_POINT('',(2.964270594707,0.287970774468));
#531 = CARTESIAN_POINT('',(2.969701517552,0.296553910959));
#532 = CARTESIAN_POINT('',(2.975365667248,0.304785750749));
#533 = CARTESIAN_POINT('',(2.981254274713,0.312657426566));
#534 = CARTESIAN_POINT('',(2.987357887921,0.320160762942));
#535 = CARTESIAN_POINT('',(2.993666367364,0.327288233988));
#536 = CARTESIAN_POINT('',(3.015282872938,0.349709866066));
#537 = CARTESIAN_POINT('',(3.031443010614,0.363316712696));
#538 = CARTESIAN_POINT('',(3.048516031177,0.374771250208));
#539 = CARTESIAN_POINT('',(3.06634850306,0.384005540655));
#540 = CARTESIAN_POINT('',(3.084766071336,0.390966111449));
#541 = CARTESIAN_POINT('',(3.103577494168,0.395617549089));
#542 = CARTESIAN_POINT('',(3.122584844267,0.397943364381));
#543 = CARTESIAN_POINT('',(3.14159265359,0.397943364381));
#544 = ( GEOMETRIC_REPRESENTATION_CONTEXT(2) 
PARAMETRIC_REPRESENTATION_CONTEXT() REPRESENTATION_CONTEXT('2D SPACE',''
  ) );
#545 = PCURVE('',#546,#551);
#546 = SPHERICAL_SURFACE('',#547,32.);
#547 = AXIS2_PLACEMENT_3D('',#548,#549,#550);
#548 = CARTESIAN_POINT('',(-103.9309970694,-2.094247693266E-14,
    3.144695226409));
#549 = DIRECTION('',(0.,0.,1.));
#550 = DIRECTION('',(1.,0.,-0.));
#551 = DEFINITIONAL_REPRESENTATION('',(#552),#583);
#552 = B_SPLINE_CURVE_WITH_KNOTS('',8,(#553,#554,#555,#556,#557,#558,
    #559,#560,#561,#562,#563,#564,#565,#566,#567,#568,#569,#570,#571,
    #572,#573,#574,#575,#576,#577,#578,#579,#580,#581,#582),
  .UNSPECIFIED.,.F.,.F.,(9,7,7,7,9),(0.,0.261564709588,0.419017399307,
    0.593784735307,1.),.UNSPECIFIED.);
#553 = CARTESIAN_POINT('',(0.935410386447,0.));
#554 = CARTESIAN_POINT('',(0.932988813987,3.907712899879E-02));
#555 = CARTESIAN_POINT('',(0.928720504628,7.804556881731E-02));
#556 = CARTESIAN_POINT('',(0.922605644395,0.116793773752));
#557 = CARTESIAN_POINT('',(0.914634238573,0.15522140599));
#558 = CARTESIAN_POINT('',(0.904783229998,0.193232198602));
#559 = CARTESIAN_POINT('',(0.893015770222,0.230728726327));
#560 = CARTESIAN_POINT('',(0.87928334698,0.267608290483));
#561 = CARTESIAN_POINT('',(0.854049400243,0.325520645736));
#562 = CARTESIAN_POINT('',(0.843834378184,0.347020826207));
#563 = CARTESIAN_POINT('',(0.832873423353,0.368236974274));
#564 = CARTESIAN_POINT('',(0.821151919937,0.389146350411));
#565 = CARTESIAN_POINT('',(0.808653676583,0.409725742202));
#566 = CARTESIAN_POINT('',(0.795361193184,0.429951115806));
#567 = CARTESIAN_POINT('',(0.781256136027,0.449797343751));
#568 = CARTESIAN_POINT('',(0.749741422479,0.490816511665));
#569 = CARTESIAN_POINT('',(0.732138793809,0.511895547379));
#570 = CARTESIAN_POINT('',(0.713486569528,0.532439299476));
#571 = CARTESIAN_POINT('',(0.693758711181,0.552410288832));
#572 = CARTESIAN_POINT('',(0.67292978745,0.571768855014));
#573 = CARTESIAN_POINT('',(0.650976758327,0.590472914227));
#574 = CARTESIAN_POINT('',(0.627881463655,0.608477994115));
#575 = CARTESIAN_POINT('',(0.547274516756,0.665854270619));
#576 = CARTESIAN_POINT('',(0.484698736522,0.701937505071));
#577 = CARTESIAN_POINT('',(0.415765119129,0.733412631858));
#578 = CARTESIAN_POINT('',(0.340602003798,0.759637779792));
#579 = CARTESIAN_POINT('',(0.259700727384,0.779929559031));
#580 = CARTESIAN_POINT('',(0.17453864301,0.793655557514));
#581 = CARTESIAN_POINT('',(8.727098250184E-02,0.80051961277));
#582 = CARTESIAN_POINT('',(0.,0.80051961277));
#583 = ( GEOMETRIC_REPRESENTATION_CONTEXT(2) 
PARAMETRIC_REPRESENTATION_CONTEXT() REPRESENTATION_CONTEXT('2D SPACE',''
  ) );
#584 = ORIENTED_EDGE('',*,*,#585,.T.);
#585 = EDGE_CURVE('',#477,#420,#586,.T.);
#586 = SURFACE_CURVE('',#587,(#618,#652),.PCURVE_S1.);
#587 = B_SPLINE_CURVE_WITH_KNOTS('',8,(#588,#589,#590,#591,#592,#593,
    #594,#595,#596,#597,#598,#599,#600,#601,#602,#603,#604,#605,#606,
    #607,#608,#609,#610,#611,#612,#613,#614,#615,#616,#617),
  .UNSPECIFIED.,.F.,.F.,(9,7,7,7,9),(0.,0.409007909828,0.583767057857,
    0.74100772786,1.),.UNSPECIFIED.);
#588 = CARTESIAN_POINT('',(-81.64831329591,-1.7763568394E-14,
    26.111671602223));
#589 = CARTESIAN_POINT('',(-81.64831329591,-1.957996776609,
    26.111671602223));
#590 = CARTESIAN_POINT('',(-81.68512594849,-3.915950482226,
    25.95661665318));
#591 = CARTESIAN_POINT('',(-81.75874849665,-5.858971746901,
    25.646518063737));
#592 = CARTESIAN_POINT('',(-81.86789927378,-7.771907631402,
    25.182081014174));
#593 = CARTESIAN_POINT('',(-82.00997581194,-9.639362592757,
    24.564877524088));
#594 = CARTESIAN_POINT('',(-82.18108298508,-11.44573970311,
    23.797531396156));
#595 = CARTESIAN_POINT('',(-82.37616113028,-13.1753199868,
    22.883921408921));
#596 = CARTESIAN_POINT('',(-82.68028137627,-15.51183674469,
    21.379017651769));
#597 = CARTESIAN_POINT('',(-82.77460438295,-16.19436876761,
    20.902830536317));
#598 = CARTESIAN_POINT('',(-82.8717376102,-16.85871257994,
    20.401421469903));
#599 = CARTESIAN_POINT('',(-82.97117930226,-17.50361475528,
    19.875304668791));
#600 = CARTESIAN_POINT('',(-83.07239969362,-18.12782292396,
    19.325064096005));
#601 = CARTESIAN_POINT('',(-83.17484591789,-18.73009132454,
    18.751360733954));
#602 = CARTESIAN_POINT('',(-83.27794805299,-19.30918742769,
    18.154941233232));
#603 = CARTESIAN_POINT('',(-83.47396159724,-20.36300551473,
    16.980334559067));
#604 = CARTESIAN_POINT('',(-83.56685928374,-20.84237532565,
    16.406308411513));
#605 = CARTESIAN_POINT('',(-83.65939585991,-21.30111956646,
    15.815189666952));
#606 = CARTESIAN_POINT('',(-83.75114231395,-21.73836967333,
    15.207657050955));
#607 = CARTESIAN_POINT('',(-83.84166868508,-22.15328174269,
    14.584451067147));
#608 = CARTESIAN_POINT('',(-83.93054912741,-22.54504189354,
    13.946378358897));
#609 = CARTESIAN_POINT('',(-84.01736747713,-22.91287326698,
    13.294317208181));
#610 = CARTESIAN_POINT('',(-84.24066646076,-23.82128481081,
    11.533744505162));
#611 = CARTESIAN_POINT('',(-84.37295678185,-24.31973664848,
    10.402690144822));
#612 = CARTESIAN_POINT('',(-84.49676993063,-24.74796369663,
    9.240550852835));
#613 = CARTESIAN_POINT('',(-84.61043905314,-25.10308959974,
    8.052157287869));
#614 = CARTESIAN_POINT('',(-84.71252070228,-25.38278195997,
    6.842676916759));
#615 = CARTESIAN_POINT('',(-84.80185551461,-25.58527000966,
    5.617620572954));
#616 = CARTESIAN_POINT('',(-84.87762119128,-25.70942929859,
    4.382864813504));
#617 = CARTESIAN_POINT('',(-84.93937531516,-25.75496657231,
    3.144695226409));
#618 = PCURVE('',#32,#619);
#619 = DEFINITIONAL_REPRESENTATION('',(#620),#651);
#620 = B_SPLINE_CURVE_WITH_KNOTS('',8,(#621,#622,#623,#624,#625,#626,
    #627,#628,#629,#630,#631,#632,#633,#634,#635,#636,#637,#638,#639,
    #640,#641,#642,#643,#644,#645,#646,#647,#648,#649,#650),
  .UNSPECIFIED.,.F.,.F.,(9,7,7,7,9),(0.,0.409007909828,0.583767057857,
    0.74100772786,1.),.UNSPECIFIED.);
#621 = CARTESIAN_POINT('',(3.14159265359,0.397943364381));
#622 = CARTESIAN_POINT('',(3.160731099844,0.397943364381));
#623 = CARTESIAN_POINT('',(3.17986912589,0.395585469493));
#624 = CARTESIAN_POINT('',(3.198807191838,0.390869857087));
#625 = CARTESIAN_POINT('',(3.217343224563,0.383813462937));
#626 = CARTESIAN_POINT('',(3.235282080545,0.374452704307));
#627 = CARTESIAN_POINT('',(3.252446122159,0.362842562045));
#628 = CARTESIAN_POINT('',(3.268679300625,0.349052825943));
#629 = CARTESIAN_POINT('',(3.290326740098,0.326380823342));
#630 = CARTESIAN_POINT('',(3.296612147528,0.319211580078));
#631 = CARTESIAN_POINT('',(3.302691728915,0.311667216206));
#632 = CARTESIAN_POINT('',(3.308555399777,0.303755309795));
#633 = CARTESIAN_POINT('',(3.314193763116,0.29548409076));
#634 = CARTESIAN_POINT('',(3.319598103936,0.286862484182));
#635 = CARTESIAN_POINT('',(3.32476036435,0.277900193805));
#636 = CARTESIAN_POINT('',(3.334093364191,0.260246957617));
#637 = CARTESIAN_POINT('',(3.338311660312,0.251618802807));
#638 = CARTESIAN_POINT('',(3.342322502124,0.24273118636));
#639 = CARTESIAN_POINT('',(3.346120875117,0.233592466897));
#640 = CARTESIAN_POINT('',(3.34970219871,0.224211570318));
#641 = CARTESIAN_POINT('',(3.353062297872,0.214598062968));
#642 = CARTESIAN_POINT('',(3.356197383432,0.204762264231));
#643 = CARTESIAN_POINT('',(3.363891618466,0.178167131701));
#644 = CARTESIAN_POINT('',(3.368060439363,0.161042930266));
#645 = CARTESIAN_POINT('',(3.371593781094,0.143396180276));
#646 = CARTESIAN_POINT('',(3.3744796765,0.125283416235));
#647 = CARTESIAN_POINT('',(3.376709627438,0.106764906528));
#648 = CARTESIAN_POINT('',(3.378277781555,8.790582920529E-02));
#649 = CARTESIAN_POINT('',(3.379180997021,6.877811312998E-02));
#650 = CARTESIAN_POINT('',(3.379420219876,4.946301949326E-02));
#651 = ( GEOMETRIC_REPRESENTATION_CONTEXT(2) 
PARAMETRIC_REPRESENTATION_CONTEXT() REPRESENTATION_CONTEXT('2D SPACE',''
  ) );
#652 = PCURVE('',#653,#658);
#653 = SPHERICAL_SURFACE('',#654,32.);
#654 = AXIS2_PLACEMENT_3D('',#655,#656,#657);
#655 = CARTESIAN_POINT('',(-103.9309970694,-2.094247693266E-14,
    3.144695226409));
#656 = DIRECTION('',(0.,0.,1.));
#657 = DIRECTION('',(1.,0.,-0.));
#658 = DEFINITIONAL_REPRESENTATION('',(#659),#690);
#659 = B_SPLINE_CURVE_WITH_KNOTS('',8,(#660,#661,#662,#663,#664,#665,
    #666,#667,#668,#669,#670,#671,#672,#673,#674,#675,#676,#677,#678,
    #679,#680,#681,#682,#683,#684,#685,#686,#687,#688,#689),
  .UNSPECIFIED.,.F.,.F.,(9,7,7,7,9),(0.,0.409007909828,0.583767057857,
    0.74100772786,1.),.UNSPECIFIED.);
#660 = CARTESIAN_POINT('',(6.28318530718,0.80051961277));
#661 = CARTESIAN_POINT('',(6.195314528394,0.80051961277));
#662 = CARTESIAN_POINT('',(6.10744695556,0.793560880871));
#663 = CARTESIAN_POINT('',(6.021728221976,0.77964552977));
#664 = CARTESIAN_POINT('',(5.940359834013,0.759077852119));
#665 = CARTESIAN_POINT('',(5.864838458747,0.732508233638));
#666 = CARTESIAN_POINT('',(5.795647252404,0.700635218191));
#667 = CARTESIAN_POINT('',(5.732905348674,0.664113010818));
#668 = CARTESIAN_POINT('',(5.652342329949,0.606183953879));
#669 = CARTESIAN_POINT('',(5.629375861326,0.588101034647));
#670 = CARTESIAN_POINT('',(5.607549914665,0.569323481416));
#671 = CARTESIAN_POINT('',(5.58684590458,0.549895575092));
#672 = CARTESIAN_POINT('',(5.567240534051,0.529859203622));
#673 = CARTESIAN_POINT('',(5.548708247218,0.509253841345));
#674 = CARTESIAN_POINT('',(5.531222980501,0.48811680094));
#675 = CARTESIAN_POINT('',(5.499945830174,0.44701928811));
#676 = CARTESIAN_POINT('',(5.485959295408,0.42715310952));
#677 = CARTESIAN_POINT('',(5.472781229019,0.406911435529));
#678 = CARTESIAN_POINT('',(5.460393443928,0.386319207052));
#679 = CARTESIAN_POINT('',(5.448778611041,0.365400289831));
#680 = CARTESIAN_POINT('',(5.437920721271,0.344177747029));
#681 = CARTESIAN_POINT('',(5.42780534324,0.322674187171));
#682 = CARTESIAN_POINT('',(5.402960475651,0.265067836505));
#683 = CARTESIAN_POINT('',(5.38947787102,0.228515156558));
#684 = CARTESIAN_POINT('',(5.377919405425,0.191362410065));
#685 = CARTESIAN_POINT('',(5.368238489155,0.15370922098));
#686 = CARTESIAN_POINT('',(5.360399744575,0.115650207113));
#687 = CARTESIAN_POINT('',(5.35438101399,7.727891468209E-02));
#688 = CARTESIAN_POINT('',(5.350172676665,3.869279959671E-02));
#689 = CARTESIAN_POINT('',(5.347774920733,0.));
#690 = ( GEOMETRIC_REPRESENTATION_CONTEXT(2) 
PARAMETRIC_REPRESENTATION_CONTEXT() REPRESENTATION_CONTEXT('2D SPACE',''
  ) );
#691 = FACE_BOUND('',#692,.T.);
#692 = EDGE_LOOP('',(#693,#783,#862,#950));
#693 = ORIENTED_EDGE('',*,*,#694,.F.);
#694 = EDGE_CURVE('',#695,#697,#699,.T.);
#695 = VERTEX_POINT('',#696);
#696 = CARTESIAN_POINT('',(-30.,-92.6869523819,11.));
#697 = VERTEX_POINT('',#698);
#698 = CARTESIAN_POINT('',(-30.,-93.31236612827,8.));
#699 = SURFACE_CURVE('',#700,(#724,#751),.PCURVE_S1.);
#700 = B_SPLINE_CURVE_WITH_KNOTS('',8,(#701,#702,#703,#704,#705,#706,
    #707,#708,#709,#710,#711,#712,#713,#714,#715,#716,#717,#718,#719,
    #720,#721,#722,#723),.UNSPECIFIED.,.F.,.F.,(9,7,7,9),(0.,
    0.213146132025,0.577655998352,1.),.UNSPECIFIED.);
#701 = CARTESIAN_POINT('',(-30.,-92.6869523819,11.));
#702 = CARTESIAN_POINT('',(-30.,-92.70703185227,10.917096214865));
#703 = CARTESIAN_POINT('',(-30.,-92.72694326367,10.834151726171));
#704 = CARTESIAN_POINT('',(-30.,-92.7466863711,10.751166903511));
#705 = CARTESIAN_POINT('',(-30.,-92.7662609337,10.668142115914));
#706 = CARTESIAN_POINT('',(-30.,-92.78566671475,10.58507773184));
#707 = CARTESIAN_POINT('',(-30.,-92.80490348165,10.501974119182));
#708 = CARTESIAN_POINT('',(-30.,-92.82397100593,10.418831645268));
#709 = CARTESIAN_POINT('',(-30.,-92.87518739944,10.193399520866));
#710 = CARTESIAN_POINT('',(-30.,-92.90697081853,10.051208730011));
#711 = CARTESIAN_POINT('',(-30.,-92.93822051214,9.909079662092));
#712 = CARTESIAN_POINT('',(-30.,-92.96893768019,9.767013667124));
#713 = CARTESIAN_POINT('',(-30.,-92.99912353094,9.625012087346));
#714 = CARTESIAN_POINT('',(-30.,-93.02877928093,9.483076257213));
#715 = CARTESIAN_POINT('',(-30.,-93.05790615506,9.341207503403));
#716 = CARTESIAN_POINT('',(-30.,-93.11964225052,9.035108352342));
#717 = CARTESIAN_POINT('',(-30.,-93.14816035225,8.890289424671));
#718 = CARTESIAN_POINT('',(-30.,-93.17628389343,8.745433897559));
#719 = CARTESIAN_POINT('',(-30.,-93.20585432696,8.590305416024));
#720 = CARTESIAN_POINT('',(-30.,-93.23687348062,8.424211947366));
#721 = CARTESIAN_POINT('',(-30.,-93.26727346227,8.256122668778));
#722 = CARTESIAN_POINT('',(-30.,-93.2939895508,8.105029217743));
#723 = CARTESIAN_POINT('',(-30.,-93.31236612827,8.));
#724 = PCURVE('',#32,#725);
#725 = DEFINITIONAL_REPRESENTATION('',(#726),#750);
#726 = B_SPLINE_CURVE_WITH_KNOTS('',8,(#727,#728,#729,#730,#731,#732,
    #733,#734,#735,#736,#737,#738,#739,#740,#741,#742,#743,#744,#745,
    #746,#747,#748,#749),.UNSPECIFIED.,.F.,.F.,(9,7,7,9),(0.,
    0.213146132025,0.577655998352,1.),.UNSPECIFIED.);
#727 = CARTESIAN_POINT('',(4.38646014809,0.17006345064));
#728 = CARTESIAN_POINT('',(4.386537762906,0.168806762213));
#729 = CARTESIAN_POINT('',(4.386614749261,0.167549194677));
#730 = CARTESIAN_POINT('',(4.38669105798,0.1662907294));
#731 = CARTESIAN_POINT('',(4.386766657908,0.165031354814));
#732 = CARTESIAN_POINT('',(4.386841535912,0.16377106641));
#733 = CARTESIAN_POINT('',(4.386915696874,0.162509866746));
#734 = CARTESIAN_POINT('',(4.386989163697,0.161247765441));
#735 = CARTESIAN_POINT('',(4.387186498815,0.157824895012));
#736 = CARTESIAN_POINT('',(4.387308864503,0.155665011685));
#737 = CARTESIAN_POINT('',(4.38742908457,0.153505129184));
#738 = CARTESIAN_POINT('',(4.38754716909,0.151345247497));
#739 = CARTESIAN_POINT('',(4.387663128009,0.149185366614));
#740 = CARTESIAN_POINT('',(4.387776971149,0.147025486525));
#741 = CARTESIAN_POINT('',(4.387888708201,0.144865607219));
#742 = CARTESIAN_POINT('',(4.388125385131,0.140203157902));
#743 = CARTESIAN_POINT('',(4.388234825683,0.137996026101));
#744 = CARTESIAN_POINT('',(4.388341462021,0.135786761772));
#745 = CARTESIAN_POINT('',(4.388456886869,0.133421655188));
#746 = CARTESIAN_POINT('',(4.388572547046,0.130884852009));
#747 = CARTESIAN_POINT('',(4.388690889624,0.128318400582));
#748 = CARTESIAN_POINT('',(4.388791993555,0.126008346291));
#749 = CARTESIAN_POINT('',(4.388862117496,0.124402471926));
#750 = ( GEOMETRIC_REPRESENTATION_CONTEXT(2) 
PARAMETRIC_REPRESENTATION_CONTEXT() REPRESENTATION_CONTEXT('2D SPACE',''
  ) );
#751 = PCURVE('',#752,#757);
#752 = PLANE('',#753);
#753 = AXIS2_PLACEMENT_3D('',#754,#755,#756);
#754 = CARTESIAN_POINT('',(-30.,-101.,8.));
#755 = DIRECTION('',(1.,0.,-0.));
#756 = DIRECTION('',(0.,0.,1.));
#757 = DEFINITIONAL_REPRESENTATION('',(#758),#782);
#758 = B_SPLINE_CURVE_WITH_KNOTS('',8,(#759,#760,#761,#762,#763,#764,
    #765,#766,#767,#768,#769,#770,#771,#772,#773,#774,#775,#776,#777,
    #778,#779,#780,#781),.UNSPECIFIED.,.F.,.F.,(9,7,7,9),(0.,
    0.213146132025,0.577655998352,1.),.UNSPECIFIED.);
#759 = CARTESIAN_POINT('',(3.,-8.313047618097));
#760 = CARTESIAN_POINT('',(2.917096214865,-8.292968147727));
#761 = CARTESIAN_POINT('',(2.834151726171,-8.273056736329));
#762 = CARTESIAN_POINT('',(2.751166903511,-8.253313628897));
#763 = CARTESIAN_POINT('',(2.668142115914,-8.233739066292));
#764 = CARTESIAN_POINT('',(2.58507773184,-8.214333285242));
#765 = CARTESIAN_POINT('',(2.501974119182,-8.195096518345));
#766 = CARTESIAN_POINT('',(2.418831645268,-8.176028994066));
#767 = CARTESIAN_POINT('',(2.193399520866,-8.124812600555));
#768 = CARTESIAN_POINT('',(2.051208730011,-8.093029181464));
#769 = CARTESIAN_POINT('',(1.909079662092,-8.061779487855));
#770 = CARTESIAN_POINT('',(1.767013667124,-8.031062319802));
#771 = CARTESIAN_POINT('',(1.625012087346,-8.00087646906));
#772 = CARTESIAN_POINT('',(1.483076257213,-7.971220719064));
#773 = CARTESIAN_POINT('',(1.341207503403,-7.942093844932));
#774 = CARTESIAN_POINT('',(1.035108352342,-7.880357749476));
#775 = CARTESIAN_POINT('',(0.890289424671,-7.851839647745));
#776 = CARTESIAN_POINT('',(0.745433897559,-7.82371610657));
#777 = CARTESIAN_POINT('',(0.590305416024,-7.794145673032));
#778 = CARTESIAN_POINT('',(0.424211947366,-7.763126519379));
#779 = CARTESIAN_POINT('',(0.256122668778,-7.732726537727));
#780 = CARTESIAN_POINT('',(0.105029217743,-7.706010449196));
#781 = CARTESIAN_POINT('',(0.,-7.687633871724));
#782 = ( GEOMETRIC_REPRESENTATION_CONTEXT(2) 
PARAMETRIC_REPRESENTATION_CONTEXT() REPRESENTATION_CONTEXT('2D SPACE',''
  ) );
#783 = ORIENTED_EDGE('',*,*,#784,.F.);
#784 = EDGE_CURVE('',#785,#695,#787,.T.);
#785 = VERTEX_POINT('',#786);
#786 = CARTESIAN_POINT('',(30.,-92.6869523819,11.));
#787 = SURFACE_CURVE('',#788,(#809,#833),.PCURVE_S1.);
#788 = B_SPLINE_CURVE_WITH_KNOTS('',7,(#789,#790,#791,#792,#793,#794,
    #795,#796,#797,#798,#799,#800,#801,#802,#803,#804,#805,#806,#807,
    #808),.UNSPECIFIED.,.F.,.F.,(8,6,6,8),(0.,0.161761922172,
    0.499851534636,1.),.UNSPECIFIED.);
#789 = CARTESIAN_POINT('',(30.,-92.6869523819,11.));
#790 = CARTESIAN_POINT('',(28.686220083047,-93.23606310749,11.));
#791 = CARTESIAN_POINT('',(27.361105125873,-93.75806123088,11.));
#792 = CARTESIAN_POINT('',(26.025260731457,-94.25249705449,11.));
#793 = CARTESIAN_POINT('',(24.67931652776,-94.71894543766,11.));
#794 = CARTESIAN_POINT('',(23.323926989104,-95.15700822905,11.));
#795 = CARTESIAN_POINT('',(21.959772257546,-95.56631669915,11.));
#796 = CARTESIAN_POINT('',(17.719572145621,-96.74120498641,11.));
#797 = CARTESIAN_POINT('',(14.816257725676,-97.40883241197,11.));
#798 = CARTESIAN_POINT('',(11.884233176231,-97.94627431523,11.));
#799 = CARTESIAN_POINT('',(8.93034800729,-98.35113046678,11.));
#800 = CARTESIAN_POINT('',(5.961681881072,-98.6217370929,11.));
#801 = CARTESIAN_POINT('',(2.985549783967,-98.75721736034,11.));
#802 = CARTESIAN_POINT('',(-4.393045145332,-98.75813529698,11.));
#803 = CARTESIAN_POINT('',(-8.796300138149,-98.46300313808,11.));
#804 = CARTESIAN_POINT('',(-13.17510276636,-97.87202896953,11.));
#805 = CARTESIAN_POINT('',(-17.50602765968,-96.98959663993,11.));
#806 = CARTESIAN_POINT('',(-21.76718147004,-95.82351202736,11.));
#807 = CARTESIAN_POINT('',(-25.93814640063,-94.3846548269,11.));
#808 = CARTESIAN_POINT('',(-30.,-92.6869523819,11.));
#809 = PCURVE('',#32,#810);
#810 = DEFINITIONAL_REPRESENTATION('',(#811),#832);
#811 = B_SPLINE_CURVE_WITH_KNOTS('',7,(#812,#813,#814,#815,#816,#817,
    #818,#819,#820,#821,#822,#823,#824,#825,#826,#827,#828,#829,#830,
    #831),.UNSPECIFIED.,.F.,.F.,(8,6,6,8),(0.,0.161761922172,
    0.499851534636,1.),.UNSPECIFIED.);
#812 = CARTESIAN_POINT('',(5.080392635352,0.170063497919));
#813 = CARTESIAN_POINT('',(5.065677480873,0.170063497919));
#814 = CARTESIAN_POINT('',(5.050913352702,0.170063497919));
#815 = CARTESIAN_POINT('',(5.03609809454,0.170063497919));
#816 = CARTESIAN_POINT('',(5.021229540046,0.170063497919));
#817 = CARTESIAN_POINT('',(5.006305535632,0.170063497919));
#818 = CARTESIAN_POINT('',(4.991323963271,0.170063497919));
#819 = CARTESIAN_POINT('',(4.944845986291,0.170063497919));
#820 = CARTESIAN_POINT('',(4.913147369071,0.170063497919));
#821 = CARTESIAN_POINT('',(4.881169934235,0.170063497919));
#822 = CARTESIAN_POINT('',(4.84889487977,0.170063497919));
#823 = CARTESIAN_POINT('',(4.816302369897,0.170063497919));
#824 = CARTESIAN_POINT('',(4.783372736656,0.170063497919));
#825 = CARTESIAN_POINT('',(4.700848886949,0.170063497919));
#826 = CARTESIAN_POINT('',(4.65082262877,0.170063497919));
#827 = CARTESIAN_POINT('',(4.599958348937,0.170063497919));
#828 = CARTESIAN_POINT('',(4.548181617433,0.170063497919));
#829 = CARTESIAN_POINT('',(4.495404851737,0.170063497919));
#830 = CARTESIAN_POINT('',(4.441530587593,0.170063497919));
#831 = CARTESIAN_POINT('',(4.386460268441,0.170063497919));
#832 = ( GEOMETRIC_REPRESENTATION_CONTEXT(2) 
PARAMETRIC_REPRESENTATION_CONTEXT() REPRESENTATION_CONTEXT('2D SPACE',''
  ) );
#833 = PCURVE('',#834,#839);
#834 = PLANE('',#835);
#835 = AXIS2_PLACEMENT_3D('',#836,#837,#838);
#836 = CARTESIAN_POINT('',(-30.,-101.,11.));
#837 = DIRECTION('',(0.,0.,1.));
#838 = DIRECTION('',(1.,0.,-0.));
#839 = DEFINITIONAL_REPRESENTATION('',(#840),#861);
#840 = B_SPLINE_CURVE_WITH_KNOTS('',7,(#841,#842,#843,#844,#845,#846,
    #847,#848,#849,#850,#851,#852,#853,#854,#855,#856,#857,#858,#859,
    #860),.UNSPECIFIED.,.F.,.F.,(8,6,6,8),(0.,0.161761922172,
    0.499851534636,1.),.UNSPECIFIED.);
#841 = CARTESIAN_POINT('',(60.,8.313047618097));
#842 = CARTESIAN_POINT('',(58.686220083047,7.763936892505));
#843 = CARTESIAN_POINT('',(57.361105125873,7.241938769117));
#844 = CARTESIAN_POINT('',(56.025260731457,6.747502945504));
#845 = CARTESIAN_POINT('',(54.67931652776,6.28105456234));
#846 = CARTESIAN_POINT('',(53.323926989104,5.84299177095));
#847 = CARTESIAN_POINT('',(51.959772257546,5.433683300848));
#848 = CARTESIAN_POINT('',(47.719572145621,4.25879501359));
#849 = CARTESIAN_POINT('',(44.816257725676,3.591167588023));
#850 = CARTESIAN_POINT('',(41.884233176231,3.053725684768));
#851 = CARTESIAN_POINT('',(38.93034800729,2.648869533219));
#852 = CARTESIAN_POINT('',(35.961681881072,2.378262907097));
#853 = CARTESIAN_POINT('',(32.985549783967,2.242782639652));
#854 = CARTESIAN_POINT('',(25.606954854668,2.241864703016));
#855 = CARTESIAN_POINT('',(21.203699861851,2.536996861919));
#856 = CARTESIAN_POINT('',(16.824897233636,3.127971030465));
#857 = CARTESIAN_POINT('',(12.493972340311,4.010403360068));
#858 = CARTESIAN_POINT('',(8.232818529951,5.17648797264));
#859 = CARTESIAN_POINT('',(4.06185359937,6.6153451731));
#860 = CARTESIAN_POINT('',(0.,8.313047618097));
#861 = ( GEOMETRIC_REPRESENTATION_CONTEXT(2) 
PARAMETRIC_REPRESENTATION_CONTEXT() REPRESENTATION_CONTEXT('2D SPACE',''
  ) );
#862 = ORIENTED_EDGE('',*,*,#863,.F.);
#863 = EDGE_CURVE('',#864,#785,#866,.T.);
#864 = VERTEX_POINT('',#865);
#865 = CARTESIAN_POINT('',(30.,-93.31236612827,8.));
#866 = SURFACE_CURVE('',#867,(#891,#918),.PCURVE_S1.);
#867 = B_SPLINE_CURVE_WITH_KNOTS('',8,(#868,#869,#870,#871,#872,#873,
    #874,#875,#876,#877,#878,#879,#880,#881,#882,#883,#884,#885,#886,
    #887,#888,#889,#890),.UNSPECIFIED.,.F.,.F.,(9,7,7,9),(0.,
    0.212460737019,0.576462565118,1.),.UNSPECIFIED.);
#868 = CARTESIAN_POINT('',(30.,-93.31236612827,8.));
#869 = CARTESIAN_POINT('',(30.,-93.2978714341,8.082842762969));
#870 = CARTESIAN_POINT('',(30.,-93.28320778546,8.165655988858));
#871 = CARTESIAN_POINT('',(30.,-93.2683753656,8.248439288018));
#872 = CARTESIAN_POINT('',(30.,-93.25337435798,8.331192274404));
#873 = CARTESIAN_POINT('',(30.,-93.23820494625,8.413914565573));
#874 = CARTESIAN_POINT('',(30.,-93.22286731428,8.496605782686));
#875 = CARTESIAN_POINT('',(30.,-93.20736164616,8.579265550506));
#876 = CARTESIAN_POINT('',(30.,-93.164835212,8.803457177085));
#877 = CARTESIAN_POINT('',(30.,-93.13745823139,8.945092892134));
#878 = CARTESIAN_POINT('',(30.,-93.10955593356,9.086799341346));
#879 = CARTESIAN_POINT('',(30.,-93.08112707591,9.228575215633));
#880 = CARTESIAN_POINT('',(30.,-93.05217042394,9.370419198027));
#881 = CARTESIAN_POINT('',(30.,-93.02268475127,9.512329963676));
#882 = CARTESIAN_POINT('',(30.,-92.99266883967,9.654306179846));
#883 = CARTESIAN_POINT('',(30.,-92.92657783669,9.961618740041));
#884 = CARTESIAN_POINT('',(30.,-92.8948033678,10.106105831957));
#885 = CARTESIAN_POINT('',(30.,-92.8625761887,10.25087050665));
#886 = CARTESIAN_POINT('',(30.,-92.82730286713,10.40681936713));
#887 = CARTESIAN_POINT('',(30.,-92.78868620946,10.574656950326));
#888 = CARTESIAN_POINT('',(30.,-92.74852421011,10.744642837663));
#889 = CARTESIAN_POINT('',(30.,-92.71197536897,10.896685505947));
#890 = CARTESIAN_POINT('',(30.,-92.6869523819,11.));
#891 = PCURVE('',#32,#892);
#892 = DEFINITIONAL_REPRESENTATION('',(#893),#917);
#893 = B_SPLINE_CURVE_WITH_KNOTS('',8,(#894,#895,#896,#897,#898,#899,
    #900,#901,#902,#903,#904,#905,#906,#907,#908,#909,#910,#911,#912,
    #913,#914,#915,#916),.UNSPECIFIED.,.F.,.F.,(9,7,7,9),(0.,
    0.212460737019,0.576462565118,1.),.UNSPECIFIED.);
#894 = CARTESIAN_POINT('',(5.078407205685,0.124402466697));
#895 = CARTESIAN_POINT('',(5.078452954779,0.125669114896));
#896 = CARTESIAN_POINT('',(5.078499206285,0.126934940809));
#897 = CARTESIAN_POINT('',(5.078545998499,0.128199916012));
#898 = CARTESIAN_POINT('',(5.07859335574,0.129464022122));
#899 = CARTESIAN_POINT('',(5.078641288354,0.130727250794));
#900 = CARTESIAN_POINT('',(5.078689792709,0.131989603722));
#901 = CARTESIAN_POINT('',(5.078738851201,0.133251092636));
#902 = CARTESIAN_POINT('',(5.078873377781,0.136671562807));
#903 = CARTESIAN_POINT('',(5.078960029692,0.138831385801));
#904 = CARTESIAN_POINT('',(5.079048395297,0.140991208283));
#905 = CARTESIAN_POINT('',(5.079138482001,0.143151030247));
#906 = CARTESIAN_POINT('',(5.079230297299,0.145310851685));
#907 = CARTESIAN_POINT('',(5.079323848774,0.147470672592));
#908 = CARTESIAN_POINT('',(5.079419144098,0.149630492961));
#909 = CARTESIAN_POINT('',(5.079629110822,0.15430338958));
#910 = CARTESIAN_POINT('',(5.079729950625,0.156499186007));
#911 = CARTESIAN_POINT('',(5.07983341184,0.158697951789));
#912 = CARTESIAN_POINT('',(5.079943612803,0.161067078559));
#913 = CARTESIAN_POINT('',(5.080069295137,0.163613279556));
#914 = CARTESIAN_POINT('',(5.080195360999,0.166192584638));
#915 = CARTESIAN_POINT('',(5.080312823714,0.168497370597));
#916 = CARTESIAN_POINT('',(5.080392729896,0.170063452638));
#917 = ( GEOMETRIC_REPRESENTATION_CONTEXT(2) 
PARAMETRIC_REPRESENTATION_CONTEXT() REPRESENTATION_CONTEXT('2D SPACE',''
  ) );
#918 = PCURVE('',#919,#924);
#919 = PLANE('',#920);
#920 = AXIS2_PLACEMENT_3D('',#921,#922,#923);
#921 = CARTESIAN_POINT('',(30.,-101.,8.));
#922 = DIRECTION('',(1.,0.,-0.));
#923 = DIRECTION('',(0.,0.,1.));
#924 = DEFINITIONAL_REPRESENTATION('',(#925),#949);
#925 = B_SPLINE_CURVE_WITH_KNOTS('',8,(#926,#927,#928,#929,#930,#931,
    #932,#933,#934,#935,#936,#937,#938,#939,#940,#941,#942,#943,#944,
    #945,#946,#947,#948),.UNSPECIFIED.,.F.,.F.,(9,7,7,9),(0.,
    0.212460737019,0.576462565118,1.),.UNSPECIFIED.);
#926 = CARTESIAN_POINT('',(0.,-7.687633871724));
#927 = CARTESIAN_POINT('',(8.28427629688E-02,-7.702128565893));
#928 = CARTESIAN_POINT('',(0.165655988858,-7.716792214531));
#929 = CARTESIAN_POINT('',(0.248439288018,-7.731624634391));
#930 = CARTESIAN_POINT('',(0.331192274404,-7.746625642018));
#931 = CARTESIAN_POINT('',(0.413914565573,-7.761795053749));
#932 = CARTESIAN_POINT('',(0.496605782686,-7.777132685715));
#933 = CARTESIAN_POINT('',(0.579265550506,-7.79263835384));
#934 = CARTESIAN_POINT('',(0.803457177085,-7.835164787992));
#935 = CARTESIAN_POINT('',(0.945092892134,-7.86254176861));
#936 = CARTESIAN_POINT('',(1.086799341346,-7.890444066435));
#937 = CARTESIAN_POINT('',(1.228575215633,-7.918872924087));
#938 = CARTESIAN_POINT('',(1.370419198027,-7.947829576059));
#939 = CARTESIAN_POINT('',(1.512329963676,-7.977315248723));
#940 = CARTESIAN_POINT('',(1.654306179846,-8.007331160326));
#941 = CARTESIAN_POINT('',(1.961618740041,-8.073422163305));
#942 = CARTESIAN_POINT('',(2.106105831957,-8.105196632199));
#943 = CARTESIAN_POINT('',(2.25087050665,-8.137423811296));
#944 = CARTESIAN_POINT('',(2.40681936713,-8.172697132868));
#945 = CARTESIAN_POINT('',(2.574656950326,-8.211313790539));
#946 = CARTESIAN_POINT('',(2.744642837663,-8.25147578989));
#947 = CARTESIAN_POINT('',(2.896685505947,-8.288024631027));
#948 = CARTESIAN_POINT('',(3.,-8.313047618097));
#949 = ( GEOMETRIC_REPRESENTATION_CONTEXT(2) 
PARAMETRIC_REPRESENTATION_CONTEXT() REPRESENTATION_CONTEXT('2D SPACE',''
  ) );
#950 = ORIENTED_EDGE('',*,*,#951,.T.);
#951 = EDGE_CURVE('',#864,#697,#952,.T.);
#952 = SURFACE_CURVE('',#953,(#974,#998),.PCURVE_S1.);
#953 = B_SPLINE_CURVE_WITH_KNOTS('',7,(#954,#955,#956,#957,#958,#959,
    #960,#961,#962,#963,#964,#965,#966,#967,#968,#969,#970,#971,#972,
    #973),.UNSPECIFIED.,.F.,.F.,(8,6,6,8),(0.,0.159639721952,
    0.499850396096,1.),.UNSPECIFIED.);
#954 = CARTESIAN_POINT('',(30.,-93.31236612827,8.));
#955 = CARTESIAN_POINT('',(28.70258849422,-93.85100098368,8.));
#956 = CARTESIAN_POINT('',(27.394266423082,-94.36336126627,8.));
#957 = CARTESIAN_POINT('',(26.075610140391,-94.84902210944,8.));
#958 = CARTESIAN_POINT('',(24.747218430119,-95.30758159066,8.));
#959 = CARTESIAN_POINT('',(23.409713258235,-95.73866296911,8.));
#960 = CARTESIAN_POINT('',(22.063740524534,-96.14191692349,8.));
#961 = CARTESIAN_POINT('',(17.82493130133,-97.31641981882,8.));
#962 = CARTESIAN_POINT('',(14.904354103177,-97.9880168879,8.));
#963 = CARTESIAN_POINT('',(11.954896034033,-98.52865437708,8.));
#964 = CARTESIAN_POINT('',(8.983447326142,-98.9359177804,8.));
#965 = CARTESIAN_POINT('',(5.997129732936,-99.20813342542,8.));
#966 = CARTESIAN_POINT('',(3.003301731897,-99.34441925834,8.));
#967 = CARTESIAN_POINT('',(-4.391564821529,-99.34533921925,8.));
#968 = CARTESIAN_POINT('',(-8.793381494248,-99.05214466816,8.));
#969 = CARTESIAN_POINT('',(-13.17106556613,-98.46505029738,8.));
#970 = CARTESIAN_POINT('',(-17.50148359989,-97.58835317458,8.));
#971 = CARTESIAN_POINT('',(-21.76299863247,-96.4297152621,8.));
#972 = CARTESIAN_POINT('',(-25.93541549152,-94.99982371538,8.));
#973 = CARTESIAN_POINT('',(-30.,-93.31236612827,8.));
#974 = PCURVE('',#32,#975);
#975 = DEFINITIONAL_REPRESENTATION('',(#976),#997);
#976 = B_SPLINE_CURVE_WITH_KNOTS('',7,(#977,#978,#979,#980,#981,#982,
    #983,#984,#985,#986,#987,#988,#989,#990,#991,#992,#993,#994,#995,
    #996),.UNSPECIFIED.,.F.,.F.,(8,6,6,8),(0.,0.159639721952,
    0.499850396096,1.),.UNSPECIFIED.);
#977 = CARTESIAN_POINT('',(5.078407112448,0.124402533356));
#978 = CARTESIAN_POINT('',(5.063969983647,0.124402533356));
#979 = CARTESIAN_POINT('',(5.049485551336,0.124402533356));
#980 = CARTESIAN_POINT('',(5.034951780235,0.124402533356));
#981 = CARTESIAN_POINT('',(5.020366627204,0.124402533356));
#982 = CARTESIAN_POINT('',(5.005728062006,0.124402533356));
#983 = CARTESIAN_POINT('',(4.991034088076,0.124402533356));
#984 = CARTESIAN_POINT('',(4.944845987465,0.124402533356));
#985 = CARTESIAN_POINT('',(4.913147371097,0.124402533356));
#986 = CARTESIAN_POINT('',(4.881169936752,0.124402533356));
#987 = CARTESIAN_POINT('',(4.848894882378,0.124402533356));
#988 = CARTESIAN_POINT('',(4.816302372152,0.124402533356));
#989 = CARTESIAN_POINT('',(4.783372738061,0.124402533356));
#990 = CARTESIAN_POINT('',(4.701155757958,0.124402533356));
#991 = CARTESIAN_POINT('',(4.651446261704,0.124402533356));
#992 = CARTESIAN_POINT('',(4.600909434502,0.124402533356));
#993 = CARTESIAN_POINT('',(4.54947232649,0.124402533356));
#994 = CARTESIAN_POINT('',(4.497049171144,0.124402533356));
#995 = CARTESIAN_POINT('',(4.443544609372,0.124402533356));
#996 = CARTESIAN_POINT('',(4.388862221821,0.124402533356));
#997 = ( GEOMETRIC_REPRESENTATION_CONTEXT(2) 
PARAMETRIC_REPRESENTATION_CONTEXT() REPRESENTATION_CONTEXT('2D SPACE',''
  ) );
#998 = PCURVE('',#999,#1004);
#999 = PLANE('',#1000);
#1000 = AXIS2_PLACEMENT_3D('',#1001,#1002,#1003);
#1001 = CARTESIAN_POINT('',(-30.,-101.,8.));
#1002 = DIRECTION('',(0.,0.,1.));
#1003 = DIRECTION('',(1.,0.,-0.));
#1004 = DEFINITIONAL_REPRESENTATION('',(#1005),#1026);
#1005 = B_SPLINE_CURVE_WITH_KNOTS('',7,(#1006,#1007,#1008,#1009,#1010,
    #1011,#1012,#1013,#1014,#1015,#1016,#1017,#1018,#1019,#1020,#1021,
    #1022,#1023,#1024,#1025),.UNSPECIFIED.,.F.,.F.,(8,6,6,8),(0.,
    0.159639721952,0.499850396096,1.),.UNSPECIFIED.);
#1006 = CARTESIAN_POINT('',(60.,7.687633871724));
#1007 = CARTESIAN_POINT('',(58.70258849422,7.148999016313));
#1008 = CARTESIAN_POINT('',(57.394266423082,6.63663873373));
#1009 = CARTESIAN_POINT('',(56.075610140391,6.150977890551));
#1010 = CARTESIAN_POINT('',(54.747218430119,5.692418409334));
#1011 = CARTESIAN_POINT('',(53.409713258235,5.261337030881));
#1012 = CARTESIAN_POINT('',(52.063740524534,4.85808307651));
#1013 = CARTESIAN_POINT('',(47.82493130133,3.683580181173));
#1014 = CARTESIAN_POINT('',(44.904354103177,3.0119831121));
#1015 = CARTESIAN_POINT('',(41.954896034033,2.471345622913));
#1016 = CARTESIAN_POINT('',(38.983447326142,2.064082219593));
#1017 = CARTESIAN_POINT('',(35.997129732936,1.791866574576));
#1018 = CARTESIAN_POINT('',(33.003301731897,1.655580741659));
#1019 = CARTESIAN_POINT('',(25.608435178471,1.654660780747));
#1020 = CARTESIAN_POINT('',(21.206618505752,1.947855331836));
#1021 = CARTESIAN_POINT('',(16.828934433867,2.534949702617));
#1022 = CARTESIAN_POINT('',(12.498516400106,3.411646825418));
#1023 = CARTESIAN_POINT('',(8.237001367523,4.570284737891));
#1024 = CARTESIAN_POINT('',(4.064584508476,6.000176284617));
#1025 = CARTESIAN_POINT('',(0.,7.687633871724));
#1026 = ( GEOMETRIC_REPRESENTATION_CONTEXT(2) 
PARAMETRIC_REPRESENTATION_CONTEXT() REPRESENTATION_CONTEXT('2D SPACE',''
  ) );
#1027 = FACE_BOUND('',#1028,.T.);
#1028 = EDGE_LOOP('',(#1029));
#1029 = ORIENTED_EDGE('',*,*,#1030,.F.);
#1030 = EDGE_CURVE('',#1031,#1031,#1033,.T.);
#1031 = VERTEX_POINT('',#1032);
#1032 = CARTESIAN_POINT('',(-54.19969698748,-66.83104252995,
    29.201111325993));
#1033 = SURFACE_CURVE('',#1034,(#1184,#1337),.PCURVE_S1.);
#1034 = B_SPLINE_CURVE_WITH_KNOTS('',7,(#1035,#1036,#1037,#1038,#1039,
    #1040,#1041,#1042,#1043,#1044,#1045,#1046,#1047,#1048,#1049,#1050,
    #1051,#1052,#1053,#1054,#1055,#1056,#1057,#1058,#1059,#1060,#1061,
    #1062,#1063,#1064,#1065,#1066,#1067,#1068,#1069,#1070,#1071,#1072,
    #1073,#1074,#1075,#1076,#1077,#1078,#1079,#1080,#1081,#1082,#1083,
    #1084,#1085,#1086,#1087,#1088,#1089,#1090,#1091,#1092,#1093,#1094,
    #1095,#1096,#1097,#1098,#1099,#1100,#1101,#1102,#1103,#1104,#1105,
    #1106,#1107,#1108,#1109,#1110,#1111,#1112,#1113,#1114,#1115,#1116,
    #1117,#1118,#1119,#1120,#1121,#1122,#1123,#1124,#1125,#1126,#1127,
    #1128,#1129,#1130,#1131,#1132,#1133,#1134,#1135,#1136,#1137,#1138,
    #1139,#1140,#1141,#1142,#1143,#1144,#1145,#1146,#1147,#1148,#1149,
    #1150,#1151,#1152,#1153,#1154,#1155,#1156,#1157,#1158,#1159,#1160,
    #1161,#1162,#1163,#1164,#1165,#1166,#1167,#1168,#1169,#1170,#1171,
    #1172,#1173,#1174,#1175,#1176,#1177,#1178,#1179,#1180,#1181,#1182,
    #1183),.UNSPECIFIED.,.T.,.F.,(8,6,6,6,6,6,6,6,6,6,7,6,6,6,6,6,6,6,6,
    6,6,7,7,6,8),(0.,4.010416974801E-02,0.111654142529,0.152869048745,
    0.199546147283,0.251909790061,0.316412708299,0.401084770851,
    0.502296029954,0.525353314425,0.574205937211,0.614310106959,
    0.647286311618,0.67385395239,0.688531041983,0.717723431337,
    0.738538946013,0.761947422672,0.787997687128,0.820980452664,
    0.862170265498,0.883466589068,0.923570758816,0.963674928564,1.),
  .UNSPECIFIED.);
#1035 = CARTESIAN_POINT('',(-54.19969698748,-66.83104252995,
    29.201111325993));
#1036 = CARTESIAN_POINT('',(-54.49159333575,-66.78020203127,
    28.915313111342));
#1037 = CARTESIAN_POINT('',(-54.7771992456,-66.7382069489,
    28.621514922299));
#1038 = CARTESIAN_POINT('',(-55.0559887554,-66.70533258856,
    28.31989611429));
#1039 = CARTESIAN_POINT('',(-55.32741288694,-66.68184560836,
    28.010681702109));
#1040 = CARTESIAN_POINT('',(-55.59090722842,-66.66799464518,
    27.69414964803));
#1041 = CARTESIAN_POINT('',(-55.84589951744,-66.66400094105,
    27.370638149932));
#1042 = CARTESIAN_POINT('',(-56.53055975588,-66.68083931442,
    26.451646807941));
#1043 = CARTESIAN_POINT('',(-56.94054194784,-66.72359376993,
    25.84165325628));
#1044 = CARTESIAN_POINT('',(-57.31831037399,-66.79938614245,
    25.213090630743));
#1045 = CARTESIAN_POINT('',(-57.66073125734,-66.90882258438,
    24.568917010416));
#1046 = CARTESIAN_POINT('',(-57.96503797244,-67.05199885101,
    23.912546663247));
#1047 = CARTESIAN_POINT('',(-58.22898441813,-67.22836307109,
    23.247901792002));
#1048 = CARTESIAN_POINT('',(-58.57905215066,-67.55636766918,
    22.194480075486));
#1049 = CARTESIAN_POINT('',(-58.69314929942,-67.68681478068,
    21.808129873234));
#1050 = CARTESIAN_POINT('',(-58.79312334458,-67.82757345028,
    21.421262549445));
#1051 = CARTESIAN_POINT('',(-58.87880470157,-67.97833115404,
    21.034669096957));
#1052 = CARTESIAN_POINT('',(-58.95011961479,-68.13871957968,
    20.649118113452));
#1053 = CARTESIAN_POINT('',(-59.00708320923,-68.30831944655,
    20.265356009581));
#1054 = CARTESIAN_POINT('',(-59.09816257302,-68.6886470083,
    19.45233165053));
#1055 = CARTESIAN_POINT('',(-59.12825298464,-68.90186261817,
    19.023746133664));
#1056 = CARTESIAN_POINT('',(-59.14020651949,-69.12564046082,
    18.599392679738));
#1057 = CARTESIAN_POINT('',(-59.13430473105,-69.35927341551,
    18.180197943497));
#1058 = CARTESIAN_POINT('',(-59.11093979524,-69.6020342252,
    17.76698185564));
#1059 = CARTESIAN_POINT('',(-59.07058632205,-69.8531907866,
    17.360466257287));
#1060 = CARTESIAN_POINT('',(-58.95003925288,-70.40238437003,
    16.513469299471));
#1061 = CARTESIAN_POINT('',(-58.86558918,-70.70241292592,16.074871411719
    ));
#1062 = CARTESIAN_POINT('',(-58.76117249366,-71.01109937881,
    15.646358604457));
#1063 = CARTESIAN_POINT('',(-58.63761488541,-71.32747348308,
    15.228632341584));
#1064 = CARTESIAN_POINT('',(-58.49578331916,-71.65061611233,
    14.822247147634));
#1065 = CARTESIAN_POINT('',(-58.33655115734,-71.97967289516,
    14.427630937778));
#1066 = CARTESIAN_POINT('',(-57.94422367156,-72.72553771391,
    13.573900107041));
#1067 = CARTESIAN_POINT('',(-57.70257481635,-73.14498259675,
    13.121064639456));
#1068 = CARTESIAN_POINT('',(-57.43739742774,-73.57076720351,
    12.687170563413));
#1069 = CARTESIAN_POINT('',(-57.15023516249,-74.0015828142,
    12.272606306342));
#1070 = CARTESIAN_POINT('',(-56.84256067556,-74.43625449772,
    11.877607973646));
#1071 = CARTESIAN_POINT('',(-56.51574166789,-74.8737483248,
    11.502290217566));
#1072 = CARTESIAN_POINT('',(-55.71847875253,-75.89001224088,
    10.679868915297));
#1073 = CARTESIAN_POINT('',(-55.23514778459,-76.4700958771,
    10.24708421162));
#1074 = CARTESIAN_POINT('',(-54.72379595327,-77.051442971,9.848343337343
    ));
#1075 = CARTESIAN_POINT('',(-54.18697525877,-77.63226960525,
    9.483594763385));
#1076 = CARTESIAN_POINT('',(-53.6270101473,-78.21099398151,
    9.152712897629));
#1077 = CARTESIAN_POINT('',(-53.04597651056,-78.78623483659,
    8.855528223047));
#1078 = CARTESIAN_POINT('',(-51.72807629653,-80.03883425787,
    8.276754210013));
#1079 = CARTESIAN_POINT('',(-50.98309625286,-80.71404312066,
    8.00961822412));
#1080 = CARTESIAN_POINT('',(-50.21379696881,-81.38040608661,
    7.79019381497));
#1081 = CARTESIAN_POINT('',(-49.42305779587,-82.03592687807,
    7.61839275807));
#1082 = CARTESIAN_POINT('',(-48.61359720708,-82.67866287296,
    7.494237511087));
#1083 = CARTESIAN_POINT('',(-47.78797125304,-83.30672211781,
    7.417868674084));
#1084 = CARTESIAN_POINT('',(-46.75729516372,-84.05754798986,
    7.383219995361));
#1085 = CARTESIAN_POINT('',(-46.56534129153,-84.1960012668,
    7.379290265433));
#1086 = CARTESIAN_POINT('',(-46.37270534694,-84.33356872821,
    7.377863805266));
#1087 = CARTESIAN_POINT('',(-46.17942050549,-84.47022434917,
    7.378945123286));
#1088 = CARTESIAN_POINT('',(-45.98551707502,-84.60594386213,
    7.382539237585));
#1089 = CARTESIAN_POINT('',(-45.79102249559,-84.74070475693,
    7.388651675926));
#1090 = CARTESIAN_POINT('',(-45.18281587286,-85.15783953121,
    7.415581644325));
#1091 = CARTESIAN_POINT('',(-44.76714595388,-85.43678704584,
    7.445199202251));
#1092 = CARTESIAN_POINT('',(-44.34923928713,-85.71109310504,
    7.486198566613));
#1093 = CARTESIAN_POINT('',(-43.92939217657,-85.98051130887,
    7.538645511419));
#1094 = CARTESIAN_POINT('',(-43.50790952554,-86.24478457708,
    7.602614167584));
#1095 = CARTESIAN_POINT('',(-43.08510483682,-86.50364514908,
    7.678187022926));
#1096 = CARTESIAN_POINT('',(-42.66130021258,-86.75681458394,
    7.765454922173));
#1097 = CARTESIAN_POINT('',(-41.97081792023,-87.16928995863,
    7.907636035321));
#1098 = CARTESIAN_POINT('',(-41.27774810384,-87.5666181027,
    8.080848251268));
#1099 = CARTESIAN_POINT('',(-40.58343869957,-87.94762598193,
    8.285486010707));
#1100 = CARTESIAN_POINT('',(-39.88944725442,-88.31096531285,
    8.521992004006));
#1101 = CARTESIAN_POINT('',(-39.19753932384,-88.6551398807,
    8.790809339837));
#1102 = CARTESIAN_POINT('',(-38.50968793236,-88.97851907124,
    9.092357521857));
#1103 = CARTESIAN_POINT('',(-37.26760753849,-89.52668993564,
    9.702223146304));
#1104 = CARTESIAN_POINT('',(-36.71141907773,-89.75876154455,
    9.999782082591));
#1105 = CARTESIAN_POINT('',(-36.16072349564,-89.9745754987,
    10.319917970527));
#1106 = CARTESIAN_POINT('',(-35.61693549418,-90.17304719313,
    10.662777072031));
#1107 = CARTESIAN_POINT('',(-35.08165670543,-90.3530142027,
    11.028405318576));
#1108 = CARTESIAN_POINT('',(-34.55666269994,-90.51326612225,
    11.416710647057));
#1109 = CARTESIAN_POINT('',(-33.63076865883,-90.76481001244,
    12.158321970887));
#1110 = CARTESIAN_POINT('',(-33.22559829377,-90.86344581889,
    12.503750664903));
#1111 = CARTESIAN_POINT('',(-32.82940152662,-90.94784098346,
    12.86355556793));
#1112 = CARTESIAN_POINT('',(-32.4432984791,-91.01733892169,
    13.237483107884));
#1113 = CARTESIAN_POINT('',(-32.06848614534,-91.07129635469,
    13.625155674669));
#1114 = CARTESIAN_POINT('',(-31.70621776927,-91.10911235644,
    14.026045304464));
#1115 = CARTESIAN_POINT('',(-31.16529150866,-91.14193897809,
    14.667828087762));
#1116 = CARTESIAN_POINT('',(-30.97702179611,-91.14853303401,
    14.90002778374));
#1117 = CARTESIAN_POINT('',(-30.7931906432,-91.14995088533,
    15.135926233552));
#1118 = CARTESIAN_POINT('',(-30.61401714289,-91.14611108918,
    15.375387999764));
#1119 = CARTESIAN_POINT('',(-30.43972001974,-91.136941549,15.61826104697
    ));
#1120 = CARTESIAN_POINT('',(-30.27051572744,-91.12238162021,
    15.864375362865));
#1121 = CARTESIAN_POINT('',(-29.78062489326,-91.06260983605,
    16.609127394777));
#1122 = CARTESIAN_POINT('',(-29.4755746715,-91.0013195329,
    17.116855300569));
#1123 = CARTESIAN_POINT('',(-29.19320839206,-90.91814015611,
    17.635146444079));
#1124 = CARTESIAN_POINT('',(-28.93507625475,-90.81292955798,
    18.162249417404));
#1125 = CARTESIAN_POINT('',(-28.70252001206,-90.68579047069,
    18.696235837091));
#1126 = CARTESIAN_POINT('',(-28.49662615258,-90.53711104767,
    19.234987010755));
#1127 = CARTESIAN_POINT('',(-28.19088540746,-90.24678591333,
    20.162061180825));
#1128 = CARTESIAN_POINT('',(-28.07754377982,-90.11534670433,
    20.549243804634));
#1129 = CARTESIAN_POINT('',(-27.97839407075,-89.97357139974,
    20.936899104968));
#1130 = CARTESIAN_POINT('',(-27.89360256208,-89.82177771913,
    21.324230881171));
#1131 = CARTESIAN_POINT('',(-27.82323865781,-89.66033903081,
    21.71046694361));
#1132 = CARTESIAN_POINT('',(-27.76728227401,-89.48967923861,
    22.094858868304));
#1133 = CARTESIAN_POINT('',(-27.67879135936,-89.10850733121,
    22.906067799144));
#1134 = CARTESIAN_POINT('',(-27.65003993634,-88.89566381242,
    23.332236395057));
#1135 = CARTESIAN_POINT('',(-27.63922999599,-88.6724009511,
    23.754165354959));
#1136 = CARTESIAN_POINT('',(-27.64607946583,-88.43941649165,
    24.170945828211));
#1137 = CARTESIAN_POINT('',(-27.67019867051,-88.19742720343,
    24.581773801101));
#1138 = CARTESIAN_POINT('',(-27.71111783774,-87.94715400015,
    24.985941600098));
#1139 = CARTESIAN_POINT('',(-27.83196576173,-87.40236092729,
    25.824508445504));
#1140 = CARTESIAN_POINT('',(-27.91577747705,-87.10602773494,
    26.257183000551));
#1141 = CARTESIAN_POINT('',(-28.0190271594,-86.80127576475,
    26.68002142707));
#1142 = CARTESIAN_POINT('',(-28.14092053647,-86.48903746431,
    27.092350557811));
#1143 = CARTESIAN_POINT('',(-28.28062434161,-86.1701966657,
    27.493636635176));
#1144 = CARTESIAN_POINT('',(-28.43729900126,-85.84557580515,
    27.883466254962));
#1145 = CARTESIAN_POINT('',(-28.82895725942,-85.09854362421,
    28.740198081989));
#1146 = CARTESIAN_POINT('',(-29.07367204327,-84.67312064493,
    29.199978122627));
#1147 = CARTESIAN_POINT('',(-29.34262421613,-84.24115588512,
    29.640266315877));
#1148 = CARTESIAN_POINT('',(-29.63420091851,-83.80401716068,
    30.060656043549));
#1149 = CARTESIAN_POINT('',(-29.94686431038,-83.36293069911,
    30.460902047203));
#1150 = CARTESIAN_POINT('',(-30.27918799231,-82.91897341539,
    30.840887289952));
#1151 = CARTESIAN_POINT('',(-31.06786406118,-81.91620260019,
    31.649796410445));
#1152 = CARTESIAN_POINT('',(-31.53444093453,-81.35637487206,
    32.067308752795));
#1153 = CARTESIAN_POINT('',(-32.02712634636,-80.79536587528,
    32.453108013325));
#1154 = CARTESIAN_POINT('',(-32.54362278681,-80.23478188443,
    32.807240120537));
#1155 = CARTESIAN_POINT('',(-33.08183199887,-79.67605199923,
    33.129816208344));
#1156 = CARTESIAN_POINT('',(-33.63987296451,-79.12042939674,
    33.420986994678));
#1157 = CARTESIAN_POINT('',(-34.51405464775,-78.28388498396,
    33.815269089422));
#1158 = CARTESIAN_POINT('',(-34.81684328614,-77.99990884545,
    33.941282702219));
#1159 = CARTESIAN_POINT('',(-35.12425068097,-77.71722200011,
    34.058948723388));
#1160 = CARTESIAN_POINT('',(-35.43605127155,-77.43597721681,
    34.168280667363));
#1161 = CARTESIAN_POINT('',(-35.75202798527,-77.15632303075,
    34.269288771785));
#1162 = CARTESIAN_POINT('',(-36.07197223752,-76.87840374346,
    34.361979997501));
#1163 = CARTESIAN_POINT('',(-36.39568393173,-76.60235942287,
    34.446358028564));
#1164 = CARTESIAN_POINT('',(-36.75851567074,-76.29295562743,
    34.540932931456));
#1165 = CARTESIAN_POINT('',(-37.12607691133,-75.98591049539,
    34.625062813062));
#1166 = CARTESIAN_POINT('',(-37.49808648487,-75.68142096609,
    34.698752629267));
#1167 = CARTESIAN_POINT('',(-37.87426970073,-75.37968352933,
    34.76199975319));
#1168 = CARTESIAN_POINT('',(-38.25435834629,-75.08089422534,
    34.814793975184));
#1169 = CARTESIAN_POINT('',(-38.63809068698,-74.78524864482,
    34.857117502834));
#1170 = CARTESIAN_POINT('',(-39.02521146623,-74.49294192891,
    34.888944960961));
#1171 = CARTESIAN_POINT('',(-40.1340934417,-73.65564889612,
    34.980112065042));
#1172 = CARTESIAN_POINT('',(-41.27029112819,-72.84611846311,
    34.985119064246));
#1173 = CARTESIAN_POINT('',(-42.42846468894,-72.06837635359,
    34.90353840239));
#1174 = CARTESIAN_POINT('',(-43.60262342397,-71.32743302854,
    34.733987773591));
#1175 = CARTESIAN_POINT('',(-44.7860221915,-70.62903371724,
    34.474721194852));
#1176 = CARTESIAN_POINT('',(-45.97112968368,-69.97956430662,
    34.123842104556));
#1177 = CARTESIAN_POINT('',(-48.21717500479,-68.84901439886,
    33.275523090782));
#1178 = CARTESIAN_POINT('',(-49.27824088684,-68.35836317373,
    32.795402919231));
#1179 = CARTESIAN_POINT('',(-50.32712680443,-67.91947274221,
    32.236516301849));
#1180 = CARTESIAN_POINT('',(-51.35543958058,-67.5392327807,
    31.59716437027));
#1181 = CARTESIAN_POINT('',(-52.35247616259,-67.22552249819,
    30.876837025005));
#1182 = CARTESIAN_POINT('',(-53.30538935153,-66.9868065828,
    30.076736142591));
#1183 = CARTESIAN_POINT('',(-54.19969698748,-66.83104252995,
    29.201111325993));
#1184 = PCURVE('',#32,#1185);
#1185 = DEFINITIONAL_REPRESENTATION('',(#1186),#1336);
#1186 = B_SPLINE_CURVE_WITH_KNOTS('',7,(#1187,#1188,#1189,#1190,#1191,
    #1192,#1193,#1194,#1195,#1196,#1197,#1198,#1199,#1200,#1201,#1202,
    #1203,#1204,#1205,#1206,#1207,#1208,#1209,#1210,#1211,#1212,#1213,
    #1214,#1215,#1216,#1217,#1218,#1219,#1220,#1221,#1222,#1223,#1224,
    #1225,#1226,#1227,#1228,#1229,#1230,#1231,#1232,#1233,#1234,#1235,
    #1236,#1237,#1238,#1239,#1240,#1241,#1242,#1243,#1244,#1245,#1246,
    #1247,#1248,#1249,#1250,#1251,#1252,#1253,#1254,#1255,#1256,#1257,
    #1258,#1259,#1260,#1261,#1262,#1263,#1264,#1265,#1266,#1267,#1268,
    #1269,#1270,#1271,#1272,#1273,#1274,#1275,#1276,#1277,#1278,#1279,
    #1280,#1281,#1282,#1283,#1284,#1285,#1286,#1287,#1288,#1289,#1290,
    #1291,#1292,#1293,#1294,#1295,#1296,#1297,#1298,#1299,#1300,#1301,
    #1302,#1303,#1304,#1305,#1306,#1307,#1308,#1309,#1310,#1311,#1312,
    #1313,#1314,#1315,#1316,#1317,#1318,#1319,#1320,#1321,#1322,#1323,
    #1324,#1325,#1326,#1327,#1328,#1329,#1330,#1331,#1332,#1333,#1334,
    #1335),.UNSPECIFIED.,.F.,.F.,(8,6,6,6,6,6,6,6,6,6,7,6,6,6,6,6,6,6,6,
    6,6,7,7,6,8),(0.,4.010416974801E-02,0.111654142529,0.152869048745,
    0.199546147283,0.251909790061,0.316412708299,0.401084770851,
    0.502296029954,0.525353314425,0.574205937211,0.614310106959,
    0.647286311618,0.67385395239,0.688531041983,0.717723431337,
    0.738538946013,0.761947422672,0.787997687128,0.820980452664,
    0.862170265498,0.883466589068,0.923570758816,0.963674928564,1.),
  .UNSPECIFIED.);
#1187 = CARTESIAN_POINT('',(3.936601368669,0.445177716651));
#1188 = CARTESIAN_POINT('',(3.933289938509,0.440781547125));
#1189 = CARTESIAN_POINT('',(3.930133463303,0.43626876278));
#1190 = CARTESIAN_POINT('',(3.927137571088,0.431642492045));
#1191 = CARTESIAN_POINT('',(3.924307829346,0.426906503276));
#1192 = CARTESIAN_POINT('',(3.921649627866,0.422065301797));
#1193 = CARTESIAN_POINT('',(3.919168061608,0.417124226931));
#1194 = CARTESIAN_POINT('',(3.912763935704,0.403107163923));
#1195 = CARTESIAN_POINT('',(3.909236023885,0.393824351165));
#1196 = CARTESIAN_POINT('',(3.906312901367,0.384280015099));
#1197 = CARTESIAN_POINT('',(3.904015325786,0.374518735106));
#1198 = CARTESIAN_POINT('',(3.902356486465,0.364590921465));
#1199 = CARTESIAN_POINT('',(3.90134069529,0.35455372515));
#1200 = CARTESIAN_POINT('',(3.900741130114,0.338665733216));
#1201 = CARTESIAN_POINT('',(3.900732767989,0.332842956185));
#1202 = CARTESIAN_POINT('',(3.900933802983,0.327016151401));
#1203 = CARTESIAN_POINT('',(3.901341679806,0.32119670017));
#1204 = CARTESIAN_POINT('',(3.901952796794,0.315395614173));
#1205 = CARTESIAN_POINT('',(3.902762633006,0.309623565461));
#1206 = CARTESIAN_POINT('',(3.904902068482,0.297398520661));
#1207 = CARTESIAN_POINT('',(3.906286424163,0.290956156781));
#1208 = CARTESIAN_POINT('',(3.907911214601,0.284578714067));
#1209 = CARTESIAN_POINT('',(3.909767679925,0.278279390143));
#1210 = CARTESIAN_POINT('',(3.911846348525,0.272069845001));
#1211 = CARTESIAN_POINT('',(3.914137357427,0.265960355016));
#1212 = CARTESIAN_POINT('',(3.919427945055,0.253228564203));
#1213 = CARTESIAN_POINT('',(3.922479913433,0.246634284066));
#1214 = CARTESIAN_POINT('',(3.925772704608,0.240189520903));
#1215 = CARTESIAN_POINT('',(3.929292445084,0.233904331214));
#1216 = CARTESIAN_POINT('',(3.93302566169,0.227786726183));
#1217 = CARTESIAN_POINT('',(3.936959582228,0.221842964246));
#1218 = CARTESIAN_POINT('',(3.94616107319,0.208976213517));
#1219 = CARTESIAN_POINT('',(3.951526113321,0.202146004077));
#1220 = CARTESIAN_POINT('',(3.957155707861,0.195595729567));
#1221 = CARTESIAN_POINT('',(3.963029619448,0.189331446783));
#1222 = CARTESIAN_POINT('',(3.969129436404,0.183357147696));
#1223 = CARTESIAN_POINT('',(3.975438787135,0.177675152072));
#1224 = CARTESIAN_POINT('',(3.990482271239,0.165212894731));
#1225 = CARTESIAN_POINT('',(3.999356453894,0.158645818192));
#1226 = CARTESIAN_POINT('',(4.00853434453,0.15258711617));
#1227 = CARTESIAN_POINT('',(4.017987600363,0.147037836671));
#1228 = CARTESIAN_POINT('',(4.027690981107,0.141997975978));
#1229 = CARTESIAN_POINT('',(4.037622474599,0.13746677716));
#1230 = CARTESIAN_POINT('',(4.05988618833,0.128634525157));
#1231 = CARTESIAN_POINT('',(4.072305774542,0.124552352812));
#1232 = CARTESIAN_POINT('',(4.084991033183,0.121195483101));
#1233 = CARTESIAN_POINT('',(4.097911441027,0.118565005929));
#1234 = CARTESIAN_POINT('',(4.11103719745,0.116663101768));
#1235 = CARTESIAN_POINT('',(4.124339322872,0.115493023337));
#1236 = CARTESIAN_POINT('',(4.140854485534,0.114962133695));
#1237 = CARTESIAN_POINT('',(4.143926513069,0.114901919439));
#1238 = CARTESIAN_POINT('',(4.147005820855,0.114880061529));
#1239 = CARTESIAN_POINT('',(4.150091991933,0.114896630588));
#1240 = CARTESIAN_POINT('',(4.153184650157,0.114951702877));
#1241 = CARTESIAN_POINT('',(4.156283460197,0.115045360301));
#1242 = CARTESIAN_POINT('',(4.165966145597,0.115457971961));
#1243 = CARTESIAN_POINT('',(4.172560419806,0.115911741076));
#1244 = CARTESIAN_POINT('',(4.179186445662,0.116539829664));
#1245 = CARTESIAN_POINT('',(4.185841791953,0.117343153887));
#1246 = CARTESIAN_POINT('',(4.19250610076,0.118322714159));
#1247 = CARTESIAN_POINT('',(4.199141087452,0.119479595139));
#1248 = CARTESIAN_POINT('',(4.205690540694,0.120814965734));
#1249 = CARTESIAN_POINT('',(4.216386237011,0.122990616934));
#1250 = CARTESIAN_POINT('',(4.226966225007,0.125639866164));
#1251 = CARTESIAN_POINT('',(4.237413739771,0.128767798642));
#1252 = CARTESIAN_POINT('',(4.247709260479,0.132379947318));
#1253 = CARTESIAN_POINT('',(4.257830874881,0.136481581291));
#1254 = CARTESIAN_POINT('',(4.267754429546,0.141077411106));
#1255 = CARTESIAN_POINT('',(4.285428631037,0.150360570398));
#1256 = CARTESIAN_POINT('',(4.293251146347,0.154886002851));
#1257 = CARTESIAN_POINT('',(4.300906263249,0.159750228007));
#1258 = CARTESIAN_POINT('',(4.308376767902,0.164954460041));
#1259 = CARTESIAN_POINT('',(4.315643189331,0.170498419042));
#1260 = CARTESIAN_POINT('',(4.322684007579,0.176379842453));
#1261 = CARTESIAN_POINT('',(4.334947795431,0.187600495948));
#1262 = CARTESIAN_POINT('',(4.340257881536,0.192822763785));
#1263 = CARTESIAN_POINT('',(4.345393751718,0.198258088718));
#1264 = CARTESIAN_POINT('',(4.35034186829,0.203902368384));
#1265 = CARTESIAN_POINT('',(4.355087778584,0.209749748732));
#1266 = CARTESIAN_POINT('',(4.359616369204,0.215792263423));
#1267 = CARTESIAN_POINT('',(4.366285276908,0.225459646261));
#1268 = CARTESIAN_POINT('',(4.368587380357,0.228956190807));
#1269 = CARTESIAN_POINT('',(4.370815810547,0.23250732472));
#1270 = CARTESIAN_POINT('',(4.372967930938,0.236111054157));
#1271 = CARTESIAN_POINT('',(4.375041111602,0.23976515324));
#1272 = CARTESIAN_POINT('',(4.377032752292,0.24346714374));
#1273 = CARTESIAN_POINT('',(4.382734384086,0.254667231218));
#1274 = CARTESIAN_POINT('',(4.386196346063,0.262299797231));
#1275 = CARTESIAN_POINT('',(4.389305258157,0.270088988041));
#1276 = CARTESIAN_POINT('',(4.392042637738,0.278009505868));
#1277 = CARTESIAN_POINT('',(4.39439241915,0.2860336468));
#1278 = CARTESIAN_POINT('',(4.396341562254,0.294131008329));
#1279 = CARTESIAN_POINT('',(4.398979212688,0.308070043955));
#1280 = CARTESIAN_POINT('',(4.399869117512,0.313893077961));
#1281 = CARTESIAN_POINT('',(4.400547841202,0.319725293833));
#1282 = CARTESIAN_POINT('',(4.401013410551,0.325555251971));
#1283 = CARTESIAN_POINT('',(4.401264990528,0.331371851696));
#1284 = CARTESIAN_POINT('',(4.401302819182,0.337164304064));
#1285 = CARTESIAN_POINT('',(4.400931713228,0.349397147341));
#1286 = CARTESIAN_POINT('',(4.400466519245,0.35582884089));
#1287 = CARTESIAN_POINT('',(4.399734345579,0.362202386366));
#1288 = CARTESIAN_POINT('',(4.398738510708,0.368504575413));
#1289 = CARTESIAN_POINT('',(4.397483578004,0.374723651435));
#1290 = CARTESIAN_POINT('',(4.395975067128,0.38084917075));
#1291 = CARTESIAN_POINT('',(4.39226510656,0.39357425598));
#1292 = CARTESIAN_POINT('',(4.390004623037,0.400149476978));
#1293 = CARTESIAN_POINT('',(4.387446204481,0.406585107384));
#1294 = CARTESIAN_POINT('',(4.384599193883,0.412870896505));
#1295 = CARTESIAN_POINT('',(4.381473422271,0.418998503179));
#1296 = CARTESIAN_POINT('',(4.378078843385,0.424961236655));
#1297 = CARTESIAN_POINT('',(4.369799178033,0.438087876501));
#1298 = CARTESIAN_POINT('',(4.364758112045,0.44514877827));
#1299 = CARTESIAN_POINT('',(4.359321525476,0.451926245119));
#1300 = CARTESIAN_POINT('',(4.353508954683,0.458412609963));
#1301 = CARTESIAN_POINT('',(4.347339442785,0.46460240123));
#1302 = CARTESIAN_POINT('',(4.340831065152,0.470491947778));
#1303 = CARTESIAN_POINT('',(4.325470193271,0.483056230569));
#1304 = CARTESIAN_POINT('',(4.316438546867,0.489560725838));
#1305 = CARTESIAN_POINT('',(4.306937915548,0.495588412027));
#1306 = CARTESIAN_POINT('',(4.297000049186,0.50113603843));
#1307 = CARTESIAN_POINT('',(4.286656103724,0.506201422533));
#1308 = CARTESIAN_POINT('',(4.275936225001,0.510783249315));
#1309 = CARTESIAN_POINT('',(4.259146409544,0.516998758245));
#1310 = CARTESIAN_POINT('',(4.253331474843,0.518987452245));
#1311 = CARTESIAN_POINT('',(4.247427944744,0.520846293589));
#1312 = CARTESIAN_POINT('',(4.241439949915,0.522575068009));
#1313 = CARTESIAN_POINT('',(4.235371663177,0.524173543928));
#1314 = CARTESIAN_POINT('',(4.2292272995,0.525641472457));
#1315 = CARTESIAN_POINT('',(4.223011116008,0.526978587401));
#1316 = CARTESIAN_POINT('',(4.216036150147,0.528477289335));
#1317 = CARTESIAN_POINT('',(4.208992958846,0.529811639594));
#1318 = CARTESIAN_POINT('',(4.201854559055,0.530981260667));
#1319 = CARTESIAN_POINT('',(4.194619014357,0.531985726671));
#1320 = CARTESIAN_POINT('',(4.187309434955,0.532824563347));
#1321 = CARTESIAN_POINT('',(4.179973977683,0.533497248066));
#1322 = CARTESIAN_POINT('',(4.172685846001,0.534003209822));
#1323 = CARTESIAN_POINT('',(4.151770592044,0.535452498852));
#1324 = CARTESIAN_POINT('',(4.130882352988,0.535533215753));
#1325 = CARTESIAN_POINT('',(4.110180753161,0.534234770851));
#1326 = CARTESIAN_POINT('',(4.089834372688,0.531536612658));
#1327 = CARTESIAN_POINT('',(4.070014989081,0.52741837453));
#1328 = CARTESIAN_POINT('',(4.050890043502,0.521863040334));
#1329 = CARTESIAN_POINT('',(4.016075105395,0.508490231579));
#1330 = CARTESIAN_POINT('',(4.000247532666,0.500941453011));
#1331 = CARTESIAN_POINT('',(3.985251508523,0.492183413112));
#1332 = CARTESIAN_POINT('',(3.971230542371,0.482204671263));
#1333 = CARTESIAN_POINT('',(3.958341922363,0.471014319411));
#1334 = CARTESIAN_POINT('',(3.946746877453,0.458646643624));
#1335 = CARTESIAN_POINT('',(3.936601368669,0.445177716651));
#1336 = ( GEOMETRIC_REPRESENTATION_CONTEXT(2) 
PARAMETRIC_REPRESENTATION_CONTEXT() REPRESENTATION_CONTEXT('2D SPACE',''
  ) );
#1337 = PCURVE('',#1338,#1343);
#1338 = PLANE('',#1339);
#1339 = AXIS2_PLACEMENT_3D('',#1340,#1341,#1342);
#1340 = CARTESIAN_POINT('',(-43.29310955438,-79.16502314836,
    20.816121106977));
#1341 = DIRECTION('',(-0.528704674619,-0.744571824884,0.407534249635));
#1342 = DIRECTION('',(-0.815352651373,0.578964639592,0.));
#1343 = DEFINITIONAL_REPRESENTATION('',(#1344),#1494);
#1344 = B_SPLINE_CURVE_WITH_KNOTS('',7,(#1345,#1346,#1347,#1348,#1349,
    #1350,#1351,#1352,#1353,#1354,#1355,#1356,#1357,#1358,#1359,#1360,
    #1361,#1362,#1363,#1364,#1365,#1366,#1367,#1368,#1369,#1370,#1371,
    #1372,#1373,#1374,#1375,#1376,#1377,#1378,#1379,#1380,#1381,#1382,
    #1383,#1384,#1385,#1386,#1387,#1388,#1389,#1390,#1391,#1392,#1393,
    #1394,#1395,#1396,#1397,#1398,#1399,#1400,#1401,#1402,#1403,#1404,
    #1405,#1406,#1407,#1408,#1409,#1410,#1411,#1412,#1413,#1414,#1415,
    #1416,#1417,#1418,#1419,#1420,#1421,#1422,#1423,#1424,#1425,#1426,
    #1427,#1428,#1429,#1430,#1431,#1432,#1433,#1434,#1435,#1436,#1437,
    #1438,#1439,#1440,#1441,#1442,#1443,#1444,#1445,#1446,#1447,#1448,
    #1449,#1450,#1451,#1452,#1453,#1454,#1455,#1456,#1457,#1458,#1459,
    #1460,#1461,#1462,#1463,#1464,#1465,#1466,#1467,#1468,#1469,#1470,
    #1471,#1472,#1473,#1474,#1475,#1476,#1477,#1478,#1479,#1480,#1481,
    #1482,#1483,#1484,#1485,#1486,#1487,#1488,#1489,#1490,#1491,#1492,
    #1493),.UNSPECIFIED.,.F.,.F.,(8,6,6,6,6,6,6,6,6,6,7,6,6,6,6,6,6,6,6,
    6,6,7,7,6,8),(0.,4.010416974801E-02,0.111654142529,0.152869048745,
    0.199546147283,0.251909790061,0.316412708299,0.401084770851,
    0.502296029954,0.525353314425,0.574205937211,0.614310106959,
    0.647286311618,0.67385395239,0.688531041983,0.717723431337,
    0.738538946013,0.761947422672,0.787997687128,0.820980452664,
    0.862170265498,0.883466589068,0.923570758816,0.963674928564,1.),
  .UNSPECIFIED.);
#1345 = CARTESIAN_POINT('',(16.033653624488,-9.182087984437));
#1346 = CARTESIAN_POINT('',(16.301086936978,-8.869121089525));
#1347 = CARTESIAN_POINT('',(16.558270140547,-8.547393723004));
#1348 = CARTESIAN_POINT('',(16.804614998721,-8.21710229027));
#1349 = CARTESIAN_POINT('',(17.039519515046,-7.878493196575));
#1350 = CARTESIAN_POINT('',(17.262379542904,-7.531870827971));
#1351 = CARTESIAN_POINT('',(17.47260039531,-7.177605532254));
#1352 = CARTESIAN_POINT('',(18.021091113235,-6.171252616069));
#1353 = CARTESIAN_POINT('',(18.330617862541,-5.503271579121));
#1354 = CARTESIAN_POINT('',(18.594751246774,-4.814956246526));
#1355 = CARTESIAN_POINT('',(18.810585191731,-4.109545899632));
#1356 = CARTESIAN_POINT('',(18.975808483112,-3.390779375085));
#1357 = CARTESIAN_POINT('',(19.088909270315,-2.66295172988));
#1358 = CARTESIAN_POINT('',(19.18443486028,-1.509389157579));
#1359 = CARTESIAN_POINT('',(19.201940008135,-1.086311556148));
#1360 = CARTESIAN_POINT('',(19.201959818513,-0.662667674337));
#1361 = CARTESIAN_POINT('',(19.184536960479,-0.239323698704));
#1362 = CARTESIAN_POINT('',(19.149824537007,0.182878708282));
#1363 = CARTESIAN_POINT('',(19.098077628976,0.603122180343));
#1364 = CARTESIAN_POINT('',(18.952143220009,1.493434631915));
#1365 = CARTESIAN_POINT('',(18.853233218177,1.962762540705));
#1366 = CARTESIAN_POINT('',(18.733420106495,2.427456076258));
#1367 = CARTESIAN_POINT('',(18.593342848231,2.886500493752));
#1368 = CARTESIAN_POINT('',(18.433742261185,3.338997917861));
#1369 = CARTESIAN_POINT('',(18.255429181771,3.784157887477));
#1370 = CARTESIAN_POINT('',(17.839177144217,4.711672456496));
#1371 = CARTESIAN_POINT('',(17.596614628652,5.191964536741));
#1372 = CARTESIAN_POINT('',(17.332759665655,5.661212823975));
#1373 = CARTESIAN_POINT('',(17.048847222914,6.118649171414));
#1374 = CARTESIAN_POINT('',(16.746116323442,6.563666340064));
#1375 = CARTESIAN_POINT('',(16.425773716442,6.995795736085));
#1376 = CARTESIAN_POINT('',(15.674059104734,7.930684316525));
#1377 = CARTESIAN_POINT('',(15.234186314509,8.426567435912));
#1378 = CARTESIAN_POINT('',(14.771458996227,8.901708548554));
#1379 = CARTESIAN_POINT('',(14.287893477112,9.355682302154));
#1380 = CARTESIAN_POINT('',(13.785370733845,9.788230146551));
#1381 = CARTESIAN_POINT('',(13.265604533499,10.199226530378));
#1382 = CARTESIAN_POINT('',(12.027173229719,11.099829221671));
#1383 = CARTESIAN_POINT('',(11.297240130133,11.573755502285));
#1384 = CARTESIAN_POINT('',(10.543728647989,12.010401663458));
#1385 = CARTESIAN_POINT('',(9.769752388456,12.409824132751));
#1386 = CARTESIAN_POINT('',(8.978122400213,12.772160441377));
#1387 = CARTESIAN_POINT('',(8.171330969614,13.09759622107));
#1388 = CARTESIAN_POINT('',(6.371566763369,13.731389913367));
#1389 = CARTESIAN_POINT('',(5.37322325365,14.023920502217));
#1390 = CARTESIAN_POINT('',(4.360172448281,14.264203934651));
#1391 = CARTESIAN_POINT('',(3.335917808306,14.452336821998));
#1392 = CARTESIAN_POINT('',(2.303800557418,14.588294571709));
#1393 = CARTESIAN_POINT('',(1.267000152412,14.671923217934));
#1394 = CARTESIAN_POINT('',(-8.065960129057E-03,14.709865685161));
#1395 = CARTESIAN_POINT('',(-0.244735610347,14.714168984868));
#1396 = CARTESIAN_POINT('',(-0.481448534235,14.715731047842));
#1397 = CARTESIAN_POINT('',(-0.718162614513,14.714546937076));
#1398 = CARTESIAN_POINT('',(-0.954839089572,14.710611157443));
#1399 = CARTESIAN_POINT('',(-1.191442553476,14.703917655701));
#1400 = CARTESIAN_POINT('',(-1.92885172015,14.67442765836));
#1401 = CARTESIAN_POINT('',(-2.42927003796,14.641994582631));
#1402 = CARTESIAN_POINT('',(-2.928824855419,14.59709771799));
#1403 = CARTESIAN_POINT('',(-3.427131923473,14.539665037791));
#1404 = CARTESIAN_POINT('',(-3.92379379798,14.469615364052));
#1405 = CARTESIAN_POINT('',(-4.418399839713,14.386858367458));
#1406 = CARTESIAN_POINT('',(-4.910526214359,14.291294567361));
#1407 = CARTESIAN_POINT('',(-5.712321438807,14.135597368373));
#1408 = CARTESIAN_POINT('',(-6.507456696912,13.945919173734));
#1409 = CARTESIAN_POINT('',(-7.294153800043,13.721828046252));
#1410 = CARTESIAN_POINT('',(-8.07036218965,13.462839212324));
#1411 = CARTESIAN_POINT('',(-8.833776059991,13.16846744028));
#1412 = CARTESIAN_POINT('',(-9.581842632278,12.838253347416));
#1413 = CARTESIAN_POINT('',(-10.91194772158,12.170412398757));
#1414 = CARTESIAN_POINT('',(-11.49979871313,11.844566779123));
#1415 = CARTESIAN_POINT('',(-12.07375846427,11.493997987362));
#1416 = CARTESIAN_POINT('',(-12.63204554609,11.118545857539));
#1417 = CARTESIAN_POINT('',(-13.17268106055,10.718160091822));
#1418 = CARTESIAN_POINT('',(-13.69351650974,10.29294150506));
#1419 = CARTESIAN_POINT('',(-14.59408168877,9.480830787242));
#1420 = CARTESIAN_POINT('',(-14.98154506431,9.102564793131));
#1421 = CARTESIAN_POINT('',(-15.35344696491,8.708555952271));
#1422 = CARTESIAN_POINT('',(-15.70849395717,8.299081941928));
#1423 = CARTESIAN_POINT('',(-16.04533763301,7.874556268744));
#1424 = CARTESIAN_POINT('',(-16.36260824178,7.435557086076));
#1425 = CARTESIAN_POINT('',(-16.82265935573,6.732764855051));
#1426 = CARTESIAN_POINT('',(-16.97998329024,6.478491685645));
#1427 = CARTESIAN_POINT('',(-17.13069139395,6.22016814978));
#1428 = CARTESIAN_POINT('',(-17.27455787629,5.957942559907));
#1429 = CARTESIAN_POINT('',(-17.41136265826,5.691981404289));
#1430 = CARTESIAN_POINT('',(-17.54089414268,5.422470857019));
#1431 = CARTESIAN_POINT('',(-17.90572218374,4.606920867695));
#1432 = CARTESIAN_POINT('',(-18.11896077258,4.050927100097));
#1433 = CARTESIAN_POINT('',(-18.30103094928,3.483365927459));
#1434 = CARTESIAN_POINT('',(-18.45058645581,2.90615525082));
#1435 = CARTESIAN_POINT('',(-18.56659276902,2.321406770502));
#1436 = CARTESIAN_POINT('',(-18.64838874469,1.731440586989));
#1437 = CARTESIAN_POINT('',(-18.7295872851,0.716236469234));
#1438 = CARTESIAN_POINT('',(-18.74590202743,0.292247314208));
#1439 = CARTESIAN_POINT('',(-18.74466111748,-0.132259451134));
#1440 = CARTESIAN_POINT('',(-18.7259129253,-0.556411937347));
#1441 = CARTESIAN_POINT('',(-18.68981702921,-0.979364548555));
#1442 = CARTESIAN_POINT('',(-18.63663523002,-1.400297713753));
#1443 = CARTESIAN_POINT('',(-18.48810147591,-2.288622158049));
#1444 = CARTESIAN_POINT('',(-18.38831515376,-2.755303387443));
#1445 = CARTESIAN_POINT('',(-18.26786776524,-3.217341950616));
#1446 = CARTESIAN_POINT('',(-18.12739326825,-3.67374259935));
#1447 = CARTESIAN_POINT('',(-17.96762436973,-4.123624888419));
#1448 = CARTESIAN_POINT('',(-17.7893614833,-4.566213871104));
#1449 = CARTESIAN_POINT('',(-17.37541188298,-5.484496940521));
#1450 = CARTESIAN_POINT('',(-17.13550933877,-5.958302601507));
#1451 = CARTESIAN_POINT('',(-16.87488382192,-6.421337087426));
#1452 = CARTESIAN_POINT('',(-16.59472279867,-6.872863238097));
#1453 = CARTESIAN_POINT('',(-16.29621738269,-7.312296555614));
#1454 = CARTESIAN_POINT('',(-15.980528284,-7.739184336556));
#1455 = CARTESIAN_POINT('',(-15.22868346738,-8.677359195364));
#1456 = CARTESIAN_POINT('',(-14.78284975766,-9.180847055976));
#1457 = CARTESIAN_POINT('',(-14.31346656895,-9.662990126312));
#1458 = CARTESIAN_POINT('',(-13.82264086753,-10.12334313405));
#1459 = CARTESIAN_POINT('',(-13.31233647774,-10.5616375059));
#1460 = CARTESIAN_POINT('',(-12.78433991379,-10.97774507914));
#1461 = CARTESIAN_POINT('',(-11.56072194635,-11.86355108747));
#1462 = CARTESIAN_POINT('',(-10.85617679674,-12.32075317858));
#1463 = CARTESIAN_POINT('',(-10.12966006829,-12.74322746441));
#1464 = CARTESIAN_POINT('',(-9.38397501792,-13.13102423956));
#1465 = CARTESIAN_POINT('',(-8.62165986326,-13.48426520258));
#1466 = CARTESIAN_POINT('',(-7.844973842556,-13.80311539904));
#1467 = CARTESIAN_POINT('',(-6.647877854891,-14.23487891814));
#1468 = CARTESIAN_POINT('',(-6.236586193086,-14.37287169449));
#1469 = CARTESIAN_POINT('',(-5.822275071138,-14.50172333664));
#1470 = CARTESIAN_POINT('',(-5.405216848301,-14.62144864375));
#1471 = CARTESIAN_POINT('',(-4.985674511954,-14.73205882667));
#1472 = CARTESIAN_POINT('',(-4.563901677596,-14.83356150797));
#1473 = CARTESIAN_POINT('',(-4.140142588852,-14.92596072192));
#1474 = CARTESIAN_POINT('',(-3.665172911539,-15.02952614737));
#1475 = CARTESIAN_POINT('',(-3.187712605267,-15.12165362217));
#1476 = CARTESIAN_POINT('',(-2.708104942555,-15.2023485733));
#1477 = CARTESIAN_POINT('',(-2.226687653777,-15.27160812417));
#1478 = CARTESIAN_POINT('',(-1.743792927162,-15.32942109458));
#1479 = CARTESIAN_POINT('',(-1.259747408791,-15.37576800072));
#1480 = CARTESIAN_POINT('',(-0.774872202601,-15.41062105519));
#1481 = CARTESIAN_POINT('',(0.614020715118,-15.51045472811));
#1482 = CARTESIAN_POINT('',(2.009112006676,-15.51593770496));
#1483 = CARTESIAN_POINT('',(3.403717070317,-15.42660178501));
#1484 = CARTESIAN_POINT('',(4.790050493201,-15.24093325698));
#1485 = CARTESIAN_POINT('',(6.159286321493,-14.95702016046));
#1486 = CARTESIAN_POINT('',(7.501586680657,-14.57278564201));
#1487 = CARTESIAN_POINT('',(9.987454108214,-13.64382333915));
#1488 = CARTESIAN_POINT('',(11.136666698151,-13.11806176482));
#1489 = CARTESIAN_POINT('',(12.245980652547,-12.50604601285));
#1490 = CARTESIAN_POINT('',(13.304563693304,-11.80591571628));
#1491 = CARTESIAN_POINT('',(14.299127274602,-11.01711228431));
#1492 = CARTESIAN_POINT('',(15.214295643662,-10.14095184681));
#1493 = CARTESIAN_POINT('',(16.033653624488,-9.182087984437));
#1494 = ( GEOMETRIC_REPRESENTATION_CONTEXT(2) 
PARAMETRIC_REPRESENTATION_CONTEXT() REPRESENTATION_CONTEXT('2D SPACE',''
  ) );
#1495 = FACE_BOUND('',#1496,.T.);
#1496 = EDGE_LOOP('',(#1497));
#1497 = ORIENTED_EDGE('',*,*,#1498,.F.);
#1498 = EDGE_CURVE('',#1499,#1499,#1501,.T.);
#1499 = VERTEX_POINT('',#1500);
#1500 = CARTESIAN_POINT('',(28.352169391404,-86.03645245367,
    27.645172290908));
#1501 = SURFACE_CURVE('',#1502,(#1659,#1819),.PCURVE_S1.);
#1502 = B_SPLINE_CURVE_WITH_KNOTS('',8,(#1503,#1504,#1505,#1506,#1507,
    #1508,#1509,#1510,#1511,#1512,#1513,#1514,#1515,#1516,#1517,#1518,
    #1519,#1520,#1521,#1522,#1523,#1524,#1525,#1526,#1527,#1528,#1529,
    #1530,#1531,#1532,#1533,#1534,#1535,#1536,#1537,#1538,#1539,#1540,
    #1541,#1542,#1543,#1544,#1545,#1546,#1547,#1548,#1549,#1550,#1551,
    #1552,#1553,#1554,#1555,#1556,#1557,#1558,#1559,#1560,#1561,#1562,
    #1563,#1564,#1565,#1566,#1567,#1568,#1569,#1570,#1571,#1572,#1573,
    #1574,#1575,#1576,#1577,#1578,#1579,#1580,#1581,#1582,#1583,#1584,
    #1585,#1586,#1587,#1588,#1589,#1590,#1591,#1592,#1593,#1594,#1595,
    #1596,#1597,#1598,#1599,#1600,#1601,#1602,#1603,#1604,#1605,#1606,
    #1607,#1608,#1609,#1610,#1611,#1612,#1613,#1614,#1615,#1616,#1617,
    #1618,#1619,#1620,#1621,#1622,#1623,#1624,#1625,#1626,#1627,#1628,
    #1629,#1630,#1631,#1632,#1633,#1634,#1635,#1636,#1637,#1638,#1639,
    #1640,#1641,#1642,#1643,#1644,#1645,#1646,#1647,#1648,#1649,#1650,
    #1651,#1652,#1653,#1654,#1655,#1656,#1657,#1658),.UNSPECIFIED.,.T.,
  .F.,(9,7,7,7,7,7,7,7,7,7,7,7,7,7,7,7,7,7,7,7,7,7,9),(0.,
    3.142608844993E-02,4.926852308153E-02,8.517358432966E-02,
    0.112409681639,0.144468814977,0.179665487852,0.22299690932,
    0.279125056543,0.393922077791,0.448880162031,0.492308734778,
    0.527429739177,0.546698290313,0.585251783378,0.612337517797,
    0.643976573854,0.678306742567,0.7218456593,0.778613257654,
    0.896658110317,0.954488101679,1.),.UNSPECIFIED.);
#1503 = CARTESIAN_POINT('',(28.352169391404,-86.03645245367,
    27.645172290908));
#1504 = CARTESIAN_POINT('',(28.232895414242,-86.29248893479,
    27.332126600109));
#1505 = CARTESIAN_POINT('',(28.124197755453,-86.54486261205,
    27.012051982516));
#1506 = CARTESIAN_POINT('',(28.0264645292,-86.79319211739,26.68514169339
    ));
#1507 = CARTESIAN_POINT('',(27.940084184047,-87.0370743163,
    26.351628321825));
#1508 = CARTESIAN_POINT('',(27.865439423568,-87.27608683196,
    26.011787066087));
#1509 = CARTESIAN_POINT('',(27.802899641895,-87.50979121543,
    25.665939755126));
#1510 = CARTESIAN_POINT('',(27.752811874196,-87.73773676197,
    25.314459616296));
#1511 = CARTESIAN_POINT('',(27.694300592701,-88.08535309111,
    24.75526701663));
#1512 = CARTESIAN_POINT('',(27.677226100837,-88.2092370424,
    24.551080163386));
#1513 = CARTESIAN_POINT('',(27.664324272822,-88.33103251263,
    24.345295695402));
#1514 = CARTESIAN_POINT('',(27.655649061539,-88.45065490051,
    24.137998186164));
#1515 = CARTESIAN_POINT('',(27.651250245115,-88.56801965981,
    23.929277524577));
#1516 = CARTESIAN_POINT('',(27.651172785606,-88.683042641,
    23.719229122795));
#1517 = CARTESIAN_POINT('',(27.655456187681,-88.79564043288,
    23.507954124047));
#1518 = CARTESIAN_POINT('',(27.681596286966,-89.12726986164,
    22.86814944046));
#1519 = CARTESIAN_POINT('',(27.716855003201,-89.33867713514,
    22.436162809459));
#1520 = CARTESIAN_POINT('',(27.770186236936,-89.53925298189,
    22.000519432279));
#1521 = CARTESIAN_POINT('',(27.841755074829,-89.72835305907,
    21.562182362801));
#1522 = CARTESIAN_POINT('',(27.93161120215,-89.90539112453,
    21.122158217116));
#1523 = CARTESIAN_POINT('',(28.039679274304,-90.06984555075,
    20.681497763847));
#1524 = CARTESIAN_POINT('',(28.165743917026,-90.22126945177,
    20.241296881621));
#1525 = CARTESIAN_POINT('',(28.418423197341,-90.46401205464,
    19.469994789192));
#1526 = CARTESIAN_POINT('',(28.537566351831,-90.56102492457,
    19.138183186993));
#1527 = CARTESIAN_POINT('',(28.666700422212,-90.65018787899,
    18.807752038031));
#1528 = CARTESIAN_POINT('',(28.805627783961,-90.73138366793,
    18.479171943337));
#1529 = CARTESIAN_POINT('',(28.954113819233,-90.80453113242,
    18.152895557476));
#1530 = CARTESIAN_POINT('',(29.111889151579,-90.86958339138,
    17.829358001961));
#1531 = CARTESIAN_POINT('',(29.278651880658,-90.92652602852,
    17.508977278668));
#1532 = CARTESIAN_POINT('',(29.660551198848,-91.0328748771,
    16.81922835259));
#1533 = CARTESIAN_POINT('',(29.879036416574,-91.0791644701,
    16.451210001217));
#1534 = CARTESIAN_POINT('',(30.108989825855,-91.11427063921,
    16.088745970365));
#1535 = CARTESIAN_POINT('',(30.349840781125,-91.13828524326,
    15.732408745641));
#1536 = CARTESIAN_POINT('',(30.600995321062,-91.15135321233,
    15.382704098674));
#1537 = CARTESIAN_POINT('',(30.861845817896,-91.15366244016,
    15.040077035646));
#1538 = CARTESIAN_POINT('',(31.1317785905,-91.14543577543,
    14.704916552678));
#1539 = CARTESIAN_POINT('',(31.715826704399,-91.1066028605,
    14.018164276174));
#1540 = CARTESIAN_POINT('',(32.031688819149,-91.07388455452,
    13.668165109383));
#1541 = CARTESIAN_POINT('',(32.356972220387,-91.02910118663,
    13.327986533017));
#1542 = CARTESIAN_POINT('',(32.690899082087,-90.97261993536,
    12.997966799592));
#1543 = CARTESIAN_POINT('',(33.032716710873,-90.90483108793,
    12.678369336336));
#1544 = CARTESIAN_POINT('',(33.381705501224,-90.82613685549,
    12.369392859623));
#1545 = CARTESIAN_POINT('',(33.737185492337,-90.73694208044,
    12.071179846329));
#1546 = CARTESIAN_POINT('',(34.543370505718,-90.51540221091,
    11.430052283489));
#1547 = CARTESIAN_POINT('',(34.997077238248,-90.37785346232,
    11.09275070019));
#1548 = CARTESIAN_POINT('',(35.458480659816,-90.22574248729,
    10.772069432985));
#1549 = CARTESIAN_POINT('',(35.92649530562,-90.05980162847,
    10.468078681122));
#1550 = CARTESIAN_POINT('',(36.400115749019,-89.88074357315,
    10.180780719008));
#1551 = CARTESIAN_POINT('',(36.878421040067,-89.68925125212,
    9.910122592855));
#1552 = CARTESIAN_POINT('',(37.360579144045,-89.48596773858,
    9.656008817327));
#1553 = CARTESIAN_POINT('',(38.474435224704,-88.99366340461,
    9.110422819202));
#1554 = CARTESIAN_POINT('',(39.108171368732,-88.69708415336,
    8.830115807953));
#1555 = CARTESIAN_POINT('',(39.745475098783,-88.38303504792,
    8.577098188496));
#1556 = CARTESIAN_POINT('',(40.384886772101,-88.05271992328,
    8.351064166495));
#1557 = CARTESIAN_POINT('',(41.025071191133,-87.70726089013,
    8.151695813282));
#1558 = CARTESIAN_POINT('',(41.664817435948,-87.34769462514,
    7.978670061029));
#1559 = CARTESIAN_POINT('',(42.303039154421,-86.9749638561,
    7.831673883006));
#1560 = CARTESIAN_POINT('',(44.239025195391,-85.80235408997,
    7.462446814244));
#1561 = CARTESIAN_POINT('',(45.527607993146,-84.96399953143,
    7.322422840047));
#1562 = CARTESIAN_POINT('',(46.797340931847,-84.08155607185,
    7.287404425847));
#1563 = CARTESIAN_POINT('',(48.040564848784,-83.16121808112,
    7.356010784243));
#1564 = CARTESIAN_POINT('',(49.249481416112,-82.20905891346,
    7.527262767936));
#1565 = CARTESIAN_POINT('',(50.416069670399,-81.23100020011,
    7.800747260942));
#1566 = CARTESIAN_POINT('',(51.532130662641,-80.23288072914,
    8.176433408379));
#1567 = CARTESIAN_POINT('',(53.094734372826,-78.73531833187,
    8.885298690537));
#1568 = CARTESIAN_POINT('',(53.586808000291,-78.24734224582,
    9.138459297005));
#1569 = CARTESIAN_POINT('',(54.064028223079,-77.75691195952,
    9.415373472292));
#1570 = CARTESIAN_POINT('',(54.525231044336,-77.26480301568,9.7161343701
    ));
#1571 = CARTESIAN_POINT('',(54.969137863539,-76.77187999716,
    10.040821144618));
#1572 = CARTESIAN_POINT('',(55.394364612412,-76.27909711538,
    10.389486023173));
#1573 = CARTESIAN_POINT('',(55.799425921909,-75.78749867302,
    10.762148054983));
#1574 = CARTESIAN_POINT('',(56.485629461027,-74.91158473638,
    11.472227808116));
#1575 = CARTESIAN_POINT('',(56.774914520965,-74.52643229071,
    11.800610750069));
#1576 = CARTESIAN_POINT('',(57.049804056572,-74.14332971748,
    12.143924225471));
#1577 = CARTESIAN_POINT('',(57.309443207717,-73.76291934919,
    12.502103714259));
#1578 = CARTESIAN_POINT('',(57.552920495151,-73.38591539973,
    12.875026821333));
#1579 = CARTESIAN_POINT('',(57.779280618008,-73.01310116682,
    13.262501785165));
#1580 = CARTESIAN_POINT('',(57.987537251312,-72.64532623452,
    13.664255986396));
#1581 = CARTESIAN_POINT('',(58.329651693332,-71.99089512613,
    14.4160785882));
#1582 = CARTESIAN_POINT('',(58.470115873534,-71.70218907853,
    14.76132152216));
#1583 = CARTESIAN_POINT('',(58.597542709134,-71.41787940114,
    15.115445897718));
#1584 = CARTESIAN_POINT('',(58.711387156391,-71.13849664885,
    15.478189481605));
#1585 = CARTESIAN_POINT('',(58.811104066054,-70.86460447024,
    15.849229714683));
#1586 = CARTESIAN_POINT('',(58.896159857474,-70.59679501566,
    16.228176956357));
#1587 = CARTESIAN_POINT('',(58.96604660354,-70.3356833463,16.61456642659
    ));
#1588 = CARTESIAN_POINT('',(59.050062935772,-69.94266732267,
    17.223616661134));
#1589 = CARTESIAN_POINT('',(59.075121166922,-69.80564039679,
    17.441458436133));
#1590 = CARTESIAN_POINT('',(59.095396300927,-69.67092513337,
    17.661282000618));
#1591 = CARTESIAN_POINT('',(59.110815444637,-69.53862753153,
    17.882988258561));
#1592 = CARTESIAN_POINT('',(59.121310664239,-69.40885403914,
    18.106470860242));
#1593 = CARTESIAN_POINT('',(59.126819918763,-69.28171106923,
    18.331615874657));
#1594 = CARTESIAN_POINT('',(59.127287993595,-69.1573045164,
    18.558301461929));
#1595 = CARTESIAN_POINT('',(59.113422384299,-68.79250537767,
    19.242783743219));
#1596 = CARTESIAN_POINT('',(59.083804445674,-68.56061382788,
    19.704877560303));
#1597 = CARTESIAN_POINT('',(59.033425765537,-68.34094702796,
    20.171570001348));
#1598 = CARTESIAN_POINT('',(58.962041969578,-68.13431859649,
    20.641691604829));
#1599 = CARTESIAN_POINT('',(58.869558046454,-67.9414694312,
    21.114011998967));
#1600 = CARTESIAN_POINT('',(58.756042461374,-67.76305826667,
    21.587238843084));
#1601 = CARTESIAN_POINT('',(58.621749498574,-67.59964672508,
    22.060016154681));
#1602 = CARTESIAN_POINT('',(58.358535926166,-67.34772412134,
    22.861756669132));
#1603 = CARTESIAN_POINT('',(58.239888084297,-67.25138173252,
    23.191700709432));
#1604 = CARTESIAN_POINT('',(58.111362701899,-67.16280372222,
    23.5202734892));
#1605 = CARTESIAN_POINT('',(57.973154511447,-67.08210506103,
    23.847012323823));
#1606 = CARTESIAN_POINT('',(57.825494407968,-67.00936542708,
    24.171472093936));
#1607 = CARTESIAN_POINT('',(57.668647273942,-66.94463097177,
    24.493224841347));
#1608 = CARTESIAN_POINT('',(57.502909804194,-66.88791608536,
    24.811859364962));
#1609 = CARTESIAN_POINT('',(57.125005430402,-66.78230555676,
    25.495076623984));
#1610 = CARTESIAN_POINT('',(56.909705820471,-66.73632373687,
    25.85839989777));
#1611 = CARTESIAN_POINT('',(56.68322380444,-66.70123472314,
    26.216329057612));
#1612 = CARTESIAN_POINT('',(56.446107060907,-66.67695159474,
    26.568312391763));
#1613 = CARTESIAN_POINT('',(56.198925708604,-66.66333689254,
    26.913861410592));
#1614 = CARTESIAN_POINT('',(55.942263261288,-66.66021207643,
    27.252545302447));
#1615 = CARTESIAN_POINT('',(55.676709472544,-66.66736503712,
    27.583986491986));
#1616 = CARTESIAN_POINT('',(55.105707525801,-66.70320846541,
    28.259275481545));
#1617 = CARTESIAN_POINT('',(54.798779431787,-66.73367965428,
    28.601789833403));
#1618 = CARTESIAN_POINT('',(54.482808393464,-66.77566456835,
    28.935000063078));
#1619 = CARTESIAN_POINT('',(54.158518318921,-66.82882496704,
    29.258584997089));
#1620 = CARTESIAN_POINT('',(53.826610955426,-66.89280077233,
    29.572292109177));
#1621 = CARTESIAN_POINT('',(53.487758675318,-66.96722012952,
    29.875928498067));
#1622 = CARTESIAN_POINT('',(53.142598511711,-67.05170778671,
    30.169353315752));
#1623 = CARTESIAN_POINT('',(52.346738480308,-67.26533978127,
    30.811533832208));
#1624 = CARTESIAN_POINT('',(51.892582387244,-67.40037894386,
    31.154003437678));
#1625 = CARTESIAN_POINT('',(51.430451679874,-67.5502551289,
    31.479711229819));
#1626 = CARTESIAN_POINT('',(50.961461702764,-67.71422219713,
    31.788573452182));
#1627 = CARTESIAN_POINT('',(50.486645798609,-67.89155278391,
    32.080578429963));
#1628 = CARTESIAN_POINT('',(50.006950476825,-68.08154906135,
    32.355773175196));
#1629 = CARTESIAN_POINT('',(49.52323058215,-68.2835535006,
    32.614249991933));
#1630 = CARTESIAN_POINT('',(48.401294527037,-68.7752061907,
    33.171508913082));
#1631 = CARTESIAN_POINT('',(47.760868849683,-69.07280167237,
    33.458637758335));
#1632 = CARTESIAN_POINT('',(47.116624796147,-69.38840478458,
    33.717820042036));
#1633 = CARTESIAN_POINT('',(46.470087066779,-69.72076105877,
    33.949369665973));
#1634 = CARTESIAN_POINT('',(45.822648357323,-70.06870181723,
    34.153615043673));
#1635 = CARTESIAN_POINT('',(45.175569503494,-70.43114827294,
    34.330891422247));
#1636 = CARTESIAN_POINT('',(44.529979110131,-70.80712076443,
    34.481524491286));
#1637 = CARTESIAN_POINT('',(42.549570968638,-72.00389106251,
    34.864239802687));
#1638 = CARTESIAN_POINT('',(41.224442051048,-72.8659056467,
    35.008448740286));
#1639 = CARTESIAN_POINT('',(39.919225735815,-73.77451157866,
    35.041701382014));
#1640 = CARTESIAN_POINT('',(38.642237192032,-74.72300715157,
    34.965454374293));
#1641 = CARTESIAN_POINT('',(37.401961282244,-75.70479880388,
    34.780746632644));
#1642 = CARTESIAN_POINT('',(36.207160232258,-76.71344527989,
    34.487978976806));
#1643 = CARTESIAN_POINT('',(35.06681093143,-77.74256517166,
    34.087164395104));
#1644 = CARTESIAN_POINT('',(33.463439821109,-79.29746209151,
    33.326436588254));
#1645 = CARTESIAN_POINT('',(32.951895687331,-79.81196183504,
    33.050076409355));
#1646 = CARTESIAN_POINT('',(32.457238627166,-80.32888276804,
    32.747384641796));
#1647 = CARTESIAN_POINT('',(31.980857325131,-80.84729991097,
    32.418249662355));
#1648 = CARTESIAN_POINT('',(31.524287522521,-81.3661705074,
    32.062584247568));
#1649 = CARTESIAN_POINT('',(31.0891985148,-81.88433350419,
    31.680344040796));
#1650 = CARTESIAN_POINT('',(30.677386344649,-82.40050904468,
    31.271537308918));
#1651 = CARTESIAN_POINT('',(29.986511570226,-83.31686015989,
    30.493638274533));
#1652 = CARTESIAN_POINT('',(29.697889515025,-83.71828168133,
    30.13467132853));
#1653 = CARTESIAN_POINT('',(29.42584973249,-84.1168675422,
    29.759372572101));
#1654 = CARTESIAN_POINT('',(29.171417355214,-84.51182667445,
    29.36785736875));
#1655 = CARTESIAN_POINT('',(28.935683644674,-84.90227591519,
    28.960323550131));
#1656 = CARTESIAN_POINT('',(28.719787161082,-85.28724461553,
    28.537067424346));
#1657 = CARTESIAN_POINT('',(28.524892899382,-85.66567988247,
    28.098501266416));
#1658 = CARTESIAN_POINT('',(28.352169391404,-86.03645245367,
    27.645172290908));
#1659 = PCURVE('',#32,#1660);
#1660 = DEFINITIONAL_REPRESENTATION('',(#1661),#1818);
#1661 = B_SPLINE_CURVE_WITH_KNOTS('',8,(#1662,#1663,#1664,#1665,#1666,
    #1667,#1668,#1669,#1670,#1671,#1672,#1673,#1674,#1675,#1676,#1677,
    #1678,#1679,#1680,#1681,#1682,#1683,#1684,#1685,#1686,#1687,#1688,
    #1689,#1690,#1691,#1692,#1693,#1694,#1695,#1696,#1697,#1698,#1699,
    #1700,#1701,#1702,#1703,#1704,#1705,#1706,#1707,#1708,#1709,#1710,
    #1711,#1712,#1713,#1714,#1715,#1716,#1717,#1718,#1719,#1720,#1721,
    #1722,#1723,#1724,#1725,#1726,#1727,#1728,#1729,#1730,#1731,#1732,
    #1733,#1734,#1735,#1736,#1737,#1738,#1739,#1740,#1741,#1742,#1743,
    #1744,#1745,#1746,#1747,#1748,#1749,#1750,#1751,#1752,#1753,#1754,
    #1755,#1756,#1757,#1758,#1759,#1760,#1761,#1762,#1763,#1764,#1765,
    #1766,#1767,#1768,#1769,#1770,#1771,#1772,#1773,#1774,#1775,#1776,
    #1777,#1778,#1779,#1780,#1781,#1782,#1783,#1784,#1785,#1786,#1787,
    #1788,#1789,#1790,#1791,#1792,#1793,#1794,#1795,#1796,#1797,#1798,
    #1799,#1800,#1801,#1802,#1803,#1804,#1805,#1806,#1807,#1808,#1809,
    #1810,#1811,#1812,#1813,#1814,#1815,#1816,#1817),.UNSPECIFIED.,.T.,
  .F.,(9,7,7,7,7,7,7,7,7,7,7,7,7,7,7,7,7,7,7,7,7,7,9),(0.,
    3.142608844993E-02,4.926852308153E-02,8.517358432966E-02,
    0.112409681639,0.144468814977,0.179665487852,0.22299690932,
    0.279125056543,0.393922077791,0.448880162031,0.492308734778,
    0.527429739177,0.546698290313,0.585251783378,0.612337517797,
    0.643976573854,0.678306742567,0.7218456593,0.778613257654,
    0.896658110317,0.954488101679,1.),.UNSPECIFIED.);
#1662 = CARTESIAN_POINT('',(5.085744319581,0.421321434366));
#1663 = CARTESIAN_POINT('',(5.083590298202,0.416536344406));
#1664 = CARTESIAN_POINT('',(5.081570733319,0.411650145143));
#1665 = CARTESIAN_POINT('',(5.079690136103,0.406665966358));
#1666 = CARTESIAN_POINT('',(5.077952977414,0.401587478946));
#1667 = CARTESIAN_POINT('',(5.076363618313,0.39641893549));
#1668 = CARTESIAN_POINT('',(5.07492622926,0.391165224467));
#1669 = CARTESIAN_POINT('',(5.073644697974,0.385831938077));
#1670 = CARTESIAN_POINT('',(5.071885403094,0.37735587525));
#1671 = CARTESIAN_POINT('',(5.071299649736,0.374262701495));
#1672 = CARTESIAN_POINT('',(5.070765908156,0.371147110993));
#1673 = CARTESIAN_POINT('',(5.070284777273,0.368010351499));
#1674 = CARTESIAN_POINT('',(5.069856806501,0.3648537433));
#1675 = CARTESIAN_POINT('',(5.069482489571,0.361678682544));
#1676 = CARTESIAN_POINT('',(5.069162258353,0.358486644571));
#1677 = CARTESIAN_POINT('',(5.068361633338,0.348824689625));
#1678 = CARTESIAN_POINT('',(5.068047229068,0.34230710225));
#1679 = CARTESIAN_POINT('',(5.067956365079,0.335739834755));
#1680 = CARTESIAN_POINT('',(5.068090789869,0.329136831483));
#1681 = CARTESIAN_POINT('',(5.068450915919,0.322512598104));
#1682 = CARTESIAN_POINT('',(5.069035764926,0.315882238332));
#1683 = CARTESIAN_POINT('',(5.06984284157,0.309261500724));
#1684 = CARTESIAN_POINT('',(5.071645529981,0.297664394821));
#1685 = CARTESIAN_POINT('',(5.072548647899,0.292676501951));
#1686 = CARTESIAN_POINT('',(5.073575501669,0.287710191281));
#1687 = CARTESIAN_POINT('',(5.074723853562,0.282772223946));
#1688 = CARTESIAN_POINT('',(5.075991049345,0.277869101279));
#1689 = CARTESIAN_POINT('',(5.077374051613,0.273007078183));
#1690 = CARTESIAN_POINT('',(5.078869473121,0.268192176502));
#1691 = CARTESIAN_POINT('',(5.082361811699,0.257824957341));
#1692 = CARTESIAN_POINT('',(5.084400747588,0.252292713632));
#1693 = CARTESIAN_POINT('',(5.086584432718,0.246842805347));
#1694 = CARTESIAN_POINT('',(5.088906478433,0.241483516896));
#1695 = CARTESIAN_POINT('',(5.091360240893,0.236222194375));
#1696 = CARTESIAN_POINT('',(5.093938938378,0.231065338207));
#1697 = CARTESIAN_POINT('',(5.096635737492,0.226018673068));
#1698 = CARTESIAN_POINT('',(5.102526697255,0.215673086897));
#1699 = CARTESIAN_POINT('',(5.105743786158,0.21039767297));
#1700 = CARTESIAN_POINT('',(5.109086232852,0.205267255308));
#1701 = CARTESIAN_POINT('',(5.112545382772,0.200286922018));
#1702 = CARTESIAN_POINT('',(5.116112873066,0.195460713075));
#1703 = CARTESIAN_POINT('',(5.11978071998,0.190791760099));
#1704 = CARTESIAN_POINT('',(5.123541389488,0.186282400165));
#1705 = CARTESIAN_POINT('',(5.132123317316,0.176581174222));
#1706 = CARTESIAN_POINT('',(5.136988621362,0.171472665731));
#1707 = CARTESIAN_POINT('',(5.141970905466,0.166611440158));
#1708 = CARTESIAN_POINT('',(5.147058180433,0.161999066905));
#1709 = CARTESIAN_POINT('',(5.152239371462,0.157636146355));
#1710 = CARTESIAN_POINT('',(5.157504363891,0.153522473444));
#1711 = CARTESIAN_POINT('',(5.16284404894,0.149657201238));
#1712 = CARTESIAN_POINT('',(5.175253295815,0.141352274378));
#1713 = CARTESIAN_POINT('',(5.182367220697,0.137080643714));
#1714 = CARTESIAN_POINT('',(5.1895748618,0.133220902625));
#1715 = CARTESIAN_POINT('',(5.196860414175,0.129769627699));
#1716 = CARTESIAN_POINT('',(5.204209500293,0.126723103727));
#1717 = CARTESIAN_POINT('',(5.211609163176,0.124077388139));
#1718 = CARTESIAN_POINT('',(5.219047902575,0.121828518127));
#1719 = CARTESIAN_POINT('',(5.241789501239,0.116177545973));
#1720 = CARTESIAN_POINT('',(5.25717011341,0.114030785166));
#1721 = CARTESIAN_POINT('',(5.272583710633,0.113492946268));
#1722 = CARTESIAN_POINT('',(5.287952899823,0.114545174428));
#1723 = CARTESIAN_POINT('',(5.303198982079,0.117171311619));
#1724 = CARTESIAN_POINT('',(5.318241741484,0.12136044651));
#1725 = CARTESIAN_POINT('',(5.332999765566,0.127104980156));
#1726 = CARTESIAN_POINT('',(5.354277463524,0.13792027716));
#1727 = CARTESIAN_POINT('',(5.361078600584,0.14177990671));
#1728 = CARTESIAN_POINT('',(5.367781928578,0.145998107008));
#1729 = CARTESIAN_POINT('',(5.374375576319,0.150575271698));
#1730 = CARTESIAN_POINT('',(5.380846209707,0.155511537858));
#1731 = CARTESIAN_POINT('',(5.387179070832,0.16080663518));
#1732 = CARTESIAN_POINT('',(5.393357955747,0.166459849306));
#1733 = CARTESIAN_POINT('',(5.404112076652,0.17721947485));
#1734 = CARTESIAN_POINT('',(5.408751384175,0.182191379995));
#1735 = CARTESIAN_POINT('',(5.413274228519,0.187385111283));
#1736 = CARTESIAN_POINT('',(5.417670725991,0.192799310911));
#1737 = CARTESIAN_POINT('',(5.421930004168,0.198431821419));
#1738 = CARTESIAN_POINT('',(5.426040271883,0.204279540358));
#1739 = CARTESIAN_POINT('',(5.429988889222,0.210338274968));
#1740 = CARTESIAN_POINT('',(5.436814133623,0.221668599763));
#1741 = CARTESIAN_POINT('',(5.439751232901,0.226868888952));
#1742 = CARTESIAN_POINT('',(5.442566529371,0.232200378083));
#1743 = CARTESIAN_POINT('',(5.445252405207,0.237659219978));
#1744 = CARTESIAN_POINT('',(5.447800899377,0.243240736033));
#1745 = CARTESIAN_POINT('',(5.450203802731,0.248939321563));
#1746 = CARTESIAN_POINT('',(5.452452779573,0.254748327083));
#1747 = CARTESIAN_POINT('',(5.455684368538,0.263903209555));
#1748 = CARTESIAN_POINT('',(5.45678038274,0.267177368783));
#1749 = CARTESIAN_POINT('',(5.457826180332,0.270481076772));
#1750 = CARTESIAN_POINT('',(5.458820390173,0.273812920685));
#1751 = CARTESIAN_POINT('',(5.45976165788,0.277171385771));
#1752 = CARTESIAN_POINT('',(5.460648655757,0.280554849851));
#1753 = CARTESIAN_POINT('',(5.461480092722,0.28396157781));
#1754 = CARTESIAN_POINT('',(5.463804646199,0.294248908793));
#1755 = CARTESIAN_POINT('',(5.4651273628,0.301194729781));
#1756 = CARTESIAN_POINT('',(5.46621256706,0.30821132229));
#1757 = CARTESIAN_POINT('',(5.467051202786,0.315282002165));
#1758 = CARTESIAN_POINT('',(5.467635542763,0.322389216214));
#1759 = CARTESIAN_POINT('',(5.467959402327,0.329514480895));
#1760 = CARTESIAN_POINT('',(5.468018488292,0.336638301373));
#1761 = CARTESIAN_POINT('',(5.467665030472,0.348729415049));
#1762 = CARTESIAN_POINT('',(5.467387528744,0.353708374183));
#1763 = CARTESIAN_POINT('',(5.466977673532,0.358669992118));
#1764 = CARTESIAN_POINT('',(5.466435282892,0.363607554517));
#1765 = CARTESIAN_POINT('',(5.465760687073,0.368514576944));
#1766 = CARTESIAN_POINT('',(5.464954718096,0.373384792876));
#1767 = CARTESIAN_POINT('',(5.464018699351,0.378212141729));
#1768 = CARTESIAN_POINT('',(5.461711259963,0.388572694225));
#1769 = CARTESIAN_POINT('',(5.460293029626,0.394088454004));
#1770 = CARTESIAN_POINT('',(5.458702573019,0.399528806285));
#1771 = CARTESIAN_POINT('',(5.456943480263,0.404885484227));
#1772 = CARTESIAN_POINT('',(5.455019972064,0.410151082314));
#1773 = CARTESIAN_POINT('',(5.452936789716,0.41531897522));
#1774 = CARTESIAN_POINT('',(5.450699105811,0.420383257311));
#1775 = CARTESIAN_POINT('',(5.445722804968,0.430715641925));
#1776 = CARTESIAN_POINT('',(5.442957700459,0.435964582301));
#1777 = CARTESIAN_POINT('',(5.440024056399,0.441079129026));
#1778 = CARTESIAN_POINT('',(5.436929126066,0.446053983046));
#1779 = CARTESIAN_POINT('',(5.433680363475,0.450884800469));
#1780 = CARTESIAN_POINT('',(5.430285296559,0.455568074272));
#1781 = CARTESIAN_POINT('',(5.426751411781,0.460101038382));
#1782 = CARTESIAN_POINT('',(5.418437489461,0.47003719319));
#1783 = CARTESIAN_POINT('',(5.413577651753,0.475347419006));
#1784 = CARTESIAN_POINT('',(5.408521257792,0.480408359438));
#1785 = CARTESIAN_POINT('',(5.40328289701,0.485217326269));
#1786 = CARTESIAN_POINT('',(5.397876851278,0.489772693322));
#1787 = CARTESIAN_POINT('',(5.392316918645,0.494073734559));
#1788 = CARTESIAN_POINT('',(5.386616237087,0.498120462174));
#1789 = CARTESIAN_POINT('',(5.373186881371,0.506858917179));
#1790 = CARTESIAN_POINT('',(5.365369212806,0.511372442517));
#1791 = CARTESIAN_POINT('',(5.357361132528,0.515455718656));
#1792 = CARTESIAN_POINT('',(5.349188948388,0.519110820534));
#1793 = CARTESIAN_POINT('',(5.340878048732,0.522340336085));
#1794 = CARTESIAN_POINT('',(5.332452674343,0.525147316348));
#1795 = CARTESIAN_POINT('',(5.323935659708,0.527535059642));
#1796 = CARTESIAN_POINT('',(5.297490913415,0.533606701055));
#1797 = CARTESIAN_POINT('',(5.27934795817,0.535903156543));
#1798 = CARTESIAN_POINT('',(5.261094896087,0.536434866206));
#1799 = CARTESIAN_POINT('',(5.242914049601,0.535219761075));
#1800 = CARTESIAN_POINT('',(5.224989302295,0.532277271817));
#1801 = CARTESIAN_POINT('',(5.207500116242,0.527624933599));
#1802 = CARTESIAN_POINT('',(5.190616421221,0.521279982743));
#1803 = CARTESIAN_POINT('',(5.166605565013,0.509296021947));
#1804 = CARTESIAN_POINT('',(5.158898680606,0.504949835324));
#1805 = CARTESIAN_POINT('',(5.15140032425,0.500198726102));
#1806 = CARTESIAN_POINT('',(5.144132289476,0.495043661608));
#1807 = CARTESIAN_POINT('',(5.137117450053,0.489486146892));
#1808 = CARTESIAN_POINT('',(5.130379470146,0.483528418032));
#1809 = CARTESIAN_POINT('',(5.123942614828,0.477173480257));
#1810 = CARTESIAN_POINT('',(5.113022372434,0.465113965321));
#1811 = CARTESIAN_POINT('',(5.108415448744,0.459559758288));
#1812 = CARTESIAN_POINT('',(5.104023060991,0.453764415529));
#1813 = CARTESIAN_POINT('',(5.099858140274,0.447730968501));
#1814 = CARTESIAN_POINT('',(5.095934124235,0.441463604942));
#1815 = CARTESIAN_POINT('',(5.092264709449,0.434967861433));
#1816 = CARTESIAN_POINT('',(5.088863609619,0.428250837943));
#1817 = CARTESIAN_POINT('',(5.085744319581,0.421321434366));
#1818 = ( GEOMETRIC_REPRESENTATION_CONTEXT(2) 
PARAMETRIC_REPRESENTATION_CONTEXT() REPRESENTATION_CONTEXT('2D SPACE',''
  ) );
#1819 = PCURVE('',#1820,#1825);
#1820 = PLANE('',#1821);
#1821 = AXIS2_PLACEMENT_3D('',#1822,#1823,#1824);
#1822 = CARTESIAN_POINT('',(43.293109554382,-79.16502314836,
    20.816121106977));
#1823 = DIRECTION('',(0.528704674619,-0.744571824884,0.407534249635));
#1824 = DIRECTION('',(-0.815352651373,-0.578964639592,0.));
#1825 = DEFINITIONAL_REPRESENTATION('',(#1826),#1983);
#1826 = B_SPLINE_CURVE_WITH_KNOTS('',8,(#1827,#1828,#1829,#1830,#1831,
    #1832,#1833,#1834,#1835,#1836,#1837,#1838,#1839,#1840,#1841,#1842,
    #1843,#1844,#1845,#1846,#1847,#1848,#1849,#1850,#1851,#1852,#1853,
    #1854,#1855,#1856,#1857,#1858,#1859,#1860,#1861,#1862,#1863,#1864,
    #1865,#1866,#1867,#1868,#1869,#1870,#1871,#1872,#1873,#1874,#1875,
    #1876,#1877,#1878,#1879,#1880,#1881,#1882,#1883,#1884,#1885,#1886,
    #1887,#1888,#1889,#1890,#1891,#1892,#1893,#1894,#1895,#1896,#1897,
    #1898,#1899,#1900,#1901,#1902,#1903,#1904,#1905,#1906,#1907,#1908,
    #1909,#1910,#1911,#1912,#1913,#1914,#1915,#1916,#1917,#1918,#1919,
    #1920,#1921,#1922,#1923,#1924,#1925,#1926,#1927,#1928,#1929,#1930,
    #1931,#1932,#1933,#1934,#1935,#1936,#1937,#1938,#1939,#1940,#1941,
    #1942,#1943,#1944,#1945,#1946,#1947,#1948,#1949,#1950,#1951,#1952,
    #1953,#1954,#1955,#1956,#1957,#1958,#1959,#1960,#1961,#1962,#1963,
    #1964,#1965,#1966,#1967,#1968,#1969,#1970,#1971,#1972,#1973,#1974,
    #1975,#1976,#1977,#1978,#1979,#1980,#1981,#1982),.UNSPECIFIED.,.T.,
  .F.,(9,7,7,7,7,7,7,7,7,7,7,7,7,7,7,7,7,7,7,7,7,7,9),(0.,
    3.142608844993E-02,4.926852308153E-02,8.517358432966E-02,
    0.112409681639,0.144468814977,0.179665487852,0.22299690932,
    0.279125056543,0.393922077791,0.448880162031,0.492308734778,
    0.527429739177,0.546698290313,0.585251783378,0.612337517797,
    0.643976573854,0.678306742567,0.7218456593,0.778613257654,
    0.896658110317,0.954488101679,1.),.UNSPECIFIED.);
#1827 = CARTESIAN_POINT('',(16.160449767129,-7.478237562982));
#1828 = CARTESIAN_POINT('',(16.405936189665,-7.135432979914));
#1829 = CARTESIAN_POINT('',(16.640678549054,-6.784931283005));
#1830 = CARTESIAN_POINT('',(16.864139596765,-6.426944098838));
#1831 = CARTESIAN_POINT('',(17.075769209609,-6.061726126997));
#1832 = CARTESIAN_POINT('',(17.275010807962,-5.68957872677));
#1833 = CARTESIAN_POINT('',(17.46130935891,-5.31085432096));
#1834 = CARTESIAN_POINT('',(17.634120964306,-4.925961616827));
#1835 = CARTESIAN_POINT('',(17.883085855528,-4.313610795149));
#1836 = CARTESIAN_POINT('',(17.968732014951,-4.090013438113));
#1837 = CARTESIAN_POINT('',(18.049766825154,-3.864666593155));
#1838 = CARTESIAN_POINT('',(18.126097314358,-3.637662873524));
#1839 = CARTESIAN_POINT('',(18.197633946561,-3.409100713188));
#1840 = CARTESIAN_POINT('',(18.26429134223,-3.179084594412));
#1841 = CARTESIAN_POINT('',(18.325988998988,-2.947725275349));
#1842 = CARTESIAN_POINT('',(18.496677312424,-2.247099187053));
#1843 = CARTESIAN_POINT('',(18.590326360566,-1.774046845865));
#1844 = CARTESIAN_POINT('',(18.662968920569,-1.296990139223));
#1845 = CARTESIAN_POINT('',(18.714097336864,-0.816983671277));
#1846 = CARTESIAN_POINT('',(18.743331684975,-0.335129749517));
#1847 = CARTESIAN_POINT('',(18.750431393422,0.14742096879));
#1848 = CARTESIAN_POINT('',(18.735313337016,0.629468428101));
#1849 = CARTESIAN_POINT('',(18.669829999449,1.474092391908));
#1850 = CARTESIAN_POINT('',(18.628853333813,1.837446820007));
#1851 = CARTESIAN_POINT('',(18.575185724916,2.199289565594));
#1852 = CARTESIAN_POINT('',(18.508920422848,2.559105291147));
#1853 = CARTESIAN_POINT('',(18.430201735712,2.916398311648));
#1854 = CARTESIAN_POINT('',(18.339222157825,3.270692141863));
#1855 = CARTESIAN_POINT('',(18.236219497908,3.621529043631));
#1856 = CARTESIAN_POINT('',(17.986409099056,4.376847196782));
#1857 = CARTESIAN_POINT('',(17.835066635024,4.779850276563));
#1858 = CARTESIAN_POINT('',(17.667898743623,5.176771028471));
#1859 = CARTESIAN_POINT('',(17.485423885233,5.566982545013));
#1860 = CARTESIAN_POINT('',(17.288210257194,5.949930974665));
#1861 = CARTESIAN_POINT('',(17.076862074249,6.325129007865));
#1862 = CARTESIAN_POINT('',(16.852008724431,6.692150669564));
#1863 = CARTESIAN_POINT('',(16.35332066164,7.444187304272));
#1864 = CARTESIAN_POINT('',(16.076838906678,7.827458251526));
#1865 = CARTESIAN_POINT('',(15.785690236584,8.199975038908));
#1866 = CARTESIAN_POINT('',(15.480721437242,8.561367258787));
#1867 = CARTESIAN_POINT('',(15.162772181708,8.911346441894));
#1868 = CARTESIAN_POINT('',(14.832662068273,9.249694981391));
#1869 = CARTESIAN_POINT('',(14.491179894216,9.576256856199));
#1870 = CARTESIAN_POINT('',(13.705591055341,10.2783315799));
#1871 = CARTESIAN_POINT('',(13.256024206375,10.647697880186));
#1872 = CARTESIAN_POINT('',(12.791750827409,10.998863896309));
#1873 = CARTESIAN_POINT('',(12.314079955554,11.331752755706));
#1874 = CARTESIAN_POINT('',(11.82424398882,11.646361967759));
#1875 = CARTESIAN_POINT('',(11.323389218967,11.942749520174));
#1876 = CARTESIAN_POINT('',(10.812566364353,12.221019975358));
#1877 = CARTESIAN_POINT('',(9.619354054454,12.818470718533));
#1878 = CARTESIAN_POINT('',(8.930926709839,13.125424402761));
#1879 = CARTESIAN_POINT('',(8.229476096667,13.402494498584));
#1880 = CARTESIAN_POINT('',(7.516889316418,13.650015869902));
#1881 = CARTESIAN_POINT('',(6.794904688371,13.86833666846));
#1882 = CARTESIAN_POINT('',(6.065109738435,14.057810673707));
#1883 = CARTESIAN_POINT('',(5.328936032753,14.218780669465));
#1884 = CARTESIAN_POINT('',(3.071525090596,14.623107370279));
#1885 = CARTESIAN_POINT('',(1.535498045096,14.776442367389));
#1886 = CARTESIAN_POINT('',(-1.068563254556E-02,14.814789718056));
#1887 = CARTESIAN_POINT('',(-1.557194702581,14.739661470719));
#1888 = CARTESIAN_POINT('',(-3.09415452038,14.552129852828));
#1889 = CARTESIAN_POINT('',(-4.611596757047,14.252647252185));
#1890 = CARTESIAN_POINT('',(-6.099455925947,13.841247456812));
#1891 = CARTESIAN_POINT('',(-8.240564677692,13.064995699818));
#1892 = CARTESIAN_POINT('',(-8.924299113308,12.787769024286));
#1893 = CARTESIAN_POINT('',(-9.5973436812,12.48453070734));
#1894 = CARTESIAN_POINT('',(-10.25830030164,12.155178739859));
#1895 = CARTESIAN_POINT('',(-10.9056259014,11.799626443059));
#1896 = CARTESIAN_POINT('',(-11.53763952208,11.417816624759));
#1897 = CARTESIAN_POINT('',(-12.15252544975,11.009728424873));
#1898 = CARTESIAN_POINT('',(-13.21914652139,10.23214674631));
#1899 = CARTESIAN_POINT('',(-13.67800550891,9.872546915321));
#1900 = CARTESIAN_POINT('',(-14.12394026384,9.496597217701));
#1901 = CARTESIAN_POINT('',(-14.5558818859,9.104368306949));
#1902 = CARTESIAN_POINT('',(-14.97267369349,8.695994213343));
#1903 = CARTESIAN_POINT('',(-15.37308327781,8.271684927734));
#1904 = CARTESIAN_POINT('',(-15.75581455707,7.831738985345));
#1905 = CARTESIAN_POINT('',(-16.41365094525,7.008446280389));
#1906 = CARTESIAN_POINT('',(-16.6953293798,6.630383705142));
#1907 = CARTESIAN_POINT('',(-16.96383243797,6.242595396643));
#1908 = CARTESIAN_POINT('',(-17.21840854437,5.845368516701));
#1909 = CARTESIAN_POINT('',(-17.45828687753,5.439056287718));
#1910 = CARTESIAN_POINT('',(-17.68268954692,5.024085390481));
#1911 = CARTESIAN_POINT('',(-17.89084631417,4.600964788158));
#1912 = CARTESIAN_POINT('',(-18.18689163389,3.93401674237));
#1913 = CARTESIAN_POINT('',(-18.28665667385,3.695466393177));
#1914 = CARTESIAN_POINT('',(-18.38118343206,3.454745860722));
#1915 = CARTESIAN_POINT('',(-18.47035110513,3.211963661344));
#1916 = CARTESIAN_POINT('',(-18.55404267351,2.96723625463));
#1917 = CARTESIAN_POINT('',(-18.63214594254,2.720688402143));
#1918 = CARTESIAN_POINT('',(-18.70455458362,2.47245352616));
#1919 = CARTESIAN_POINT('',(-18.9044550242,1.722902677986));
#1920 = CARTESIAN_POINT('',(-19.01456296696,1.216881087656));
#1921 = CARTESIAN_POINT('',(-19.10066588618,0.705823716876));
#1922 = CARTESIAN_POINT('',(-19.16209347424,0.191011199056));
#1923 = CARTESIAN_POINT('',(-19.19833930979,-0.326209131861));
#1924 = CARTESIAN_POINT('',(-19.20907783209,-0.844422082119));
#1925 = CARTESIAN_POINT('',(-19.19419121309,-1.362142766192));
#1926 = CARTESIAN_POINT('',(-19.12543360843,-2.240098703181));
#1927 = CARTESIAN_POINT('',(-19.08447261241,-2.60140803436));
#1928 = CARTESIAN_POINT('',(-19.03096263691,-2.961215749612));
#1929 = CARTESIAN_POINT('',(-18.96499589367,-3.31901518039));
#1930 = CARTESIAN_POINT('',(-18.88671451275,-3.674318893188));
#1931 = CARTESIAN_POINT('',(-18.79630774675,-4.026658247057));
#1932 = CARTESIAN_POINT('',(-18.69400917513,-4.375582951116));
#1933 = CARTESIAN_POINT('',(-18.44702860362,-5.123748520898));
#1934 = CARTESIAN_POINT('',(-18.2981053436,-5.521610197485));
#1935 = CARTESIAN_POINT('',(-18.13375792953,-5.913564982406));
#1936 = CARTESIAN_POINT('',(-17.95448323669,-6.299008716842));
#1937 = CARTESIAN_POINT('',(-17.76082569687,-6.677406474139));
#1938 = CARTESIAN_POINT('',(-17.55336444798,-7.048286488628));
#1939 = CARTESIAN_POINT('',(-17.33270315094,-7.41123529173));
#1940 = CARTESIAN_POINT('',(-16.84638312218,-8.15071891128));
#1941 = CARTESIAN_POINT('',(-16.57848674606,-8.52579351871));
#1942 = CARTESIAN_POINT('',(-16.29655114156,-8.890679531248));
#1943 = CARTESIAN_POINT('',(-16.0013623784,-9.245025243875));
#1944 = CARTESIAN_POINT('',(-15.69370110052,-9.588554124565));
#1945 = CARTESIAN_POINT('',(-15.37433081919,-9.921054934374));
#1946 = CARTESIAN_POINT('',(-15.04398819865,-10.24237343593));
#1947 = CARTESIAN_POINT('',(-14.27139624119,-10.94560120961));
#1948 = CARTESIAN_POINT('',(-13.82291596647,-11.32062681695));
#1949 = CARTESIAN_POINT('',(-13.35934345748,-11.67729719181));
#1950 = CARTESIAN_POINT('',(-12.88202010161,-12.01552061566));
#1951 = CARTESIAN_POINT('',(-12.39220955599,-12.33528430385));
#1952 = CARTESIAN_POINT('',(-11.89108757722,-12.6366397375));
#1953 = CARTESIAN_POINT('',(-11.37973185121,-12.9196879953));
#1954 = CARTESIAN_POINT('',(-10.18030879147,-13.52992131824));
#1955 = CARTESIAN_POINT('',(-9.485838756651,-13.84434533676));
#1956 = CARTESIAN_POINT('',(-8.777829617357,-14.12816612496));
#1957 = CARTESIAN_POINT('',(-8.058250834997,-14.38172742488));
#1958 = CARTESIAN_POINT('',(-7.32891457082,-14.60538886985));
#1959 = CARTESIAN_POINT('',(-6.591473430104,-14.7995175764));
#1960 = CARTESIAN_POINT('',(-5.847414813138,-14.96447019496));
#1961 = CARTESIAN_POINT('',(-3.53979609987,-15.38356736389));
#1962 = CARTESIAN_POINT('',(-1.960272760442,-15.5414851573));
#1963 = CARTESIAN_POINT('',(-0.370010471273,-15.57789887683));
#1964 = CARTESIAN_POINT('',(1.220330921197,-15.49440364128));
#1965 = CARTESIAN_POINT('',(2.800015822812,-15.29213712803));
#1966 = CARTESIAN_POINT('',(4.358170670242,-14.97153825973));
#1967 = CARTESIAN_POINT('',(5.883781523403,-14.53262125941));
#1968 = CARTESIAN_POINT('',(8.091324744141,-13.69957679874));
#1969 = CARTESIAN_POINT('',(8.806290768493,-13.39694514244));
#1970 = CARTESIAN_POINT('',(9.508889655692,-13.06547875199));
#1971 = CARTESIAN_POINT('',(10.197453607686,-12.70505539298));
#1972 = CARTESIAN_POINT('',(10.870126734641,-12.31557955028));
#1973 = CARTESIAN_POINT('',(11.524875763354,-11.89700265059));
#1974 = CARTESIAN_POINT('',(12.159495293923,-11.44933374667));
#1975 = CARTESIAN_POINT('',(13.253336766171,-10.5974857194));
#1976 = CARTESIAN_POINT('',(13.721074390609,-10.20439449382));
#1977 = CARTESIAN_POINT('',(14.173649867862,-9.793418915802));
#1978 = CARTESIAN_POINT('',(14.609769352929,-9.364685315581));
#1979 = CARTESIAN_POINT('',(15.028031762778,-8.91841033118));
#1980 = CARTESIAN_POINT('',(15.426946797944,-8.454918438477));
#1981 = CARTESIAN_POINT('',(15.80495498889,-7.974661104368));
#1982 = CARTESIAN_POINT('',(16.160449767129,-7.478237562982));
#1983 = ( GEOMETRIC_REPRESENTATION_CONTEXT(2) 
PARAMETRIC_REPRESENTATION_CONTEXT() REPRESENTATION_CONTEXT('2D SPACE',''
  ) );
#1984 = ADVANCED_FACE('',(#1985),#131,.T.);
#1985 = FACE_BOUND('',#1986,.T.);
#1986 = EDGE_LOOP('',(#1987,#1988,#2012,#2084,#2152,#2174));
#1987 = ORIENTED_EDGE('',*,*,#384,.F.);
#1988 = ORIENTED_EDGE('',*,*,#1989,.T.);
#1989 = EDGE_CURVE('',#281,#1990,#1992,.T.);
#1990 = VERTEX_POINT('',#1991);
#1991 = CARTESIAN_POINT('',(82.344353799359,23.622379903993,
    3.144695226409));
#1992 = SURFACE_CURVE('',#1993,(#1998,#2005),.PCURVE_S1.);
#1993 = CIRCLE('',#1994,32.);
#1994 = AXIS2_PLACEMENT_3D('',#1995,#1996,#1997);
#1995 = CARTESIAN_POINT('',(103.93099706947,6.980825644221E-15,
    3.144695226409));
#1996 = DIRECTION('',(0.,0.,1.));
#1997 = DIRECTION('',(1.,0.,-0.));
#1998 = PCURVE('',#131,#1999);
#1999 = DEFINITIONAL_REPRESENTATION('',(#2000),#2004);
#2000 = CIRCLE('',#2001,32.);
#2001 = AXIS2_PLACEMENT_2D('',#2002,#2003);
#2002 = CARTESIAN_POINT('',(0.,0.));
#2003 = DIRECTION('',(1.,0.));
#2004 = ( GEOMETRIC_REPRESENTATION_CONTEXT(2) 
PARAMETRIC_REPRESENTATION_CONTEXT() REPRESENTATION_CONTEXT('2D SPACE',''
  ) );
#2005 = PCURVE('',#217,#2006);
#2006 = DEFINITIONAL_REPRESENTATION('',(#2007),#2011);
#2007 = LINE('',#2008,#2009);
#2008 = CARTESIAN_POINT('',(0.,0.));
#2009 = VECTOR('',#2010,1.);
#2010 = DIRECTION('',(1.,0.));
#2011 = ( GEOMETRIC_REPRESENTATION_CONTEXT(2) 
PARAMETRIC_REPRESENTATION_CONTEXT() REPRESENTATION_CONTEXT('2D SPACE',''
  ) );
#2012 = ORIENTED_EDGE('',*,*,#2013,.T.);
#2013 = EDGE_CURVE('',#1990,#2014,#2016,.T.);
#2014 = VERTEX_POINT('',#2015);
#2015 = CARTESIAN_POINT('',(84.906322384149,-2.373196429578E-14,
    3.144695226409));
#2016 = SURFACE_CURVE('',#2017,(#2030,#2046),.PCURVE_S1.);
#2017 = B_SPLINE_CURVE_WITH_KNOTS('',6,(#2018,#2019,#2020,#2021,#2022,
    #2023,#2024,#2025,#2026,#2027,#2028,#2029),.UNSPECIFIED.,.F.,.F.,(7,
    5,7),(0.,0.116823897554,1.),.UNSPECIFIED.);
#2018 = CARTESIAN_POINT('',(80.142202377717,32.,3.144695226409));
#2019 = CARTESIAN_POINT('',(80.327542371345,31.395514075068,
    3.144695226409));
#2020 = CARTESIAN_POINT('',(80.508572153228,30.78970601192,
    3.144695226409));
#2021 = CARTESIAN_POINT('',(80.685289175373,30.182617814011,
    3.144695226409));
#2022 = CARTESIAN_POINT('',(80.857691229366,29.574290802374,
    3.144695226409));
#2023 = CARTESIAN_POINT('',(81.025776446368,28.964765615621,
    3.144695226409));
#2024 = CARTESIAN_POINT('',(82.427603077547,23.737381335005,
    3.144695226409));
#2025 = CARTESIAN_POINT('',(83.418811986445,19.054655551231,
    3.144695226409));
#2026 = CARTESIAN_POINT('',(84.162531581009,14.323073712797,
    3.144695226409));
#2027 = CARTESIAN_POINT('',(84.658385349986,9.559343690605,
    3.144695226409));
#2028 = CARTESIAN_POINT('',(84.906322384149,4.779725650243,
    3.144695226409));
#2029 = CARTESIAN_POINT('',(84.906322384149,0.,3.144695226409));
#2030 = PCURVE('',#131,#2031);
#2031 = DEFINITIONAL_REPRESENTATION('',(#2032),#2045);
#2032 = B_SPLINE_CURVE_WITH_KNOTS('',6,(#2033,#2034,#2035,#2036,#2037,
    #2038,#2039,#2040,#2041,#2042,#2043,#2044),.UNSPECIFIED.,.F.,.F.,(7,
    5,7),(0.,0.116823897554,1.),.UNSPECIFIED.);
#2033 = CARTESIAN_POINT('',(-23.78879469176,32.));
#2034 = CARTESIAN_POINT('',(-23.60345469813,31.395514075068));
#2035 = CARTESIAN_POINT('',(-23.42242491625,30.78970601192));
#2036 = CARTESIAN_POINT('',(-23.2457078941,30.182617814011));
#2037 = CARTESIAN_POINT('',(-23.07330584011,29.574290802374));
#2038 = CARTESIAN_POINT('',(-22.90522062311,28.964765615621));
#2039 = CARTESIAN_POINT('',(-21.50339399193,23.737381335005));
#2040 = CARTESIAN_POINT('',(-20.51218508303,19.054655551231));
#2041 = CARTESIAN_POINT('',(-19.76846548847,14.323073712797));
#2042 = CARTESIAN_POINT('',(-19.27261171949,9.559343690605));
#2043 = CARTESIAN_POINT('',(-19.02467468533,4.779725650243));
#2044 = CARTESIAN_POINT('',(-19.02467468533,-6.980825644221E-15));
#2045 = ( GEOMETRIC_REPRESENTATION_CONTEXT(2) 
PARAMETRIC_REPRESENTATION_CONTEXT() REPRESENTATION_CONTEXT('2D SPACE',''
  ) );
#2046 = PCURVE('',#2047,#2069);
#2047 = ( BOUNDED_SURFACE() B_SPLINE_SURFACE(2,2,(
    (#2048,#2049,#2050)
    ,(#2051,#2052,#2053)
    ,(#2054,#2055,#2056)
    ,(#2057,#2058,#2059)
    ,(#2060,#2061,#2062)
    ,(#2063,#2064,#2065)
    ,(#2066,#2067,#2068
)),.UNSPECIFIED.,.T.,.F.,.F.) B_SPLINE_SURFACE_WITH_KNOTS((1,2,2,2,2,1),
  (3,3),(-2.094395102393,0.,2.094395102393,4.188790204786,6.28318530718,
    8.377580409573),(0.,1.570796326795),.UNSPECIFIED.) 
GEOMETRIC_REPRESENTATION_ITEM() RATIONAL_B_SPLINE_SURFACE((
    (1.,0.707106781187,1.)
    ,(0.5,0.353553390593,0.5)
    ,(1.,0.707106781187,1.)
    ,(0.5,0.353553390593,0.5)
    ,(1.,0.707106781187,1.)
    ,(0.5,0.353553390593,0.5)
,(1.,0.707106781187,1.))) REPRESENTATION_ITEM('') SURFACE() );
#2048 = CARTESIAN_POINT('',(85.,0.,0.));
#2049 = CARTESIAN_POINT('',(85.,0.,67.));
#2050 = CARTESIAN_POINT('',(5.204748896376E-15,0.,67.));
#2051 = CARTESIAN_POINT('',(85.,168.00892833418,0.));
#2052 = CARTESIAN_POINT('',(85.,168.00892833418,67.));
#2053 = CARTESIAN_POINT('',(5.204748896376E-15,1.028757981563E-14,67.));
#2054 = CARTESIAN_POINT('',(-42.5,84.004464167091,0.));
#2055 = CARTESIAN_POINT('',(-42.5,84.004464167091,67.));
#2056 = CARTESIAN_POINT('',(-2.602374448188E-15,5.143789907816E-15,67.)
  );
#2057 = CARTESIAN_POINT('',(-170.,2.375814790346E-14,0.));
#2058 = CARTESIAN_POINT('',(-170.,2.375814790346E-14,67.));
#2059 = CARTESIAN_POINT('',(-1.040949779275E-14,1.454766989182E-30,67.)
  );
#2060 = CARTESIAN_POINT('',(-42.5,-84.00446416709,0.));
#2061 = CARTESIAN_POINT('',(-42.5,-84.00446416709,67.));
#2062 = CARTESIAN_POINT('',(-2.602374448188E-15,-5.143789907816E-15,67.)
  );
#2063 = CARTESIAN_POINT('',(85.,-168.0089283341,0.));
#2064 = CARTESIAN_POINT('',(85.,-168.0089283341,67.));
#2065 = CARTESIAN_POINT('',(5.204748896376E-15,-1.028757981563E-14,67.)
  );
#2066 = CARTESIAN_POINT('',(85.,0.,0.));
#2067 = CARTESIAN_POINT('',(85.,0.,67.));
#2068 = CARTESIAN_POINT('',(5.204748896376E-15,0.,67.));
#2069 = DEFINITIONAL_REPRESENTATION('',(#2070),#2083);
#2070 = B_SPLINE_CURVE_WITH_KNOTS('',6,(#2071,#2072,#2073,#2074,#2075,
    #2076,#2077,#2078,#2079,#2080,#2081,#2082),.UNSPECIFIED.,.F.,.F.,(7,
    5,7),(0.,0.116823897554,1.),.UNSPECIFIED.);
#2071 = CARTESIAN_POINT('',(0.374175575883,5.165881617114E-02));
#2072 = CARTESIAN_POINT('',(0.367356075221,5.165881617114E-02));
#2073 = CARTESIAN_POINT('',(0.36052060575,5.165881617114E-02));
#2074 = CARTESIAN_POINT('',(0.353668611951,5.165881617114E-02));
#2075 = CARTESIAN_POINT('',(0.346799597762,5.165881617114E-02));
#2076 = CARTESIAN_POINT('',(0.339913126585,5.165881617114E-02));
#2077 = CARTESIAN_POINT('',(0.280813015657,5.165881617114E-02));
#2078 = CARTESIAN_POINT('',(0.227596927637,5.165881617114E-02));
#2079 = CARTESIAN_POINT('',(0.173154787144,5.165881617114E-02));
#2080 = CARTESIAN_POINT('',(0.117259413305,5.165881617114E-02));
#2081 = CARTESIAN_POINT('',(5.964967981141E-02,5.165881617114E-02));
#2082 = CARTESIAN_POINT('',(0.,5.165881617114E-02));
#2083 = ( GEOMETRIC_REPRESENTATION_CONTEXT(2) 
PARAMETRIC_REPRESENTATION_CONTEXT() REPRESENTATION_CONTEXT('2D SPACE',''
  ) );
#2084 = ORIENTED_EDGE('',*,*,#2085,.T.);
#2085 = EDGE_CURVE('',#2014,#2086,#2088,.T.);
#2086 = VERTEX_POINT('',#2087);
#2087 = CARTESIAN_POINT('',(82.344353799359,-23.62237990399,
    3.144695226409));
#2088 = SURFACE_CURVE('',#2089,(#2108,#2130),.PCURVE_S1.);
#2089 = B_SPLINE_CURVE_WITH_KNOTS('',5,(#2090,#2091,#2092,#2093,#2094,
    #2095,#2096,#2097,#2098,#2099,#2100,#2101,#2102,#2103,#2104,#2105,
    #2106,#2107),.UNSPECIFIED.,.F.,.F.,(6,4,4,4,6),(0.,0.486869169854,
    0.744673673417,0.867030433066,1.),.UNSPECIFIED.);
#2090 = CARTESIAN_POINT('',(84.906322384149,7.803509922023E-14,
    3.144695226409));
#2091 = CARTESIAN_POINT('',(84.906322384149,-3.152932411287,
    3.144695226409));
#2092 = CARTESIAN_POINT('',(84.793941410317,-6.305866093152,
    3.144695226409));
#2093 = CARTESIAN_POINT('',(84.569177791373,-9.453488867278,
    3.144695226409));
#2094 = CARTESIAN_POINT('',(84.232063787499,-12.59041797473,
    3.144695226409));
#2095 = CARTESIAN_POINT('',(83.544731656935,-17.36370088707,
    3.144695226409));
#2096 = CARTESIAN_POINT('',(83.275301639864,-19.01167082406,
    3.144695226409));
#2097 = CARTESIAN_POINT('',(82.974407306905,-20.65429685268,
    3.144695226409));
#2098 = CARTESIAN_POINT('',(82.642067984606,-22.29075199114,
    3.144695226409));
#2099 = CARTESIAN_POINT('',(82.105666006562,-24.69354647679,
    3.144695226409));
#2100 = CARTESIAN_POINT('',(81.925296252988,-25.46822498321,
    3.144695226409));
#2101 = CARTESIAN_POINT('',(81.737109172534,-26.24406075729,
    3.144695226409));
#2102 = CARTESIAN_POINT('',(81.541018576683,-27.02087661407,
    3.144695226409));
#2103 = CARTESIAN_POINT('',(81.1151671448,-28.64354732404,3.144695226409
    ));
#2104 = CARTESIAN_POINT('',(80.884799640307,-29.48635151965,
    3.144695226409));
#2105 = CARTESIAN_POINT('',(80.645845398535,-30.3267787103,
    3.144695226409));
#2106 = CARTESIAN_POINT('',(80.398310485068,-31.16470404943,
    3.144695226409));
#2107 = CARTESIAN_POINT('',(80.142202377717,-32.,3.144695226409));
#2108 = PCURVE('',#131,#2109);
#2109 = DEFINITIONAL_REPRESENTATION('',(#2110),#2129);
#2110 = B_SPLINE_CURVE_WITH_KNOTS('',5,(#2111,#2112,#2113,#2114,#2115,
    #2116,#2117,#2118,#2119,#2120,#2121,#2122,#2123,#2124,#2125,#2126,
    #2127,#2128),.UNSPECIFIED.,.F.,.F.,(6,4,4,4,6),(0.,0.486869169854,
    0.744673673417,0.867030433066,1.),.UNSPECIFIED.);
#2111 = CARTESIAN_POINT('',(-19.02467468533,7.105427357601E-14));
#2112 = CARTESIAN_POINT('',(-19.02467468533,-3.152932411287));
#2113 = CARTESIAN_POINT('',(-19.13705565916,-6.305866093152));
#2114 = CARTESIAN_POINT('',(-19.3618192781,-9.453488867278));
#2115 = CARTESIAN_POINT('',(-19.69893328198,-12.59041797473));
#2116 = CARTESIAN_POINT('',(-20.38626541254,-17.36370088707));
#2117 = CARTESIAN_POINT('',(-20.65569542961,-19.01167082406));
#2118 = CARTESIAN_POINT('',(-20.95658976257,-20.65429685268));
#2119 = CARTESIAN_POINT('',(-21.28892908487,-22.29075199114));
#2120 = CARTESIAN_POINT('',(-21.82533106291,-24.69354647679));
#2121 = CARTESIAN_POINT('',(-22.00570081649,-25.46822498321));
#2122 = CARTESIAN_POINT('',(-22.19388789694,-26.24406075729));
#2123 = CARTESIAN_POINT('',(-22.38997849279,-27.02087661407));
#2124 = CARTESIAN_POINT('',(-22.81582992467,-28.64354732404));
#2125 = CARTESIAN_POINT('',(-23.04619742917,-29.48635151965));
#2126 = CARTESIAN_POINT('',(-23.28515167094,-30.3267787103));
#2127 = CARTESIAN_POINT('',(-23.53268658441,-31.16470404943));
#2128 = CARTESIAN_POINT('',(-23.78879469176,-32.));
#2129 = ( GEOMETRIC_REPRESENTATION_CONTEXT(2) 
PARAMETRIC_REPRESENTATION_CONTEXT() REPRESENTATION_CONTEXT('2D SPACE',''
  ) );
#2130 = PCURVE('',#2047,#2131);
#2131 = DEFINITIONAL_REPRESENTATION('',(#2132),#2151);
#2132 = B_SPLINE_CURVE_WITH_KNOTS('',5,(#2133,#2134,#2135,#2136,#2137,
    #2138,#2139,#2140,#2141,#2142,#2143,#2144,#2145,#2146,#2147,#2148,
    #2149,#2150),.UNSPECIFIED.,.F.,.F.,(6,4,4,4,6),(0.,0.486869169854,
    0.744673673417,0.867030433066,1.),.UNSPECIFIED.);
#2133 = CARTESIAN_POINT('',(6.28318530718,5.165881617114E-02));
#2134 = CARTESIAN_POINT('',(6.24383756579,5.165881617114E-02));
#2135 = CARTESIAN_POINT('',(6.205413834903,5.165881617114E-02));
#2136 = CARTESIAN_POINT('',(6.167806902591,5.165881617114E-02));
#2137 = CARTESIAN_POINT('',(6.130926089359,5.165881617114E-02));
#2138 = CARTESIAN_POINT('',(6.075502063505,5.165881617114E-02));
#2139 = CARTESIAN_POINT('',(6.056495111948,5.165881617114E-02));
#2140 = CARTESIAN_POINT('',(6.037656869565,5.165881617114E-02));
#2141 = CARTESIAN_POINT('',(6.018976022817,5.165881617114E-02));
#2142 = CARTESIAN_POINT('',(5.991645508964,5.165881617114E-02));
#2143 = CARTESIAN_POINT('',(5.982849049486,5.165881617114E-02));
#2144 = CARTESIAN_POINT('',(5.974052590041,5.165881617114E-02));
#2145 = CARTESIAN_POINT('',(5.965256130644,5.165881617114E-02));
#2146 = CARTESIAN_POINT('',(5.946900236931,5.165881617114E-02));
#2147 = CARTESIAN_POINT('',(5.937376865005,5.165881617114E-02));
#2148 = CARTESIAN_POINT('',(5.927888296767,5.165881617114E-02));
#2149 = CARTESIAN_POINT('',(5.918433112475,5.165881617114E-02));
#2150 = CARTESIAN_POINT('',(5.909009731296,5.165881617114E-02));
#2151 = ( GEOMETRIC_REPRESENTATION_CONTEXT(2) 
PARAMETRIC_REPRESENTATION_CONTEXT() REPRESENTATION_CONTEXT('2D SPACE',''
  ) );
#2152 = ORIENTED_EDGE('',*,*,#2153,.T.);
#2153 = EDGE_CURVE('',#2086,#108,#2154,.T.);
#2154 = SURFACE_CURVE('',#2155,(#2160,#2167),.PCURVE_S1.);
#2155 = CIRCLE('',#2156,32.);
#2156 = AXIS2_PLACEMENT_3D('',#2157,#2158,#2159);
#2157 = CARTESIAN_POINT('',(103.93099706947,6.980825644221E-15,
    3.144695226409));
#2158 = DIRECTION('',(0.,0.,1.));
#2159 = DIRECTION('',(1.,0.,-0.));
#2160 = PCURVE('',#131,#2161);
#2161 = DEFINITIONAL_REPRESENTATION('',(#2162),#2166);
#2162 = CIRCLE('',#2163,32.);
#2163 = AXIS2_PLACEMENT_2D('',#2164,#2165);
#2164 = CARTESIAN_POINT('',(0.,0.));
#2165 = DIRECTION('',(1.,0.));
#2166 = ( GEOMETRIC_REPRESENTATION_CONTEXT(2) 
PARAMETRIC_REPRESENTATION_CONTEXT() REPRESENTATION_CONTEXT('2D SPACE',''
  ) );
#2167 = PCURVE('',#217,#2168);
#2168 = DEFINITIONAL_REPRESENTATION('',(#2169),#2173);
#2169 = LINE('',#2170,#2171);
#2170 = CARTESIAN_POINT('',(0.,0.));
#2171 = VECTOR('',#2172,1.);
#2172 = DIRECTION('',(1.,0.));
#2173 = ( GEOMETRIC_REPRESENTATION_CONTEXT(2) 
PARAMETRIC_REPRESENTATION_CONTEXT() REPRESENTATION_CONTEXT('2D SPACE',''
  ) );
#2174 = ORIENTED_EDGE('',*,*,#107,.F.);
#2175 = ADVANCED_FACE('',(#2176),#217,.F.);
#2176 = FACE_BOUND('',#2177,.F.);
#2177 = EDGE_LOOP('',(#2178,#2179,#2180,#2284,#2386,#2387));
#2178 = ORIENTED_EDGE('',*,*,#280,.F.);
#2179 = ORIENTED_EDGE('',*,*,#1989,.T.);
#2180 = ORIENTED_EDGE('',*,*,#2181,.T.);
#2181 = EDGE_CURVE('',#1990,#2182,#2184,.T.);
#2182 = VERTEX_POINT('',#2183);
#2183 = CARTESIAN_POINT('',(79.468642013265,-2.221209118398E-14,
    23.774605189948));
#2184 = SURFACE_CURVE('',#2185,(#2216,#2250),.PCURVE_S1.);
#2185 = B_SPLINE_CURVE_WITH_KNOTS('',8,(#2186,#2187,#2188,#2189,#2190,
    #2191,#2192,#2193,#2194,#2195,#2196,#2197,#2198,#2199,#2200,#2201,
    #2202,#2203,#2204,#2205,#2206,#2207,#2208,#2209,#2210,#2211,#2212,
    #2213,#2214,#2215),.UNSPECIFIED.,.F.,.F.,(9,7,7,7,9),(0.,
    0.257326484925,0.413282718005,0.589597050214,1.),.UNSPECIFIED.);
#2186 = CARTESIAN_POINT('',(82.344353799359,23.622379903993,
    3.144695226409));
#2187 = CARTESIAN_POINT('',(82.287282260574,23.570226693621,
    4.260115144832));
#2188 = CARTESIAN_POINT('',(82.218297990864,23.446705175498,
    5.371754610957));
#2189 = CARTESIAN_POINT('',(82.137831696638,23.252178505204,
    6.473875745672));
#2190 = CARTESIAN_POINT('',(82.04663923687,22.987804712565,
    7.561154487642));
#2191 = CARTESIAN_POINT('',(81.945760255346,22.655350558536,
    8.628634594951));
#2192 = CARTESIAN_POINT('',(81.836468719015,22.257103026264,
    9.671703406889));
#2193 = CARTESIAN_POINT('',(81.720217854547,21.795843905367,
    10.68608326551));
#2194 = CARTESIAN_POINT('',(81.524862888046,20.959099226528,
    12.262835035701));
#2195 = CARTESIAN_POINT('',(81.449156205886,20.621364096634,
    12.845929453821));
#2196 = CARTESIAN_POINT('',(81.371805029747,20.262340301654,
    13.416285066612));
#2197 = CARTESIAN_POINT('',(81.2931637858,19.882758911831,
    13.973145206075));
#2198 = CARTESIAN_POINT('',(81.213593036027,19.483380768854,
    14.515820657382));
#2199 = CARTESIAN_POINT('',(81.133454799077,19.064989435733,
    15.043684150536));
#2200 = CARTESIAN_POINT('',(81.053108381273,18.628385632485,
    15.556165906862));
#2201 = CARTESIAN_POINT('',(80.882235748993,17.661116444329,
    16.614157331354));
#2202 = CARTESIAN_POINT('',(80.791749184119,17.125608737193,
    17.155249402003));
#2203 = CARTESIAN_POINT('',(80.701955364685,16.569026046978,
    17.675291085516));
#2204 = CARTESIAN_POINT('',(80.613351221562,15.992546821262,
    18.173638915779));
#2205 = CARTESIAN_POINT('',(80.526416090712,15.39735406463,
    18.649731121042));
#2206 = CARTESIAN_POINT('',(80.44160666172,14.784628432155,
    19.103078668547));
#2207 = CARTESIAN_POINT('',(80.359353059074,14.155542296232,
    19.533257560066));
#2208 = CARTESIAN_POINT('',(80.09547818631,12.011561080013,
    20.88644047791));
#2209 = CARTESIAN_POINT('',(79.926958217712,10.429820148381,
    21.705269812804));
#2210 = CARTESIAN_POINT('',(79.779487262133,8.780292499357,
    22.392137602015));
#2211 = CARTESIAN_POINT('',(79.657258259539,7.077074340454,
    22.944062571655));
#2212 = CARTESIAN_POINT('',(79.563472889984,5.334029753865,
    23.359088305649));
#2213 = CARTESIAN_POINT('',(79.500255115001,3.564733703227,
    23.636087338301));
#2214 = CARTESIAN_POINT('',(79.468642013265,1.782435240911,
    23.774605189948));
#2215 = CARTESIAN_POINT('',(79.468642013265,0.,23.774605189948));
#2216 = PCURVE('',#217,#2217);
#2217 = DEFINITIONAL_REPRESENTATION('',(#2218),#2249);
#2218 = B_SPLINE_CURVE_WITH_KNOTS('',8,(#2219,#2220,#2221,#2222,#2223,
    #2224,#2225,#2226,#2227,#2228,#2229,#2230,#2231,#2232,#2233,#2234,
    #2235,#2236,#2237,#2238,#2239,#2240,#2241,#2242,#2243,#2244,#2245,
    #2246,#2247,#2248),.UNSPECIFIED.,.F.,.F.,(9,7,7,7,9),(0.,
    0.257326484925,0.413282718005,0.589597050214,1.),.UNSPECIFIED.);
#2219 = CARTESIAN_POINT('',(2.311195455879,0.));
#2220 = CARTESIAN_POINT('',(2.313611450331,3.48568724507E-02));
#2221 = CARTESIAN_POINT('',(2.317806756592,6.959560392139E-02));
#2222 = CARTESIAN_POINT('',(2.323777186506,0.104101432193));
#2223 = CARTESIAN_POINT('',(2.331521988976,0.138270646992));
#2224 = CARTESIAN_POINT('',(2.341047032266,0.172004588369));
#2225 = CARTESIAN_POINT('',(2.352364855487,0.205205353341));
#2226 = CARTESIAN_POINT('',(2.365491709493,0.237772771788));
#2227 = CARTESIAN_POINT('',(2.389502358009,0.288892880246));
#2228 = CARTESIAN_POINT('',(2.399233851112,0.307914993783));
#2229 = CARTESIAN_POINT('',(2.40964041688,0.326646833278));
#2230 = CARTESIAN_POINT('',(2.420726847144,0.345067078689));
#2231 = CARTESIAN_POINT('',(2.432498338571,0.363154489307));
#2232 = CARTESIAN_POINT('',(2.444960208887,0.380887667494));
#2233 = CARTESIAN_POINT('',(2.458117486212,0.398244906733));
#2234 = CARTESIAN_POINT('',(2.48764009654,0.434377150989));
#2235 = CARTESIAN_POINT('',(2.504200108828,0.453041588637));
#2236 = CARTESIAN_POINT('',(2.521660768786,0.471165861989));
#2237 = CARTESIAN_POINT('',(2.540027391622,0.488717944018));
#2238 = CARTESIAN_POINT('',(2.559303224893,0.5056650942));
#2239 = CARTESIAN_POINT('',(2.579488223092,0.521973803771));
#2240 = CARTESIAN_POINT('',(2.600577619209,0.537609947677));
#2241 = CARTESIAN_POINT('',(2.673728874791,0.587289499574));
#2242 = CARTESIAN_POINT('',(2.729726367727,0.618202284718));
#2243 = CARTESIAN_POINT('',(2.790425249456,0.644856089439));
#2244 = CARTESIAN_POINT('',(2.855498892304,0.666809194163));
#2245 = CARTESIAN_POINT('',(2.9243434189,0.683625159061));
#2246 = CARTESIAN_POINT('',(2.995869642668,0.694948171781));
#2247 = CARTESIAN_POINT('',(3.068728236537,0.700610739453));
#2248 = CARTESIAN_POINT('',(3.14159265359,0.700610739453));
#2249 = ( GEOMETRIC_REPRESENTATION_CONTEXT(2) 
PARAMETRIC_REPRESENTATION_CONTEXT() REPRESENTATION_CONTEXT('2D SPACE',''
  ) );
#2250 = PCURVE('',#2047,#2251);
#2251 = DEFINITIONAL_REPRESENTATION('',(#2252),#2283);
#2252 = B_SPLINE_CURVE_WITH_KNOTS('',8,(#2253,#2254,#2255,#2256,#2257,
    #2258,#2259,#2260,#2261,#2262,#2263,#2264,#2265,#2266,#2267,#2268,
    #2269,#2270,#2271,#2272,#2273,#2274,#2275,#2276,#2277,#2278,#2279,
    #2280,#2281,#2282),.UNSPECIFIED.,.F.,.F.,(9,7,7,7,9),(0.,
    0.257326484925,0.413282718005,0.589597050214,1.),.UNSPECIFIED.);
#2253 = CARTESIAN_POINT('',(0.279354941233,5.165881617114E-02));
#2254 = CARTESIAN_POINT('',(0.27897193712,6.982566527859E-02));
#2255 = CARTESIAN_POINT('',(0.277860824895,8.78132983807E-02));
#2256 = CARTESIAN_POINT('',(0.27602096605,0.105542550195));
#2257 = CARTESIAN_POINT('',(0.273455488524,0.12294362842));
#2258 = CARTESIAN_POINT('',(0.27016964627,0.139953676053));
#2259 = CARTESIAN_POINT('',(0.266170693395,0.15651507522));
#2260 = CARTESIAN_POINT('',(0.261468789035,0.172574389271));
#2261 = CARTESIAN_POINT('',(0.252811559905,0.197480342286));
#2262 = CARTESIAN_POINT('',(0.249291373714,0.20667736255));
#2263 = CARTESIAN_POINT('',(0.245520724765,0.215662552926));
#2264 = CARTESIAN_POINT('',(0.241502718366,0.224426506462));
#2265 = CARTESIAN_POINT('',(0.237240741788,0.232960610647));
#2266 = CARTESIAN_POINT('',(0.232738486291,0.241256936529));
#2267 = CARTESIAN_POINT('',(0.227999980285,0.249308163293));
#2268 = CARTESIAN_POINT('',(0.21741047155,0.265925022338));
#2269 = CARTESIAN_POINT('',(0.211494951918,0.274420668682));
#2270 = CARTESIAN_POINT('',(0.205289337414,0.282584873943));
#2271 = CARTESIAN_POINT('',(0.198800405499,0.29040901099));
#2272 = CARTESIAN_POINT('',(0.192035518539,0.297885294898));
#2273 = CARTESIAN_POINT('',(0.185002676648,0.305006684396));
#2274 = CARTESIAN_POINT('',(0.17771055324,0.311766818819));
#2275 = CARTESIAN_POINT('',(0.152613074655,0.333041234263));
#2276 = CARTESIAN_POINT('',(0.133707255048,0.345931110503));
#2277 = CARTESIAN_POINT('',(0.113565244651,0.356763196731));
#2278 = CARTESIAN_POINT('',(9.232359728844E-02,0.365483120862));
#2279 = CARTESIAN_POINT('',(7.01457589854E-02,0.372049168005));
#2280 = CARTESIAN_POINT('',(4.72227288272E-02,0.376434503932));
#2281 = CARTESIAN_POINT('',(2.376638598452E-02,0.378627463712));
#2282 = CARTESIAN_POINT('',(0.,0.378627463712));
#2283 = ( GEOMETRIC_REPRESENTATION_CONTEXT(2) 
PARAMETRIC_REPRESENTATION_CONTEXT() REPRESENTATION_CONTEXT('2D SPACE',''
  ) );
#2284 = ORIENTED_EDGE('',*,*,#2285,.F.);
#2285 = EDGE_CURVE('',#2086,#2182,#2286,.T.);
#2286 = SURFACE_CURVE('',#2287,(#2318,#2352),.PCURVE_S1.);
#2287 = B_SPLINE_CURVE_WITH_KNOTS('',8,(#2288,#2289,#2290,#2291,#2292,
    #2293,#2294,#2295,#2296,#2297,#2298,#2299,#2300,#2301,#2302,#2303,
    #2304,#2305,#2306,#2307,#2308,#2309,#2310,#2311,#2312,#2313,#2314,
    #2315,#2316,#2317),.UNSPECIFIED.,.F.,.F.,(9,7,7,7,9),(0.,
    0.257326484926,0.413282718006,0.589597050214,1.),.UNSPECIFIED.);
#2288 = CARTESIAN_POINT('',(82.344353799359,-23.62237990399,
    3.144695226409));
#2289 = CARTESIAN_POINT('',(82.287282260574,-23.57022669362,
    4.260115144834));
#2290 = CARTESIAN_POINT('',(82.218297990864,-23.44670517549,
    5.371754610963));
#2291 = CARTESIAN_POINT('',(82.137831696638,-23.2521785052,6.47387574568
    ));
#2292 = CARTESIAN_POINT('',(82.046639236869,-22.98780471256,
    7.561154487653));
#2293 = CARTESIAN_POINT('',(81.945760255344,-22.65535055852,
    8.628634594965));
#2294 = CARTESIAN_POINT('',(81.836468719014,-22.25710302626,
    9.671703406904));
#2295 = CARTESIAN_POINT('',(81.720217854544,-21.79584390535,
    10.686083265528));
#2296 = CARTESIAN_POINT('',(81.524862888043,-20.95909922651,
    12.262835035721));
#2297 = CARTESIAN_POINT('',(81.449156205884,-20.62136409662,
    12.845929453841));
#2298 = CARTESIAN_POINT('',(81.371805029744,-20.26234030164,
    13.416285066632));
#2299 = CARTESIAN_POINT('',(81.293163785797,-19.88275891181,
    13.973145206095));
#2300 = CARTESIAN_POINT('',(81.213593036024,-19.48338076883,
    14.515820657402));
#2301 = CARTESIAN_POINT('',(81.133454799074,-19.06498943571,
    15.043684150556));
#2302 = CARTESIAN_POINT('',(81.05310838127,-18.62838563246,
    15.556165906882));
#2303 = CARTESIAN_POINT('',(80.882235748989,-17.6611164443,
    16.614157331374));
#2304 = CARTESIAN_POINT('',(80.791749184116,-17.12560873717,
    17.155249402024));
#2305 = CARTESIAN_POINT('',(80.701955364682,-16.56902604695,
    17.675291085537));
#2306 = CARTESIAN_POINT('',(80.613351221558,-15.99254682123,
    18.173638915799));
#2307 = CARTESIAN_POINT('',(80.526416090708,-15.3973540646,
    18.649731121062));
#2308 = CARTESIAN_POINT('',(80.441606661716,-14.78462843212,
    19.103078668568));
#2309 = CARTESIAN_POINT('',(80.359353059071,-14.1555422962,
    19.533257560086));
#2310 = CARTESIAN_POINT('',(80.095478186307,-12.01156107998,
    20.886440477927));
#2311 = CARTESIAN_POINT('',(79.926958217711,-10.42982014836,
    21.705269812807));
#2312 = CARTESIAN_POINT('',(79.77948726213,-8.780292499303,
    22.392137602035));
#2313 = CARTESIAN_POINT('',(79.657258259539,-7.077074340478,
    22.944062571646));
#2314 = CARTESIAN_POINT('',(79.563472889982,-5.334029753818,
    23.359088305659));
#2315 = CARTESIAN_POINT('',(79.500255115001,-3.564733703233,
    23.6360873383));
#2316 = CARTESIAN_POINT('',(79.468642013265,-1.782435240903,
    23.774605189948));
#2317 = CARTESIAN_POINT('',(79.468642013265,7.105427357601E-14,
    23.774605189948));
#2318 = PCURVE('',#217,#2319);
#2319 = DEFINITIONAL_REPRESENTATION('',(#2320),#2351);
#2320 = B_SPLINE_CURVE_WITH_KNOTS('',8,(#2321,#2322,#2323,#2324,#2325,
    #2326,#2327,#2328,#2329,#2330,#2331,#2332,#2333,#2334,#2335,#2336,
    #2337,#2338,#2339,#2340,#2341,#2342,#2343,#2344,#2345,#2346,#2347,
    #2348,#2349,#2350),.UNSPECIFIED.,.F.,.F.,(9,7,7,7,9),(0.,
    0.257326484926,0.413282718006,0.589597050214,1.),.UNSPECIFIED.);
#2321 = CARTESIAN_POINT('',(3.971989851301,0.));
#2322 = CARTESIAN_POINT('',(3.969573856849,3.485687245079E-02));
#2323 = CARTESIAN_POINT('',(3.965378550588,6.959560392157E-02));
#2324 = CARTESIAN_POINT('',(3.959408120674,0.104101432193));
#2325 = CARTESIAN_POINT('',(3.951663318204,0.138270646992));
#2326 = CARTESIAN_POINT('',(3.942138274914,0.17200458837));
#2327 = CARTESIAN_POINT('',(3.930820451693,0.205205353342));
#2328 = CARTESIAN_POINT('',(3.917693597686,0.237772771789));
#2329 = CARTESIAN_POINT('',(3.89368294917,0.288892880246));
#2330 = CARTESIAN_POINT('',(3.883951456067,0.307914993784));
#2331 = CARTESIAN_POINT('',(3.873544890299,0.326646833278));
#2332 = CARTESIAN_POINT('',(3.862458460035,0.345067078689));
#2333 = CARTESIAN_POINT('',(3.850686968608,0.363154489308));
#2334 = CARTESIAN_POINT('',(3.838225098292,0.380887667495));
#2335 = CARTESIAN_POINT('',(3.825067820967,0.398244906734));
#2336 = CARTESIAN_POINT('',(3.795545210639,0.43437715099));
#2337 = CARTESIAN_POINT('',(3.778985198351,0.453041588638));
#2338 = CARTESIAN_POINT('',(3.761524538392,0.47116586199));
#2339 = CARTESIAN_POINT('',(3.743157915557,0.488717944019));
#2340 = CARTESIAN_POINT('',(3.723882082286,0.5056650942));
#2341 = CARTESIAN_POINT('',(3.703697084087,0.521973803772));
#2342 = CARTESIAN_POINT('',(3.682607687969,0.537609947678));
#2343 = CARTESIAN_POINT('',(3.609456432387,0.587289499574));
#2344 = CARTESIAN_POINT('',(3.553458939452,0.618202284718));
#2345 = CARTESIAN_POINT('',(3.492760057722,0.644856089439));
#2346 = CARTESIAN_POINT('',(3.427686414876,0.666809194163));
#2347 = CARTESIAN_POINT('',(3.358841888277,0.683625159061));
#2348 = CARTESIAN_POINT('',(3.287315664511,0.694948171781));
#2349 = CARTESIAN_POINT('',(3.214457070642,0.700610739453));
#2350 = CARTESIAN_POINT('',(3.14159265359,0.700610739453));
#2351 = ( GEOMETRIC_REPRESENTATION_CONTEXT(2) 
PARAMETRIC_REPRESENTATION_CONTEXT() REPRESENTATION_CONTEXT('2D SPACE',''
  ) );
#2352 = PCURVE('',#2047,#2353);
#2353 = DEFINITIONAL_REPRESENTATION('',(#2354),#2385);
#2354 = B_SPLINE_CURVE_WITH_KNOTS('',8,(#2355,#2356,#2357,#2358,#2359,
    #2360,#2361,#2362,#2363,#2364,#2365,#2366,#2367,#2368,#2369,#2370,
    #2371,#2372,#2373,#2374,#2375,#2376,#2377,#2378,#2379,#2380,#2381,
    #2382,#2383,#2384),.UNSPECIFIED.,.F.,.F.,(9,7,7,7,9),(0.,
    0.257326484926,0.413282718006,0.589597050214,1.),.UNSPECIFIED.);
#2355 = CARTESIAN_POINT('',(6.003830365947,5.165881617114E-02));
#2356 = CARTESIAN_POINT('',(6.00421337006,6.982566527863E-02));
#2357 = CARTESIAN_POINT('',(6.005324482285,8.78132983808E-02));
#2358 = CARTESIAN_POINT('',(6.007164341129,0.105542550195));
#2359 = CARTESIAN_POINT('',(6.009729818655,0.12294362842));
#2360 = CARTESIAN_POINT('',(6.01301566091,0.139953676054));
#2361 = CARTESIAN_POINT('',(6.017014613784,0.15651507522));
#2362 = CARTESIAN_POINT('',(6.021716518145,0.172574389271));
#2363 = CARTESIAN_POINT('',(6.030373747275,0.197480342287));
#2364 = CARTESIAN_POINT('',(6.033893933466,0.20667736255));
#2365 = CARTESIAN_POINT('',(6.037664582415,0.215662552927));
#2366 = CARTESIAN_POINT('',(6.041682588814,0.224426506462));
#2367 = CARTESIAN_POINT('',(6.045944565391,0.232960610647));
#2368 = CARTESIAN_POINT('',(6.050446820889,0.24125693653));
#2369 = CARTESIAN_POINT('',(6.055185326895,0.249308163293));
#2370 = CARTESIAN_POINT('',(6.065774835629,0.265925022339));
#2371 = CARTESIAN_POINT('',(6.071690355262,0.274420668682));
#2372 = CARTESIAN_POINT('',(6.077895969765,0.282584873943));
#2373 = CARTESIAN_POINT('',(6.08438490168,0.290409010991));
#2374 = CARTESIAN_POINT('',(6.091149788641,0.297885294899));
#2375 = CARTESIAN_POINT('',(6.098182630532,0.305006684396));
#2376 = CARTESIAN_POINT('',(6.10547475394,0.311766818819));
#2377 = CARTESIAN_POINT('',(6.130572232525,0.333041234263));
#2378 = CARTESIAN_POINT('',(6.149478052131,0.345931110503));
#2379 = CARTESIAN_POINT('',(6.16962006253,0.356763196731));
#2380 = CARTESIAN_POINT('',(6.190861709891,0.365483120862));
#2381 = CARTESIAN_POINT('',(6.213039548195,0.372049168004));
#2382 = CARTESIAN_POINT('',(6.235962578352,0.376434503933));
#2383 = CARTESIAN_POINT('',(6.259418921195,0.378627463712));
#2384 = CARTESIAN_POINT('',(6.28318530718,0.378627463712));
#2385 = ( GEOMETRIC_REPRESENTATION_CONTEXT(2) 
PARAMETRIC_REPRESENTATION_CONTEXT() REPRESENTATION_CONTEXT('2D SPACE',''
  ) );
#2386 = ORIENTED_EDGE('',*,*,#2153,.T.);
#2387 = ORIENTED_EDGE('',*,*,#147,.T.);
#2388 = ADVANCED_FACE('',(#2389,#2392),#90,.F.);
#2389 = FACE_BOUND('',#2390,.F.);
#2390 = EDGE_LOOP('',(#2391));
#2391 = ORIENTED_EDGE('',*,*,#68,.T.);
#2392 = FACE_BOUND('',#2393,.F.);
#2393 = EDGE_LOOP('',(#2394));
#2394 = ORIENTED_EDGE('',*,*,#2395,.F.);
#2395 = EDGE_CURVE('',#2396,#2396,#2398,.T.);
#2396 = VERTEX_POINT('',#2397);
#2397 = CARTESIAN_POINT('',(85.,-2.375814790346E-14,0.));
#2398 = SURFACE_CURVE('',#2399,(#2407,#2478),.PCURVE_S1.);
#2399 = ( BOUNDED_CURVE() B_SPLINE_CURVE(2,(#2400,#2401,#2402,#2403,
#2404,#2405,#2406),.UNSPECIFIED.,.T.,.F.) B_SPLINE_CURVE_WITH_KNOTS((1,2
    ,2,2,2,1),(-2.094395102393,0.,2.094395102393,4.188790204786,
6.28318530718,8.377580409573),.UNSPECIFIED.) CURVE() 
GEOMETRIC_REPRESENTATION_ITEM() RATIONAL_B_SPLINE_CURVE((1.,0.5,1.,0.5,
1.,0.5,1.)) REPRESENTATION_ITEM('') );
#2400 = CARTESIAN_POINT('',(85.,0.,0.));
#2401 = CARTESIAN_POINT('',(85.,168.00892833418,0.));
#2402 = CARTESIAN_POINT('',(-42.5,84.004464167091,0.));
#2403 = CARTESIAN_POINT('',(-170.,2.375814790346E-14,0.));
#2404 = CARTESIAN_POINT('',(-42.5,-84.00446416709,0.));
#2405 = CARTESIAN_POINT('',(85.,-168.0089283341,0.));
#2406 = CARTESIAN_POINT('',(85.,0.,0.));
#2407 = PCURVE('',#90,#2408);
#2408 = DEFINITIONAL_REPRESENTATION('',(#2409),#2477);
#2409 = B_SPLINE_CURVE_WITH_KNOTS('',8,(#2410,#2411,#2412,#2413,#2414,
    #2415,#2416,#2417,#2418,#2419,#2420,#2421,#2422,#2423,#2424,#2425,
    #2426,#2427,#2428,#2429,#2430,#2431,#2432,#2433,#2434,#2435,#2436,
    #2437,#2438,#2439,#2440,#2441,#2442,#2443,#2444,#2445,#2446,#2447,
    #2448,#2449,#2450,#2451,#2452,#2453,#2454,#2455,#2456,#2457,#2458,
    #2459,#2460,#2461,#2462,#2463,#2464,#2465,#2466,#2467,#2468,#2469,
    #2470,#2471,#2472,#2473,#2474,#2475,#2476),.UNSPECIFIED.,.F.,.F.,(9,
    7,7,8,7,7,8,7,7,9),(0.,0.523598775598,1.308996938996,2.094395102393,
    2.617993877991,3.403392041389,4.188790204786,4.712388980385,
    5.497787143782,6.28318530718),.UNSPECIFIED.);
#2410 = CARTESIAN_POINT('',(0.965909090909,0.));
#2411 = CARTESIAN_POINT('',(0.965909080268,5.25027846102E-02));
#2412 = CARTESIAN_POINT('',(0.962675083375,0.106880710317));
#2413 = CARTESIAN_POINT('',(0.955802464085,0.16289921631));
#2414 = CARTESIAN_POINT('',(0.944887835775,0.220230507673));
#2415 = CARTESIAN_POINT('',(0.929550929041,0.278437695014));
#2416 = CARTESIAN_POINT('',(0.909477048266,0.336968340294));
#2417 = CARTESIAN_POINT('',(0.884464083236,0.395168921662));
#2418 = CARTESIAN_POINT('',(0.809448981595,0.538075856129));
#2419 = CARTESIAN_POINT('',(0.75320516638,0.621485628591));
#2420 = CARTESIAN_POINT('',(0.685543847547,0.700167076517));
#2421 = CARTESIAN_POINT('',(0.607024198609,0.771466330298));
#2422 = CARTESIAN_POINT('',(0.519195871169,0.832730313472));
#2423 = CARTESIAN_POINT('',(0.424657343368,0.882083897335));
#2424 = CARTESIAN_POINT('',(0.326260802746,0.918766096573));
#2425 = CARTESIAN_POINT('',(0.127125018138,0.967048493456));
#2426 = CARTESIAN_POINT('',(2.638582968211E-02,0.978649197828));
#2427 = CARTESIAN_POINT('',(-7.284284538036E-02,0.97784496138));
#2428 = CARTESIAN_POINT('',(-0.168045175336,0.965673361105));
#2429 = CARTESIAN_POINT('',(-0.257376802114,0.943936768905));
#2430 = CARTESIAN_POINT('',(-0.339847268885,0.914579901138));
#2431 = CARTESIAN_POINT('',(-0.415039019687,0.879421726854));
#2432 = CARTESIAN_POINT('',(-0.482954545455,0.840044641671));
#2433 = CARTESIAN_POINT('',(-0.528231524034,0.813793240113));
#2434 = CARTESIAN_POINT('',(-0.573508580534,0.7837916919));
#2435 = CARTESIAN_POINT('',(-0.61838111799,0.749805368122));
#2436 = CARTESIAN_POINT('',(-0.662364761588,0.711647343582));
#2437 = CARTESIAN_POINT('',(-0.704892615017,0.669205345245));
#2438 = CARTESIAN_POINT('',(-0.745330922825,0.622481903482));
#2439 = CARTESIAN_POINT('',(-0.783015050291,0.571628005295));
#2440 = CARTESIAN_POINT('',(-0.868746581326,0.434934408546));
#2441 = CARTESIAN_POINT('',(-0.912555009469,0.344314654461));
#2442 = CARTESIAN_POINT('',(-0.946577106384,0.246129336421));
#2443 = CARTESIAN_POINT('',(-0.968803833384,0.14219169889));
#2444 = CARTESIAN_POINT('',(-0.977722074538,3.517600138429E-02));
#2445 = CARTESIAN_POINT('',(-0.973014008901,-7.172031244397E-02));
#2446 = CARTESIAN_POINT('',(-0.955449476814,-0.175636221901));
#2447 = CARTESIAN_POINT('',(-0.897519019988,-0.372964473235));
#2448 = CARTESIAN_POINT('',(-0.857153560028,-0.466377020257));
#2449 = CARTESIAN_POINT('',(-0.806845670624,-0.552273413599));
#2450 = CARTESIAN_POINT('',(-0.748748046193,-0.628984439631));
#2451 = CARTESIAN_POINT('',(-0.685337182622,-0.695807258682));
#2452 = CARTESIAN_POINT('',(-0.618785379149,-0.752852835218));
#2453 = CARTESIAN_POINT('',(-0.550870043442,-0.800667508163));
#2454 = CARTESIAN_POINT('',(-0.482954545455,-0.840044641671));
#2455 = CARTESIAN_POINT('',(-0.437677556236,-0.866296024721));
#2456 = CARTESIAN_POINT('',(-0.389166502835,-0.89067240222));
#2457 = CARTESIAN_POINT('',(-0.337421346097,-0.912704584441));
#2458 = CARTESIAN_POINT('',(-0.282523074184,-0.931877851264));
#2459 = CARTESIAN_POINT('',(-0.224658314019,-0.947643040262));
#2460 = CARTESIAN_POINT('',(-0.164146125446,-0.959450243772));
#2461 = CARTESIAN_POINT('',(-0.101449032944,-0.966796926958));
#2462 = CARTESIAN_POINT('',(5.929759975174E-02,-0.973010264662));
#2463 = CARTESIAN_POINT('',(0.159349843087,-0.965800283089));
#2464 = CARTESIAN_POINT('',(0.261033258845,-0.946296412825));
#2465 = CARTESIAN_POINT('',(0.36177963471,-0.913658029327));
#2466 = CARTESIAN_POINT('',(0.458526203474,-0.867906314743));
#2467 = CARTESIAN_POINT('',(0.548356665522,-0.810363584982));
#2468 = CARTESIAN_POINT('',(0.629188674083,-0.743129874663));
#2469 = CARTESIAN_POINT('',(0.770394001845,-0.594084020226));
#2470 = CARTESIAN_POINT('',(0.830767730304,-0.512272177601));
#2471 = CARTESIAN_POINT('',(0.879688515961,-0.425571547808));
#2472 = CARTESIAN_POINT('',(0.916793221601,-0.336688921467));
#2473 = CARTESIAN_POINT('',(0.942713984819,-0.24812951027));
#2474 = CARTESIAN_POINT('',(0.958632647991,-0.16172706595));
#2475 = CARTESIAN_POINT('',(0.965909063128,-7.875421869232E-02));
#2476 = CARTESIAN_POINT('',(0.965909090909,0.));
#2477 = ( GEOMETRIC_REPRESENTATION_CONTEXT(2) 
PARAMETRIC_REPRESENTATION_CONTEXT() REPRESENTATION_CONTEXT('2D SPACE',''
  ) );
#2478 = PCURVE('',#2047,#2479);
#2479 = DEFINITIONAL_REPRESENTATION('',(#2480),#2488);
#2480 = B_SPLINE_CURVE_WITH_KNOTS('',2,(#2481,#2482,#2483,#2484,#2485,
    #2486,#2487),.UNSPECIFIED.,.F.,.F.,(3,2,2,3),(0.,2.094395102393,
    4.188790204786,6.28318530718),.PIECEWISE_BEZIER_KNOTS.);
#2481 = CARTESIAN_POINT('',(0.,0.));
#2482 = CARTESIAN_POINT('',(1.047197551197,0.));
#2483 = CARTESIAN_POINT('',(2.094395102393,0.));
#2484 = CARTESIAN_POINT('',(3.14159265359,0.));
#2485 = CARTESIAN_POINT('',(4.188790204786,0.));
#2486 = CARTESIAN_POINT('',(5.235987755983,0.));
#2487 = CARTESIAN_POINT('',(6.28318530718,0.));
#2488 = ( GEOMETRIC_REPRESENTATION_CONTEXT(2) 
PARAMETRIC_REPRESENTATION_CONTEXT() REPRESENTATION_CONTEXT('2D SPACE',''
  ) );
#2489 = ADVANCED_FACE('',(#2490),#455,.T.);
#2490 = FACE_BOUND('',#2491,.T.);
#2491 = EDGE_LOOP('',(#2492,#2544,#2566,#2567));
#2492 = ORIENTED_EDGE('',*,*,#2493,.T.);
#2493 = EDGE_CURVE('',#2494,#2496,#2498,.T.);
#2494 = VERTEX_POINT('',#2495);
#2495 = CARTESIAN_POINT('',(-82.34435379935,-23.62237990399,
    3.144695226409));
#2496 = VERTEX_POINT('',#2497);
#2497 = CARTESIAN_POINT('',(-82.34435379935,23.622379903993,
    3.144695226409));
#2498 = SURFACE_CURVE('',#2499,(#2512,#2528),.PCURVE_S1.);
#2499 = B_SPLINE_CURVE_WITH_KNOTS('',6,(#2500,#2501,#2502,#2503,#2504,
    #2505,#2506,#2507,#2508,#2509,#2510,#2511),.UNSPECIFIED.,.F.,.F.,(7,
    5,7),(0.,0.5,1.),.UNSPECIFIED.);
#2500 = CARTESIAN_POINT('',(-80.14220237771,-32.,3.144695226409));
#2501 = CARTESIAN_POINT('',(-81.72868880189,-26.82568013946,
    3.144695226409));
#2502 = CARTESIAN_POINT('',(-82.99925901687,-21.55479407082,
    3.144695226409));
#2503 = CARTESIAN_POINT('',(-83.95273636298,-16.21269920236,
    3.144695226409));
#2504 = CARTESIAN_POINT('',(-84.58844275388,-10.82389925983,
    3.144695226409));
#2505 = CARTESIAN_POINT('',(-84.90632238414,-5.412073678078,
    3.144695226409));
#2506 = CARTESIAN_POINT('',(-84.90632238415,5.412073678055,
    3.144695226409));
#2507 = CARTESIAN_POINT('',(-84.58844275388,10.823899259811,
    3.144695226409));
#2508 = CARTESIAN_POINT('',(-83.95273636298,16.212699202354,
    3.144695226409));
#2509 = CARTESIAN_POINT('',(-82.99925901688,21.554794070811,
    3.144695226409));
#2510 = CARTESIAN_POINT('',(-81.72868880189,26.825680139466,
    3.144695226409));
#2511 = CARTESIAN_POINT('',(-80.14220237771,32.,3.144695226409));
#2512 = PCURVE('',#455,#2513);
#2513 = DEFINITIONAL_REPRESENTATION('',(#2514),#2527);
#2514 = B_SPLINE_CURVE_WITH_KNOTS('',6,(#2515,#2516,#2517,#2518,#2519,
    #2520,#2521,#2522,#2523,#2524,#2525,#2526),.UNSPECIFIED.,.F.,.F.,(7,
    5,7),(0.,0.5,1.),.UNSPECIFIED.);
#2515 = CARTESIAN_POINT('',(23.788794691762,-32.));
#2516 = CARTESIAN_POINT('',(22.202308267589,-26.82568013946));
#2517 = CARTESIAN_POINT('',(20.931738052602,-21.55479407082));
#2518 = CARTESIAN_POINT('',(19.978260706494,-16.21269920236));
#2519 = CARTESIAN_POINT('',(19.342554315594,-10.82389925983));
#2520 = CARTESIAN_POINT('',(19.024674685331,-5.412073678078));
#2521 = CARTESIAN_POINT('',(19.024674685329,5.412073678055));
#2522 = CARTESIAN_POINT('',(19.342554315592,10.823899259811));
#2523 = CARTESIAN_POINT('',(19.978260706492,16.212699202354));
#2524 = CARTESIAN_POINT('',(20.931738052599,21.554794070811));
#2525 = CARTESIAN_POINT('',(22.202308267588,26.825680139467));
#2526 = CARTESIAN_POINT('',(23.788794691762,32.));
#2527 = ( GEOMETRIC_REPRESENTATION_CONTEXT(2) 
PARAMETRIC_REPRESENTATION_CONTEXT() REPRESENTATION_CONTEXT('2D SPACE',''
  ) );
#2528 = PCURVE('',#2047,#2529);
#2529 = DEFINITIONAL_REPRESENTATION('',(#2530),#2543);
#2530 = B_SPLINE_CURVE_WITH_KNOTS('',6,(#2531,#2532,#2533,#2534,#2535,
    #2536,#2537,#2538,#2539,#2540,#2541,#2542),.UNSPECIFIED.,.F.,.F.,(7,
    5,7),(0.,0.5,1.),.UNSPECIFIED.);
#2531 = CARTESIAN_POINT('',(3.449751591224,5.165881617114E-02));
#2532 = CARTESIAN_POINT('',(3.396960964349,5.165881617114E-02));
#2533 = CARTESIAN_POINT('',(3.345048066526,5.165881617114E-02));
#2534 = CARTESIAN_POINT('',(3.293766821279,5.165881617114E-02));
#2535 = CARTESIAN_POINT('',(3.242902177823,5.165881617114E-02));
#2536 = CARTESIAN_POINT('',(3.192248562365,5.165881617114E-02));
#2537 = CARTESIAN_POINT('',(3.090936744815,5.165881617114E-02));
#2538 = CARTESIAN_POINT('',(3.040283129357,5.165881617114E-02));
#2539 = CARTESIAN_POINT('',(2.989418485901,5.165881617114E-02));
#2540 = CARTESIAN_POINT('',(2.938137240654,5.165881617114E-02));
#2541 = CARTESIAN_POINT('',(2.886224342831,5.165881617114E-02));
#2542 = CARTESIAN_POINT('',(2.833433715956,5.165881617114E-02));
#2543 = ( GEOMETRIC_REPRESENTATION_CONTEXT(2) 
PARAMETRIC_REPRESENTATION_CONTEXT() REPRESENTATION_CONTEXT('2D SPACE',''
  ) );
#2544 = ORIENTED_EDGE('',*,*,#2545,.T.);
#2545 = EDGE_CURVE('',#2496,#422,#2546,.T.);
#2546 = SURFACE_CURVE('',#2547,(#2552,#2559),.PCURVE_S1.);
#2547 = CIRCLE('',#2548,32.);
#2548 = AXIS2_PLACEMENT_3D('',#2549,#2550,#2551);
#2549 = CARTESIAN_POINT('',(-103.9309970694,-2.094247693266E-14,
    3.144695226409));
#2550 = DIRECTION('',(0.,0.,1.));
#2551 = DIRECTION('',(1.,0.,-0.));
#2552 = PCURVE('',#455,#2553);
#2553 = DEFINITIONAL_REPRESENTATION('',(#2554),#2558);
#2554 = CIRCLE('',#2555,32.);
#2555 = AXIS2_PLACEMENT_2D('',#2556,#2557);
#2556 = CARTESIAN_POINT('',(0.,0.));
#2557 = DIRECTION('',(1.,0.));
#2558 = ( GEOMETRIC_REPRESENTATION_CONTEXT(2) 
PARAMETRIC_REPRESENTATION_CONTEXT() REPRESENTATION_CONTEXT('2D SPACE',''
  ) );
#2559 = PCURVE('',#546,#2560);
#2560 = DEFINITIONAL_REPRESENTATION('',(#2561),#2565);
#2561 = LINE('',#2562,#2563);
#2562 = CARTESIAN_POINT('',(0.,0.));
#2563 = VECTOR('',#2564,1.);
#2564 = DIRECTION('',(1.,0.));
#2565 = ( GEOMETRIC_REPRESENTATION_CONTEXT(2) 
PARAMETRIC_REPRESENTATION_CONTEXT() REPRESENTATION_CONTEXT('2D SPACE',''
  ) );
#2566 = ORIENTED_EDGE('',*,*,#419,.F.);
#2567 = ORIENTED_EDGE('',*,*,#2568,.T.);
#2568 = EDGE_CURVE('',#420,#2494,#2569,.T.);
#2569 = SURFACE_CURVE('',#2570,(#2575,#2582),.PCURVE_S1.);
#2570 = CIRCLE('',#2571,32.);
#2571 = AXIS2_PLACEMENT_3D('',#2572,#2573,#2574);
#2572 = CARTESIAN_POINT('',(-103.9309970694,-2.094247693266E-14,
    3.144695226409));
#2573 = DIRECTION('',(0.,0.,1.));
#2574 = DIRECTION('',(1.,0.,-0.));
#2575 = PCURVE('',#455,#2576);
#2576 = DEFINITIONAL_REPRESENTATION('',(#2577),#2581);
#2577 = CIRCLE('',#2578,32.);
#2578 = AXIS2_PLACEMENT_2D('',#2579,#2580);
#2579 = CARTESIAN_POINT('',(0.,0.));
#2580 = DIRECTION('',(1.,0.));
#2581 = ( GEOMETRIC_REPRESENTATION_CONTEXT(2) 
PARAMETRIC_REPRESENTATION_CONTEXT() REPRESENTATION_CONTEXT('2D SPACE',''
  ) );
#2582 = PCURVE('',#653,#2583);
#2583 = DEFINITIONAL_REPRESENTATION('',(#2584),#2588);
#2584 = LINE('',#2585,#2586);
#2585 = CARTESIAN_POINT('',(0.,0.));
#2586 = VECTOR('',#2587,1.);
#2587 = DIRECTION('',(1.,0.));
#2588 = ( GEOMETRIC_REPRESENTATION_CONTEXT(2) 
PARAMETRIC_REPRESENTATION_CONTEXT() REPRESENTATION_CONTEXT('2D SPACE',''
  ) );
#2589 = ADVANCED_FACE('',(#2590),#653,.F.);
#2590 = FACE_BOUND('',#2591,.F.);
#2591 = EDGE_LOOP('',(#2592,#2616,#2617,#2618));
#2592 = ORIENTED_EDGE('',*,*,#2593,.T.);
#2593 = EDGE_CURVE('',#2594,#477,#2596,.T.);
#2594 = VERTEX_POINT('',#2595);
#2595 = CARTESIAN_POINT('',(-79.46864201326,-2.69340258965E-14,
    23.774605189948));
#2596 = SURFACE_CURVE('',#2597,(#2602,#2609),.PCURVE_S1.);
#2597 = CIRCLE('',#2598,32.);
#2598 = AXIS2_PLACEMENT_3D('',#2599,#2600,#2601);
#2599 = CARTESIAN_POINT('',(-103.9309970694,-2.094247693266E-14,
    3.144695226409));
#2600 = DIRECTION('',(-2.449293598295E-16,-1.,0.));
#2601 = DIRECTION('',(1.,-2.449293598295E-16,0.));
#2602 = PCURVE('',#653,#2603);
#2603 = DEFINITIONAL_REPRESENTATION('',(#2604),#2608);
#2604 = LINE('',#2605,#2606);
#2605 = CARTESIAN_POINT('',(6.28318530718,-6.28318530718));
#2606 = VECTOR('',#2607,1.);
#2607 = DIRECTION('',(0.,1.));
#2608 = ( GEOMETRIC_REPRESENTATION_CONTEXT(2) 
PARAMETRIC_REPRESENTATION_CONTEXT() REPRESENTATION_CONTEXT('2D SPACE',''
  ) );
#2609 = PCURVE('',#546,#2610);
#2610 = DEFINITIONAL_REPRESENTATION('',(#2611),#2615);
#2611 = LINE('',#2612,#2613);
#2612 = CARTESIAN_POINT('',(0.,-6.28318530718));
#2613 = VECTOR('',#2614,1.);
#2614 = DIRECTION('',(0.,1.));
#2615 = ( GEOMETRIC_REPRESENTATION_CONTEXT(2) 
PARAMETRIC_REPRESENTATION_CONTEXT() REPRESENTATION_CONTEXT('2D SPACE',''
  ) );
#2616 = ORIENTED_EDGE('',*,*,#585,.T.);
#2617 = ORIENTED_EDGE('',*,*,#2568,.T.);
#2618 = ORIENTED_EDGE('',*,*,#2619,.F.);
#2619 = EDGE_CURVE('',#2594,#2494,#2620,.T.);
#2620 = SURFACE_CURVE('',#2621,(#2673,#2728),.PCURVE_S1.);
#2621 = B_SPLINE_CURVE_WITH_KNOTS('',8,(#2622,#2623,#2624,#2625,#2626,
    #2627,#2628,#2629,#2630,#2631,#2632,#2633,#2634,#2635,#2636,#2637,
    #2638,#2639,#2640,#2641,#2642,#2643,#2644,#2645,#2646,#2647,#2648,
    #2649,#2650,#2651,#2652,#2653,#2654,#2655,#2656,#2657,#2658,#2659,
    #2660,#2661,#2662,#2663,#2664,#2665,#2666,#2667,#2668,#2669,#2670,
    #2671,#2672),.UNSPECIFIED.,.F.,.F.,(9,7,7,7,7,7,7,9),(0.,
    0.407233460532,0.58518782016,0.741584043618,0.877011715757,
    0.940425264847,0.971647301507,1.),.UNSPECIFIED.);
#2622 = CARTESIAN_POINT('',(-79.46864201326,-3.19744231092E-14,
    23.774605189948));
#2623 = CARTESIAN_POINT('',(-79.46864201326,-1.769704980878,
    23.774605189948));
#2624 = CARTESIAN_POINT('',(-79.49980516283,-3.539284125463,
    23.638058872283));
#2625 = CARTESIAN_POINT('',(-79.56212376328,-5.296129428812,
    23.364999737014));
#2626 = CARTESIAN_POINT('',(-79.65458896977,-7.027270384372,
    22.95587406763));
#2627 = CARTESIAN_POINT('',(-79.77513610791,-8.719426081701,
    22.411780536193));
#2628 = CARTESIAN_POINT('',(-79.92065389175,-10.35903877286,
    21.734619057429));
#2629 = CARTESIAN_POINT('',(-80.08706707587,-11.93232676803,
    20.927277577421));
#2630 = CARTESIAN_POINT('',(-80.34924936429,-14.0777724134,
    19.58598122063));
#2631 = CARTESIAN_POINT('',(-80.43203423735,-14.71481209968,
    19.154058767099));
#2632 = CARTESIAN_POINT('',(-80.51746466236,-15.33527346991,
    18.698470726886));
#2633 = CARTESIAN_POINT('',(-80.6050996847,-15.93794990254,
    18.219649014668));
#2634 = CARTESIAN_POINT('',(-80.69447051548,-16.5216258941,
    17.718092676399));
#2635 = CARTESIAN_POINT('',(-80.785084599,-17.08508322491,
    17.194375941588));
#2636 = CARTESIAN_POINT('',(-80.87643087725,-17.62710813927,
    16.649157586544));
#2637 = CARTESIAN_POINT('',(-81.04845022462,-18.60296969149,
    15.58578911873));
#2638 = CARTESIAN_POINT('',(-81.12907616575,-19.04196067951,
    15.072358600737));
#2639 = CARTESIAN_POINT('',(-81.20950783185,-19.46265018909,
    14.543418795217));
#2640 = CARTESIAN_POINT('',(-81.28938240633,-19.86422895487,
    13.999543160317));
#2641 = CARTESIAN_POINT('',(-81.36833420506,-20.24590489687,
    13.441363328356));
#2642 = CARTESIAN_POINT('',(-81.44599890411,-20.60690876442,
    12.869573636476));
#2643 = CARTESIAN_POINT('',(-81.52201828939,-20.94650128841,
    12.284936731329));
#2644 = CARTESIAN_POINT('',(-81.66014769373,-21.5388967423,
    11.171638102551));
#2645 = CARTESIAN_POINT('',(-81.72275708475,-21.79723550006,
    10.645972683164));
#2646 = CARTESIAN_POINT('',(-81.78364787335,-22.03854075468,
    10.111842285959));
#2647 = CARTESIAN_POINT('',(-81.84260199309,-22.26238228818,
    9.569826604888));
#2648 = CARTESIAN_POINT('',(-81.89941161679,-22.46836056901,
    9.020538251441));
#2649 = CARTESIAN_POINT('',(-81.95388163447,-22.65611029643,
    8.464624274567));
#2650 = CARTESIAN_POINT('',(-82.00583213118,-22.82530394481,
    7.902767680595));
#2651 = CARTESIAN_POINT('',(-82.07817078278,-23.04605682489,
    7.070156258462));
#2652 = CARTESIAN_POINT('',(-82.10065286821,-23.11232754582,
    6.803477292886));
#2653 = CARTESIAN_POINT('',(-82.12253042356,-23.17443815837,
    6.535725429533));
#2654 = CARTESIAN_POINT('',(-82.14378773855,-23.23236164863,
    6.266975178222));
#2655 = CARTESIAN_POINT('',(-82.16441009026,-23.2860733013,
    5.997302185493));
#2656 = CARTESIAN_POINT('',(-82.18438374321,-23.33555069959,
    5.726783234609));
#2657 = CARTESIAN_POINT('',(-82.20369594925,-23.38077372527,
    5.455496245555));
#2658 = CARTESIAN_POINT('',(-82.231511969,-23.44188694416,5.049611294319
    ));
#2659 = CARTESIAN_POINT('',(-82.24050815993,-23.46097494578,
    4.91579276714));
#2660 = CARTESIAN_POINT('',(-82.24932387226,-23.47899482667,
    4.782065807629));
#2661 = CARTESIAN_POINT('',(-82.2579594653,-23.49595259518,
    4.648431522313));
#2662 = CARTESIAN_POINT('',(-82.26641530596,-23.5118540049,
    4.514891010118));
#2663 = CARTESIAN_POINT('',(-82.27469176871,-23.52670455459,
    4.381445362367));
#2664 = CARTESIAN_POINT('',(-82.28278923555,-23.54050948827,
    4.248095662778));
#2665 = CARTESIAN_POINT('',(-82.29789920496,-23.56486504875,
    3.993836373859));
#2666 = CARTESIAN_POINT('',(-82.30495305813,-23.57561433177,
    3.872740987722));
#2667 = CARTESIAN_POINT('',(-82.31186888277,-23.58552064434,
    3.751563782161));
#2668 = CARTESIAN_POINT('',(-82.31864596001,-23.59458310649,
    3.630311734059));
#2669 = CARTESIAN_POINT('',(-82.32528360338,-23.60280090992,
    3.508991833228));
#2670 = CARTESIAN_POINT('',(-82.33178117406,-23.61017335141,
    3.387611089648));
#2671 = CARTESIAN_POINT('',(-82.33813809161,-23.61669985678,
    3.266176538964));
#2672 = CARTESIAN_POINT('',(-82.34435379935,-23.62237990399,
    3.144695226409));
#2673 = PCURVE('',#653,#2674);
#2674 = DEFINITIONAL_REPRESENTATION('',(#2675),#2727);
#2675 = B_SPLINE_CURVE_WITH_KNOTS('',8,(#2676,#2677,#2678,#2679,#2680,
    #2681,#2682,#2683,#2684,#2685,#2686,#2687,#2688,#2689,#2690,#2691,
    #2692,#2693,#2694,#2695,#2696,#2697,#2698,#2699,#2700,#2701,#2702,
    #2703,#2704,#2705,#2706,#2707,#2708,#2709,#2710,#2711,#2712,#2713,
    #2714,#2715,#2716,#2717,#2718,#2719,#2720,#2721,#2722,#2723,#2724,
    #2725,#2726),.UNSPECIFIED.,.F.,.F.,(9,7,7,7,7,7,7,9),(0.,
    0.407233460532,0.58518782016,0.741584043618,0.877011715757,
    0.940425264847,0.971647301507,1.),.UNSPECIFIED.);
#2676 = CARTESIAN_POINT('',(6.28318530718,0.700610739453));
#2677 = CARTESIAN_POINT('',(6.21084129219,0.700610739453));
#2678 = CARTESIAN_POINT('',(6.138502632696,0.695028771963));
#2679 = CARTESIAN_POINT('',(6.067468411794,0.683866791544));
#2680 = CARTESIAN_POINT('',(5.999059101129,0.66728781735));
#2681 = CARTESIAN_POINT('',(5.934344671139,0.645637555285));
#2682 = CARTESIAN_POINT('',(5.87392546569,0.619341614305));
#2683 = CARTESIAN_POINT('',(5.818129113716,0.588831976445));
#2684 = CARTESIAN_POINT('',(5.744782400319,0.539528453669));
#2685 = CARTESIAN_POINT('',(5.723387686309,0.52381091109));
#2686 = CARTESIAN_POINT('',(5.702914831309,0.507404357583));
#2687 = CARTESIAN_POINT('',(5.683369111683,0.490343984727));
#2688 = CARTESIAN_POINT('',(5.664750805416,0.472664351301));
#2689 = CARTESIAN_POINT('',(5.647056700216,0.454399214989));
#2690 = CARTESIAN_POINT('',(5.630281389499,0.435581583927));
#2691 = CARTESIAN_POINT('',(5.600477037258,0.399249029608));
#2692 = CARTESIAN_POINT('',(5.587240266897,0.381852358934));
#2693 = CARTESIAN_POINT('',(5.574703825841,0.364076294127));
#2694 = CARTESIAN_POINT('',(5.562862642144,0.345942769846));
#2695 = CARTESIAN_POINT('',(5.551711340474,0.32747340479));
#2696 = CARTESIAN_POINT('',(5.541244661843,0.308689655152));
#2697 = CARTESIAN_POINT('',(5.531457753797,0.289613054103));
#2698 = CARTESIAN_POINT('',(5.514456506518,0.253512005149));
#2699 = CARTESIAN_POINT('',(5.507073070777,0.236555063981));
#2700 = CARTESIAN_POINT('',(5.500193296373,0.219409117915));
#2701 = CARTESIAN_POINT('',(5.493814658539,0.202088418054));
#2702 = CARTESIAN_POINT('',(5.487934906737,0.184607207827));
#2703 = CARTESIAN_POINT('',(5.482552136154,0.166979868309));
#2704 = CARTESIAN_POINT('',(5.477664859199,0.149221063548));
#2705 = CARTESIAN_POINT('',(5.471215171609,0.122975894444));
#2706 = CARTESIAN_POINT('',(5.469266674459,0.114580351197));
#2707 = CARTESIAN_POINT('',(5.467426473759,0.106160781935));
#2708 = CARTESIAN_POINT('',(5.46569447604,9.771871987766E-02));
#2709 = CARTESIAN_POINT('',(5.464070606154,8.925570566251E-02));
#2710 = CARTESIAN_POINT('',(5.46255480728,8.077328735158E-02));
#2711 = CARTESIAN_POINT('',(5.461147040918,7.227302042865E-02));
#2712 = CARTESIAN_POINT('',(5.459207345299,5.956329264682E-02));
#2713 = CARTESIAN_POINT('',(5.458594817647,5.537423277351E-02));
#2714 = CARTESIAN_POINT('',(5.458009481115,5.118920640149E-02));
#2715 = CARTESIAN_POINT('',(5.457451124728,4.700813245037E-02));
#2716 = CARTESIAN_POINT('',(5.456919549353,4.283093053758E-02));
#2717 = CARTESIAN_POINT('',(5.456414567704,3.865752097846E-02));
#2718 = CARTESIAN_POINT('',(5.455936004338,3.448782478617E-02));
#2719 = CARTESIAN_POINT('',(5.455072954627,2.653856797689E-02));
#2720 = CARTESIAN_POINT('',(5.454683291094,2.275309299674E-02));
#2721 = CARTESIAN_POINT('',(5.454314707462,1.896547465168E-02));
#2722 = CARTESIAN_POINT('',(5.453967206135,1.517584907401E-02));
#2723 = CARTESIAN_POINT('',(5.453640791065,1.138435233298E-02));
#2724 = CARTESIAN_POINT('',(5.453335466722,7.591120726218E-03));
#2725 = CARTESIAN_POINT('',(5.453051237362,3.796291017331E-03));
#2726 = CARTESIAN_POINT('',(5.452788109469,0.));
#2727 = ( GEOMETRIC_REPRESENTATION_CONTEXT(2) 
PARAMETRIC_REPRESENTATION_CONTEXT() REPRESENTATION_CONTEXT('2D SPACE',''
  ) );
#2728 = PCURVE('',#2047,#2729);
#2729 = DEFINITIONAL_REPRESENTATION('',(#2730),#2782);
#2730 = B_SPLINE_CURVE_WITH_KNOTS('',8,(#2731,#2732,#2733,#2734,#2735,
    #2736,#2737,#2738,#2739,#2740,#2741,#2742,#2743,#2744,#2745,#2746,
    #2747,#2748,#2749,#2750,#2751,#2752,#2753,#2754,#2755,#2756,#2757,
    #2758,#2759,#2760,#2761,#2762,#2763,#2764,#2765,#2766,#2767,#2768,
    #2769,#2770,#2771,#2772,#2773,#2774,#2775,#2776,#2777,#2778,#2779,
    #2780,#2781),.UNSPECIFIED.,.F.,.F.,(9,7,7,7,7,7,7,9),(0.,
    0.407233460532,0.58518782016,0.741584043618,0.877011715757,
    0.940425264847,0.971647301507,1.),.UNSPECIFIED.);
#2731 = CARTESIAN_POINT('',(3.14159265359,0.378627463712));
#2732 = CARTESIAN_POINT('',(3.159290137356,0.378627463712));
#2733 = CARTESIAN_POINT('',(3.176986363276,0.376465716505));
#2734 = CARTESIAN_POINT('',(3.194512079694,0.372142755306));
#2735 = CARTESIAN_POINT('',(3.21169445864,0.365669989386));
#2736 = CARTESIAN_POINT('',(3.228364439332,0.357073542631));
#2737 = CARTESIAN_POINT('',(3.244364705626,0.346393968556));
#2738 = CARTESIAN_POINT('',(3.259553362329,0.333684106145));
#2739 = CARTESIAN_POINT('',(3.280030821475,0.312595393885));
#2740 = CARTESIAN_POINT('',(3.286078235145,0.305807553145));
#2741 = CARTESIAN_POINT('',(3.291935067592,0.298650729322));
#2742 = CARTESIAN_POINT('',(3.297590960656,0.291131423437));
#2743 = CARTESIAN_POINT('',(3.303036080397,0.283256839986));
#2744 = CARTESIAN_POINT('',(3.308261136908,0.275034952034));
#2745 = CARTESIAN_POINT('',(3.313257385118,0.266474603443));
#2746 = CARTESIAN_POINT('',(3.322199275983,0.249773538232));
#2747 = CARTESIAN_POINT('',(3.326198893645,0.241707572672));
#2748 = CARTESIAN_POINT('',(3.330009816047,0.23339454944));
#2749 = CARTESIAN_POINT('',(3.333626768441,0.224841840958));
#2750 = CARTESIAN_POINT('',(3.337044830688,0.216057434459));
#2751 = CARTESIAN_POINT('',(3.340259429957,0.207050008377));
#2752 = CARTESIAN_POINT('',(3.343266340265,0.197829044831));
#2753 = CARTESIAN_POINT('',(3.348482255987,0.180244426884));
#2754 = CARTESIAN_POINT('',(3.350744223237,0.171931452229));
#2755 = CARTESIAN_POINT('',(3.352845055893,0.163472906172));
#2756 = CARTESIAN_POINT('',(3.354782464478,0.154875995024));
#2757 = CARTESIAN_POINT('',(3.35655440351,0.146148339147));
#2758 = CARTESIAN_POINT('',(3.358159070234,0.137298032628));
#2759 = CARTESIAN_POINT('',(3.35959490337,0.128333702949));
#2760 = CARTESIAN_POINT('',(3.361453231506,0.115017980172));
#2761 = CARTESIAN_POINT('',(3.362008577502,0.110748392144));
#2762 = CARTESIAN_POINT('',(3.362526486082,0.106456742122));
#2763 = CARTESIAN_POINT('',(3.363006836764,0.102143986272));
#2764 = CARTESIAN_POINT('',(3.36344952234,9.781110138357E-02));
#2765 = CARTESIAN_POINT('',(3.363854448872,9.345908487345E-02));
#2766 = CARTESIAN_POINT('',(3.364221535695,8.908895478335E-02));
#2767 = CARTESIAN_POINT('',(3.364712788999,8.25416834004E-02));
#2768 = CARTESIAN_POINT('',(3.364865361836,8.038163134931E-02));
#2769 = CARTESIAN_POINT('',(3.365008498986,7.82215933625E-02));
#2770 = CARTESIAN_POINT('',(3.36514226265,7.606156918214E-02));
#2771 = CARTESIAN_POINT('',(3.365266712179,7.39015585573E-02));
#2772 = CARTESIAN_POINT('',(3.365381904063,7.1741561244E-02));
#2773 = CARTESIAN_POINT('',(3.365487891942,6.958157700514E-02));
#2774 = CARTESIAN_POINT('',(3.365672662046,6.546013787006E-02));
#2775 = CARTESIAN_POINT('',(3.365753086188,6.349592878395E-02));
#2776 = CARTESIAN_POINT('',(3.365826444566,6.152915526214E-02));
#2777 = CARTESIAN_POINT('',(3.36589182713,5.955974168384E-02));
#2778 = CARTESIAN_POINT('',(3.365949929388,5.758791256808E-02));
#2779 = CARTESIAN_POINT('',(3.366001164887,5.561384033072E-02));
#2780 = CARTESIAN_POINT('',(3.366044190541,5.363737007982E-02));
#2781 = CARTESIAN_POINT('',(3.366080106278,5.165880340112E-02));
#2782 = ( GEOMETRIC_REPRESENTATION_CONTEXT(2) 
PARAMETRIC_REPRESENTATION_CONTEXT() REPRESENTATION_CONTEXT('2D SPACE',''
  ) );
#2783 = ADVANCED_FACE('',(#2784),#546,.F.);
#2784 = FACE_BOUND('',#2785,.F.);
#2785 = EDGE_LOOP('',(#2786,#2787,#2788,#2890));
#2786 = ORIENTED_EDGE('',*,*,#476,.T.);
#2787 = ORIENTED_EDGE('',*,*,#2593,.F.);
#2788 = ORIENTED_EDGE('',*,*,#2789,.F.);
#2789 = EDGE_CURVE('',#2496,#2594,#2790,.T.);
#2790 = SURFACE_CURVE('',#2791,(#2822,#2856),.PCURVE_S1.);
#2791 = B_SPLINE_CURVE_WITH_KNOTS('',8,(#2792,#2793,#2794,#2795,#2796,
    #2797,#2798,#2799,#2800,#2801,#2802,#2803,#2804,#2805,#2806,#2807,
    #2808,#2809,#2810,#2811,#2812,#2813,#2814,#2815,#2816,#2817,#2818,
    #2819,#2820,#2821),.UNSPECIFIED.,.F.,.F.,(9,7,7,7,9),(0.,
    0.257352394352,0.413374151644,0.589892312363,1.),.UNSPECIFIED.);
#2792 = CARTESIAN_POINT('',(-82.34435379935,23.622379903993,
    3.144695226409));
#2793 = CARTESIAN_POINT('',(-82.28727744729,23.570222295144,
    4.260209216683));
#2794 = CARTESIAN_POINT('',(-82.21828635096,23.446684336367,
    5.371942192809));
#2795 = CARTESIAN_POINT('',(-82.13781131608,23.252129252196,
    6.474154956324));
#2796 = CARTESIAN_POINT('',(-82.04660840305,22.987715361287,
    7.56152225785));
#2797 = CARTESIAN_POINT('',(-81.94571754274,22.655209859052,
    8.62908677885));
#2798 = CARTESIAN_POINT('',(-81.83641305518,22.256900276203,
    9.672234882836));
#2799 = CARTESIAN_POINT('',(-81.72014856465,21.795569054945,
    10.686688032434));
#2800 = CARTESIAN_POINT('',(-81.52474775439,20.958592777347,
    12.263736686224));
#2801 = CARTESIAN_POINT('',(-81.44900774222,20.620689965115,
    12.847051403669));
#2802 = CARTESIAN_POINT('',(-81.37162228906,20.261481828772,
    13.417616279385));
#2803 = CARTESIAN_POINT('',(-81.29294625721,19.881700309118,
    13.974673800993));
#2804 = CARTESIAN_POINT('',(-81.21334065089,19.482107155204,
    14.517534009035));
#2805 = CARTESIAN_POINT('',(-81.13316792844,19.063486861516,
    15.045568977687));
#2806 = CARTESIAN_POINT('',(-81.05278782578,18.626641094001,
    15.558208352545));
#2807 = CARTESIAN_POINT('',(-80.8817792886,17.658452949852,
    16.616918085752));
#2808 = CARTESIAN_POINT('',(-80.79119111633,17.122232151173,
    17.158536918578));
#2809 = CARTESIAN_POINT('',(-80.70129923275,16.564892149885,
    17.679054754264));
#2810 = CARTESIAN_POINT('',(-80.61260222527,15.987615363873,
    18.177826183849));
#2811 = CARTESIAN_POINT('',(-80.52558099362,15.39158877151,
    18.654287819494));
#2812 = CARTESIAN_POINT('',(-80.44069367278,14.777996973557,
    19.107949292764));
#2813 = CARTESIAN_POINT('',(-80.35837169598,14.148016233368,
    19.538385510827));
#2814 = CARTESIAN_POINT('',(-80.09465085796,12.003789551612,
    20.890459386378));
#2815 = CARTESIAN_POINT('',(-79.92634018445,10.422897054583,
    21.708147465172));
#2816 = CARTESIAN_POINT('',(-79.7790623301,8.774357904204,
    22.394055938799));
#2817 = CARTESIAN_POINT('',(-79.65699874358,7.072235606325,
    22.945210829819));
#2818 = CARTESIAN_POINT('',(-79.56334250657,5.330363198382,
    23.359659597842));
#2819 = CARTESIAN_POINT('',(-79.5002120271,3.562285295572,23.63627613617
    ));
#2820 = CARTESIAN_POINT('',(-79.46864201326,1.78122013257,
    23.774605189948));
#2821 = CARTESIAN_POINT('',(-79.46864201326,-3.164426662758E-14,
    23.774605189948));
#2822 = PCURVE('',#546,#2823);
#2823 = DEFINITIONAL_REPRESENTATION('',(#2824),#2855);
#2824 = B_SPLINE_CURVE_WITH_KNOTS('',8,(#2825,#2826,#2827,#2828,#2829,
    #2830,#2831,#2832,#2833,#2834,#2835,#2836,#2837,#2838,#2839,#2840,
    #2841,#2842,#2843,#2844,#2845,#2846,#2847,#2848,#2849,#2850,#2851,
    #2852,#2853,#2854),.UNSPECIFIED.,.F.,.F.,(9,7,7,7,9),(0.,
    0.257352394352,0.413374151644,0.589892312363,1.),.UNSPECIFIED.);
#2825 = CARTESIAN_POINT('',(0.830397197711,0.));
#2826 = CARTESIAN_POINT('',(0.8279809995,3.485981219607E-02));
#2827 = CARTESIAN_POINT('',(0.823785189173,6.960146585312E-02));
#2828 = CARTESIAN_POINT('',(0.817813955253,0.104110173859));
#2829 = CARTESIAN_POINT('',(0.810068046804,0.138282204541));
#2830 = CARTESIAN_POINT('',(0.800541589913,0.172018877684));
#2831 = CARTESIAN_POINT('',(0.789222036089,0.205222269547));
#2832 = CARTESIAN_POINT('',(0.776093122461,0.237792187653));
#2833 = CARTESIAN_POINT('',(0.75207572325,0.288922228922));
#2834 = CARTESIAN_POINT('',(0.74233932582,0.307951700964));
#2835 = CARTESIAN_POINT('',(0.731927293943,0.326690646407));
#2836 = CARTESIAN_POINT('',(0.720834827487,0.345117719744));
#2837 = CARTESIAN_POINT('',(0.709056720757,0.363211654566));
#2838 = CARTESIAN_POINT('',(0.696587646899,0.380951026845));
#2839 = CARTESIAN_POINT('',(0.683422569541,0.398314102729));
#2840 = CARTESIAN_POINT('',(0.653870526425,0.434472068417));
#2841 = CARTESIAN_POINT('',(0.63728739669,0.453155534025));
#2842 = CARTESIAN_POINT('',(0.619801508422,0.471297482888));
#2843 = CARTESIAN_POINT('',(0.60140752888,0.488865774957));
#2844 = CARTESIAN_POINT('',(0.582102205678,0.505827552174));
#2845 = CARTESIAN_POINT('',(0.561885600076,0.522149183887));
#2846 = CARTESIAN_POINT('',(0.540762524498,0.537796420418));
#2847 = CARTESIAN_POINT('',(0.467588594601,0.587441244782));
#2848 = CARTESIAN_POINT('',(0.411611455267,0.618313975311));
#2849 = CARTESIAN_POINT('',(0.35094061066,0.644932414264));
#2850 = CARTESIAN_POINT('',(0.285902553164,0.66685571411));
#2851 = CARTESIAN_POINT('',(0.21710102405,0.683648522301));
#2852 = CARTESIAN_POINT('',(0.145622908961,0.694955886234));
#2853 = CARTESIAN_POINT('',(7.28147444707E-02,0.700610739453));
#2854 = CARTESIAN_POINT('',(0.,0.700610739453));
#2855 = ( GEOMETRIC_REPRESENTATION_CONTEXT(2) 
PARAMETRIC_REPRESENTATION_CONTEXT() REPRESENTATION_CONTEXT('2D SPACE',''
  ) );
#2856 = PCURVE('',#2047,#2857);
#2857 = DEFINITIONAL_REPRESENTATION('',(#2858),#2889);
#2858 = B_SPLINE_CURVE_WITH_KNOTS('',8,(#2859,#2860,#2861,#2862,#2863,
    #2864,#2865,#2866,#2867,#2868,#2869,#2870,#2871,#2872,#2873,#2874,
    #2875,#2876,#2877,#2878,#2879,#2880,#2881,#2882,#2883,#2884,#2885,
    #2886,#2887,#2888),.UNSPECIFIED.,.F.,.F.,(9,7,7,7,9),(0.,
    0.257352394352,0.413374151644,0.589892312363,1.),.UNSPECIFIED.);
#2859 = CARTESIAN_POINT('',(2.917105132514,5.165881617114E-02));
#2860 = CARTESIAN_POINT('',(2.917434932394,6.982719742725E-02));
#2861 = CARTESIAN_POINT('',(2.918391675503,8.781633368275E-02));
#2862 = CARTESIAN_POINT('',(2.919975422245,0.105547041754));
#2863 = CARTESIAN_POINT('',(2.922181674226,0.122949514395));
#2864 = CARTESIAN_POINT('',(2.925002812382,0.139960881621));
#2865 = CARTESIAN_POINT('',(2.928428273304,0.156523513883));
#2866 = CARTESIAN_POINT('',(2.932443917777,0.172583963802));
#2867 = CARTESIAN_POINT('',(2.939812024912,0.197494571295));
#2868 = CARTESIAN_POINT('',(2.942803414351,0.206695049582));
#2869 = CARTESIAN_POINT('',(2.946001383092,0.215683518311));
#2870 = CARTESIAN_POINT('',(2.949401750947,0.22445056));
#2871 = CARTESIAN_POINT('',(2.952999994663,0.232987552725));
#2872 = CARTESIAN_POINT('',(2.956791247519,0.241286559026));
#2873 = CARTESIAN_POINT('',(2.960770292078,0.249340250353));
#2874 = CARTESIAN_POINT('',(2.969639459403,0.265968373414));
#2875 = CARTESIAN_POINT('',(2.974580632295,0.274472283002));
#2876 = CARTESIAN_POINT('',(2.979747072834,0.282643961529));
#2877 = CARTESIAN_POINT('',(2.985130280262,0.290474754814));
#2878 = CARTESIAN_POINT('',(2.990721227772,0.297956854106));
#2879 = CARTESIAN_POINT('',(2.996510363142,0.305083197095));
#2880 = CARTESIAN_POINT('',(3.00248762723,0.311847404616));
#2881 = CARTESIAN_POINT('',(3.022942190006,0.333104499736));
#2882 = CARTESIAN_POINT('',(3.038197535989,0.345976492534));
#2883 = CARTESIAN_POINT('',(3.054279770355,0.356793505274));
#2884 = CARTESIAN_POINT('',(3.071044570645,0.365501287352));
#2885 = CARTESIAN_POINT('',(3.088331729728,0.372058212539));
#2886 = CARTESIAN_POINT('',(3.105968926489,0.376437492882));
#2887 = CARTESIAN_POINT('',(3.123780015483,0.378627463712));
#2888 = CARTESIAN_POINT('',(3.14159265359,0.378627463712));
#2889 = ( GEOMETRIC_REPRESENTATION_CONTEXT(2) 
PARAMETRIC_REPRESENTATION_CONTEXT() REPRESENTATION_CONTEXT('2D SPACE',''
  ) );
#2890 = ORIENTED_EDGE('',*,*,#2545,.T.);
#2891 = ADVANCED_FACE('',(#2892),#752,.F.);
#2892 = FACE_BOUND('',#2893,.F.);
#2893 = EDGE_LOOP('',(#2894,#2917,#2945,#2966));
#2894 = ORIENTED_EDGE('',*,*,#2895,.F.);
#2895 = EDGE_CURVE('',#2896,#695,#2898,.T.);
#2896 = VERTEX_POINT('',#2897);
#2897 = CARTESIAN_POINT('',(-30.,-101.,11.));
#2898 = SURFACE_CURVE('',#2899,(#2903,#2910),.PCURVE_S1.);
#2899 = LINE('',#2900,#2901);
#2900 = CARTESIAN_POINT('',(-30.,-101.,11.));
#2901 = VECTOR('',#2902,1.);
#2902 = DIRECTION('',(-0.,1.,0.));
#2903 = PCURVE('',#752,#2904);
#2904 = DEFINITIONAL_REPRESENTATION('',(#2905),#2909);
#2905 = LINE('',#2906,#2907);
#2906 = CARTESIAN_POINT('',(3.,0.));
#2907 = VECTOR('',#2908,1.);
#2908 = DIRECTION('',(0.,-1.));
#2909 = ( GEOMETRIC_REPRESENTATION_CONTEXT(2) 
PARAMETRIC_REPRESENTATION_CONTEXT() REPRESENTATION_CONTEXT('2D SPACE',''
  ) );
#2910 = PCURVE('',#834,#2911);
#2911 = DEFINITIONAL_REPRESENTATION('',(#2912),#2916);
#2912 = LINE('',#2913,#2914);
#2913 = CARTESIAN_POINT('',(0.,0.));
#2914 = VECTOR('',#2915,1.);
#2915 = DIRECTION('',(0.,1.));
#2916 = ( GEOMETRIC_REPRESENTATION_CONTEXT(2) 
PARAMETRIC_REPRESENTATION_CONTEXT() REPRESENTATION_CONTEXT('2D SPACE',''
  ) );
#2917 = ORIENTED_EDGE('',*,*,#2918,.F.);
#2918 = EDGE_CURVE('',#2919,#2896,#2921,.T.);
#2919 = VERTEX_POINT('',#2920);
#2920 = CARTESIAN_POINT('',(-30.,-101.,8.));
#2921 = SURFACE_CURVE('',#2922,(#2926,#2933),.PCURVE_S1.);
#2922 = LINE('',#2923,#2924);
#2923 = CARTESIAN_POINT('',(-30.,-101.,8.));
#2924 = VECTOR('',#2925,1.);
#2925 = DIRECTION('',(0.,0.,1.));
#2926 = PCURVE('',#752,#2927);
#2927 = DEFINITIONAL_REPRESENTATION('',(#2928),#2932);
#2928 = LINE('',#2929,#2930);
#2929 = CARTESIAN_POINT('',(0.,0.));
#2930 = VECTOR('',#2931,1.);
#2931 = DIRECTION('',(1.,0.));
#2932 = ( GEOMETRIC_REPRESENTATION_CONTEXT(2) 
PARAMETRIC_REPRESENTATION_CONTEXT() REPRESENTATION_CONTEXT('2D SPACE',''
  ) );
#2933 = PCURVE('',#2934,#2939);
#2934 = PLANE('',#2935);
#2935 = AXIS2_PLACEMENT_3D('',#2936,#2937,#2938);
#2936 = CARTESIAN_POINT('',(-30.,-101.,8.));
#2937 = DIRECTION('',(-0.,1.,0.));
#2938 = DIRECTION('',(0.,0.,1.));
#2939 = DEFINITIONAL_REPRESENTATION('',(#2940),#2944);
#2940 = LINE('',#2941,#2942);
#2941 = CARTESIAN_POINT('',(0.,0.));
#2942 = VECTOR('',#2943,1.);
#2943 = DIRECTION('',(1.,0.));
#2944 = ( GEOMETRIC_REPRESENTATION_CONTEXT(2) 
PARAMETRIC_REPRESENTATION_CONTEXT() REPRESENTATION_CONTEXT('2D SPACE',''
  ) );
#2945 = ORIENTED_EDGE('',*,*,#2946,.T.);
#2946 = EDGE_CURVE('',#2919,#697,#2947,.T.);
#2947 = SURFACE_CURVE('',#2948,(#2952,#2959),.PCURVE_S1.);
#2948 = LINE('',#2949,#2950);
#2949 = CARTESIAN_POINT('',(-30.,-101.,8.));
#2950 = VECTOR('',#2951,1.);
#2951 = DIRECTION('',(-0.,1.,0.));
#2952 = PCURVE('',#752,#2953);
#2953 = DEFINITIONAL_REPRESENTATION('',(#2954),#2958);
#2954 = LINE('',#2955,#2956);
#2955 = CARTESIAN_POINT('',(0.,0.));
#2956 = VECTOR('',#2957,1.);
#2957 = DIRECTION('',(0.,-1.));
#2958 = ( GEOMETRIC_REPRESENTATION_CONTEXT(2) 
PARAMETRIC_REPRESENTATION_CONTEXT() REPRESENTATION_CONTEXT('2D SPACE',''
  ) );
#2959 = PCURVE('',#999,#2960);
#2960 = DEFINITIONAL_REPRESENTATION('',(#2961),#2965);
#2961 = LINE('',#2962,#2963);
#2962 = CARTESIAN_POINT('',(0.,0.));
#2963 = VECTOR('',#2964,1.);
#2964 = DIRECTION('',(0.,1.));
#2965 = ( GEOMETRIC_REPRESENTATION_CONTEXT(2) 
PARAMETRIC_REPRESENTATION_CONTEXT() REPRESENTATION_CONTEXT('2D SPACE',''
  ) );
#2966 = ORIENTED_EDGE('',*,*,#694,.F.);
#2967 = ADVANCED_FACE('',(#2968),#999,.F.);
#2968 = FACE_BOUND('',#2969,.F.);
#2969 = EDGE_LOOP('',(#2970,#2971,#2994,#3015));
#2970 = ORIENTED_EDGE('',*,*,#2946,.F.);
#2971 = ORIENTED_EDGE('',*,*,#2972,.T.);
#2972 = EDGE_CURVE('',#2919,#2973,#2975,.T.);
#2973 = VERTEX_POINT('',#2974);
#2974 = CARTESIAN_POINT('',(30.,-101.,8.));
#2975 = SURFACE_CURVE('',#2976,(#2980,#2987),.PCURVE_S1.);
#2976 = LINE('',#2977,#2978);
#2977 = CARTESIAN_POINT('',(-30.,-101.,8.));
#2978 = VECTOR('',#2979,1.);
#2979 = DIRECTION('',(1.,0.,-0.));
#2980 = PCURVE('',#999,#2981);
#2981 = DEFINITIONAL_REPRESENTATION('',(#2982),#2986);
#2982 = LINE('',#2983,#2984);
#2983 = CARTESIAN_POINT('',(0.,0.));
#2984 = VECTOR('',#2985,1.);
#2985 = DIRECTION('',(1.,0.));
#2986 = ( GEOMETRIC_REPRESENTATION_CONTEXT(2) 
PARAMETRIC_REPRESENTATION_CONTEXT() REPRESENTATION_CONTEXT('2D SPACE',''
  ) );
#2987 = PCURVE('',#2934,#2988);
#2988 = DEFINITIONAL_REPRESENTATION('',(#2989),#2993);
#2989 = LINE('',#2990,#2991);
#2990 = CARTESIAN_POINT('',(0.,0.));
#2991 = VECTOR('',#2992,1.);
#2992 = DIRECTION('',(0.,1.));
#2993 = ( GEOMETRIC_REPRESENTATION_CONTEXT(2) 
PARAMETRIC_REPRESENTATION_CONTEXT() REPRESENTATION_CONTEXT('2D SPACE',''
  ) );
#2994 = ORIENTED_EDGE('',*,*,#2995,.T.);
#2995 = EDGE_CURVE('',#2973,#864,#2996,.T.);
#2996 = SURFACE_CURVE('',#2997,(#3001,#3008),.PCURVE_S1.);
#2997 = LINE('',#2998,#2999);
#2998 = CARTESIAN_POINT('',(30.,-101.,8.));
#2999 = VECTOR('',#3000,1.);
#3000 = DIRECTION('',(-0.,1.,0.));
#3001 = PCURVE('',#999,#3002);
#3002 = DEFINITIONAL_REPRESENTATION('',(#3003),#3007);
#3003 = LINE('',#3004,#3005);
#3004 = CARTESIAN_POINT('',(60.,0.));
#3005 = VECTOR('',#3006,1.);
#3006 = DIRECTION('',(0.,1.));
#3007 = ( GEOMETRIC_REPRESENTATION_CONTEXT(2) 
PARAMETRIC_REPRESENTATION_CONTEXT() REPRESENTATION_CONTEXT('2D SPACE',''
  ) );
#3008 = PCURVE('',#919,#3009);
#3009 = DEFINITIONAL_REPRESENTATION('',(#3010),#3014);
#3010 = LINE('',#3011,#3012);
#3011 = CARTESIAN_POINT('',(0.,0.));
#3012 = VECTOR('',#3013,1.);
#3013 = DIRECTION('',(0.,-1.));
#3014 = ( GEOMETRIC_REPRESENTATION_CONTEXT(2) 
PARAMETRIC_REPRESENTATION_CONTEXT() REPRESENTATION_CONTEXT('2D SPACE',''
  ) );
#3015 = ORIENTED_EDGE('',*,*,#951,.T.);
#3016 = ADVANCED_FACE('',(#3017),#919,.T.);
#3017 = FACE_BOUND('',#3018,.T.);
#3018 = EDGE_LOOP('',(#3019,#3042,#3063,#3064));
#3019 = ORIENTED_EDGE('',*,*,#3020,.F.);
#3020 = EDGE_CURVE('',#3021,#785,#3023,.T.);
#3021 = VERTEX_POINT('',#3022);
#3022 = CARTESIAN_POINT('',(30.,-101.,11.));
#3023 = SURFACE_CURVE('',#3024,(#3028,#3035),.PCURVE_S1.);
#3024 = LINE('',#3025,#3026);
#3025 = CARTESIAN_POINT('',(30.,-101.,11.));
#3026 = VECTOR('',#3027,1.);
#3027 = DIRECTION('',(-0.,1.,0.));
#3028 = PCURVE('',#919,#3029);
#3029 = DEFINITIONAL_REPRESENTATION('',(#3030),#3034);
#3030 = LINE('',#3031,#3032);
#3031 = CARTESIAN_POINT('',(3.,0.));
#3032 = VECTOR('',#3033,1.);
#3033 = DIRECTION('',(0.,-1.));
#3034 = ( GEOMETRIC_REPRESENTATION_CONTEXT(2) 
PARAMETRIC_REPRESENTATION_CONTEXT() REPRESENTATION_CONTEXT('2D SPACE',''
  ) );
#3035 = PCURVE('',#834,#3036);
#3036 = DEFINITIONAL_REPRESENTATION('',(#3037),#3041);
#3037 = LINE('',#3038,#3039);
#3038 = CARTESIAN_POINT('',(60.,0.));
#3039 = VECTOR('',#3040,1.);
#3040 = DIRECTION('',(0.,1.));
#3041 = ( GEOMETRIC_REPRESENTATION_CONTEXT(2) 
PARAMETRIC_REPRESENTATION_CONTEXT() REPRESENTATION_CONTEXT('2D SPACE',''
  ) );
#3042 = ORIENTED_EDGE('',*,*,#3043,.F.);
#3043 = EDGE_CURVE('',#2973,#3021,#3044,.T.);
#3044 = SURFACE_CURVE('',#3045,(#3049,#3056),.PCURVE_S1.);
#3045 = LINE('',#3046,#3047);
#3046 = CARTESIAN_POINT('',(30.,-101.,8.));
#3047 = VECTOR('',#3048,1.);
#3048 = DIRECTION('',(0.,0.,1.));
#3049 = PCURVE('',#919,#3050);
#3050 = DEFINITIONAL_REPRESENTATION('',(#3051),#3055);
#3051 = LINE('',#3052,#3053);
#3052 = CARTESIAN_POINT('',(0.,0.));
#3053 = VECTOR('',#3054,1.);
#3054 = DIRECTION('',(1.,0.));
#3055 = ( GEOMETRIC_REPRESENTATION_CONTEXT(2) 
PARAMETRIC_REPRESENTATION_CONTEXT() REPRESENTATION_CONTEXT('2D SPACE',''
  ) );
#3056 = PCURVE('',#2934,#3057);
#3057 = DEFINITIONAL_REPRESENTATION('',(#3058),#3062);
#3058 = LINE('',#3059,#3060);
#3059 = CARTESIAN_POINT('',(0.,60.));
#3060 = VECTOR('',#3061,1.);
#3061 = DIRECTION('',(1.,0.));
#3062 = ( GEOMETRIC_REPRESENTATION_CONTEXT(2) 
PARAMETRIC_REPRESENTATION_CONTEXT() REPRESENTATION_CONTEXT('2D SPACE',''
  ) );
#3063 = ORIENTED_EDGE('',*,*,#2995,.T.);
#3064 = ORIENTED_EDGE('',*,*,#863,.T.);
#3065 = ADVANCED_FACE('',(#3066),#834,.T.);
#3066 = FACE_BOUND('',#3067,.T.);
#3067 = EDGE_LOOP('',(#3068,#3069,#3090,#3091));
#3068 = ORIENTED_EDGE('',*,*,#2895,.F.);
#3069 = ORIENTED_EDGE('',*,*,#3070,.T.);
#3070 = EDGE_CURVE('',#2896,#3021,#3071,.T.);
#3071 = SURFACE_CURVE('',#3072,(#3076,#3083),.PCURVE_S1.);
#3072 = LINE('',#3073,#3074);
#3073 = CARTESIAN_POINT('',(-30.,-101.,11.));
#3074 = VECTOR('',#3075,1.);
#3075 = DIRECTION('',(1.,0.,-0.));
#3076 = PCURVE('',#834,#3077);
#3077 = DEFINITIONAL_REPRESENTATION('',(#3078),#3082);
#3078 = LINE('',#3079,#3080);
#3079 = CARTESIAN_POINT('',(0.,0.));
#3080 = VECTOR('',#3081,1.);
#3081 = DIRECTION('',(1.,0.));
#3082 = ( GEOMETRIC_REPRESENTATION_CONTEXT(2) 
PARAMETRIC_REPRESENTATION_CONTEXT() REPRESENTATION_CONTEXT('2D SPACE',''
  ) );
#3083 = PCURVE('',#2934,#3084);
#3084 = DEFINITIONAL_REPRESENTATION('',(#3085),#3089);
#3085 = LINE('',#3086,#3087);
#3086 = CARTESIAN_POINT('',(3.,0.));
#3087 = VECTOR('',#3088,1.);
#3088 = DIRECTION('',(0.,1.));
#3089 = ( GEOMETRIC_REPRESENTATION_CONTEXT(2) 
PARAMETRIC_REPRESENTATION_CONTEXT() REPRESENTATION_CONTEXT('2D SPACE',''
  ) );
#3090 = ORIENTED_EDGE('',*,*,#3020,.T.);
#3091 = ORIENTED_EDGE('',*,*,#784,.T.);
#3092 = ADVANCED_FACE('',(#3093,#3096),#1338,.T.);
#3093 = FACE_BOUND('',#3094,.T.);
#3094 = EDGE_LOOP('',(#3095));
#3095 = ORIENTED_EDGE('',*,*,#1030,.T.);
#3096 = FACE_BOUND('',#3097,.T.);
#3097 = EDGE_LOOP('',(#3098));
#3098 = ORIENTED_EDGE('',*,*,#3099,.F.);
#3099 = EDGE_CURVE('',#3100,#3100,#3102,.T.);
#3100 = VERTEX_POINT('',#3101);
#3101 = CARTESIAN_POINT('',(-44.92381485712,-78.00709386917,
    20.816121106977));
#3102 = SURFACE_CURVE('',#3103,(#3108,#3115),.PCURVE_S1.);
#3103 = CIRCLE('',#3104,2.);
#3104 = AXIS2_PLACEMENT_3D('',#3105,#3106,#3107);
#3105 = CARTESIAN_POINT('',(-43.29310955438,-79.16502314836,
    20.816121106977));
#3106 = DIRECTION('',(-0.528704674619,-0.744571824884,0.407534249635));
#3107 = DIRECTION('',(-0.815352651373,0.578964639592,2.775557561563E-17)
  );
#3108 = PCURVE('',#1338,#3109);
#3109 = DEFINITIONAL_REPRESENTATION('',(#3110),#3114);
#3110 = CIRCLE('',#3111,2.);
#3111 = AXIS2_PLACEMENT_2D('',#3112,#3113);
#3112 = CARTESIAN_POINT('',(5.793429035161E-15,-1.567791525141E-15));
#3113 = DIRECTION('',(1.,3.016503927343E-17));
#3114 = ( GEOMETRIC_REPRESENTATION_CONTEXT(2) 
PARAMETRIC_REPRESENTATION_CONTEXT() REPRESENTATION_CONTEXT('2D SPACE',''
  ) );
#3115 = PCURVE('',#3116,#3121);
#3116 = CYLINDRICAL_SURFACE('',#3117,2.);
#3117 = AXIS2_PLACEMENT_3D('',#3118,#3119,#3120);
#3118 = CARTESIAN_POINT('',(-49.63756564981,-88.09988504696,
    25.706532102592));
#3119 = DIRECTION('',(-0.528704674619,-0.744571824884,0.407534249635));
#3120 = DIRECTION('',(-0.815352651373,0.578964639592,-2.775557561563E-17
    ));
#3121 = DEFINITIONAL_REPRESENTATION('',(#3122),#3126);
#3122 = LINE('',#3123,#3124);
#3123 = CARTESIAN_POINT('',(0.,-12.));
#3124 = VECTOR('',#3125,1.);
#3125 = DIRECTION('',(1.,0.));
#3126 = ( GEOMETRIC_REPRESENTATION_CONTEXT(2) 
PARAMETRIC_REPRESENTATION_CONTEXT() REPRESENTATION_CONTEXT('2D SPACE',''
  ) );
#3127 = ADVANCED_FACE('',(#3128,#3131),#1820,.T.);
#3128 = FACE_BOUND('',#3129,.T.);
#3129 = EDGE_LOOP('',(#3130));
#3130 = ORIENTED_EDGE('',*,*,#1498,.T.);
#3131 = FACE_BOUND('',#3132,.T.);
#3132 = EDGE_LOOP('',(#3133));
#3133 = ORIENTED_EDGE('',*,*,#3134,.F.);
#3134 = EDGE_CURVE('',#3135,#3135,#3137,.T.);
#3135 = VERTEX_POINT('',#3136);
#3136 = CARTESIAN_POINT('',(41.662404251635,-80.32295242754,
    20.816121106977));
#3137 = SURFACE_CURVE('',#3138,(#3143,#3150),.PCURVE_S1.);
#3138 = CIRCLE('',#3139,2.);
#3139 = AXIS2_PLACEMENT_3D('',#3140,#3141,#3142);
#3140 = CARTESIAN_POINT('',(43.293109554382,-79.16502314836,
    20.816121106977));
#3141 = DIRECTION('',(0.528704674619,-0.744571824884,0.407534249635));
#3142 = DIRECTION('',(-0.815352651373,-0.578964639592,0.));
#3143 = PCURVE('',#1820,#3144);
#3144 = DEFINITIONAL_REPRESENTATION('',(#3145),#3149);
#3145 = CIRCLE('',#3146,2.);
#3146 = AXIS2_PLACEMENT_2D('',#3147,#3148);
#3147 = CARTESIAN_POINT('',(5.793429035161E-15,-1.140941779727E-14));
#3148 = DIRECTION('',(1.,-1.110223024625E-16));
#3149 = ( GEOMETRIC_REPRESENTATION_CONTEXT(2) 
PARAMETRIC_REPRESENTATION_CONTEXT() REPRESENTATION_CONTEXT('2D SPACE',''
  ) );
#3150 = PCURVE('',#3151,#3156);
#3151 = CYLINDRICAL_SURFACE('',#3152,2.);
#3152 = AXIS2_PLACEMENT_3D('',#3153,#3154,#3155);
#3153 = CARTESIAN_POINT('',(49.637565649813,-88.09988504696,
    25.706532102592));
#3154 = DIRECTION('',(0.528704674619,-0.744571824884,0.407534249635));
#3155 = DIRECTION('',(-0.815352651373,-0.578964639592,0.));
#3156 = DEFINITIONAL_REPRESENTATION('',(#3157),#3161);
#3157 = LINE('',#3158,#3159);
#3158 = CARTESIAN_POINT('',(0.,-12.));
#3159 = VECTOR('',#3160,1.);
#3160 = DIRECTION('',(1.,0.));
#3161 = ( GEOMETRIC_REPRESENTATION_CONTEXT(2) 
PARAMETRIC_REPRESENTATION_CONTEXT() REPRESENTATION_CONTEXT('2D SPACE',''
  ) );
#3162 = ADVANCED_FACE('',(#3163,#3216,#4573,#4578,#4770),#2047,.F.);
#3163 = FACE_BOUND('',#3164,.F.);
#3164 = EDGE_LOOP('',(#3165,#3186,#3187,#3188,#3189,#3190,#3213,#3214,
    #3215));
#3165 = ORIENTED_EDGE('',*,*,#3166,.F.);
#3166 = EDGE_CURVE('',#2396,#2014,#3167,.T.);
#3167 = SEAM_CURVE('',#3168,(#3172,#3179),.PCURVE_S1.);
#3168 = ( BOUNDED_CURVE() B_SPLINE_CURVE(2,(#3169,#3170,#3171),
.UNSPECIFIED.,.F.,.F.) B_SPLINE_CURVE_WITH_KNOTS((3,3),(6.28318530718,
7.853981633974),.PIECEWISE_BEZIER_KNOTS.) CURVE() 
GEOMETRIC_REPRESENTATION_ITEM() RATIONAL_B_SPLINE_CURVE((1.,
0.707106781187,1.)) REPRESENTATION_ITEM('') );
#3169 = CARTESIAN_POINT('',(85.,-2.375814790346E-14,0.));
#3170 = CARTESIAN_POINT('',(85.,-2.375814790346E-14,67.));
#3171 = CARTESIAN_POINT('',(5.204748896376E-15,-1.454766989182E-30,67.)
  );
#3172 = PCURVE('',#2047,#3173);
#3173 = DEFINITIONAL_REPRESENTATION('',(#3174),#3178);
#3174 = B_SPLINE_CURVE_WITH_KNOTS('',2,(#3175,#3176,#3177),
  .UNSPECIFIED.,.F.,.F.,(3,3),(6.28318530718,7.853981633974),
  .PIECEWISE_BEZIER_KNOTS.);
#3175 = CARTESIAN_POINT('',(0.,0.));
#3176 = CARTESIAN_POINT('',(8.881784197001E-16,0.785398163397));
#3177 = CARTESIAN_POINT('',(0.,1.570796326795));
#3178 = ( GEOMETRIC_REPRESENTATION_CONTEXT(2) 
PARAMETRIC_REPRESENTATION_CONTEXT() REPRESENTATION_CONTEXT('2D SPACE',''
  ) );
#3179 = PCURVE('',#2047,#3180);
#3180 = DEFINITIONAL_REPRESENTATION('',(#3181),#3185);
#3181 = B_SPLINE_CURVE_WITH_KNOTS('',2,(#3182,#3183,#3184),
  .UNSPECIFIED.,.F.,.F.,(3,3),(6.28318530718,7.853981633974),
  .PIECEWISE_BEZIER_KNOTS.);
#3182 = CARTESIAN_POINT('',(6.28318530718,0.));
#3183 = CARTESIAN_POINT('',(6.28318530718,0.785398163397));
#3184 = CARTESIAN_POINT('',(6.28318530718,1.570796326795));
#3185 = ( GEOMETRIC_REPRESENTATION_CONTEXT(2) 
PARAMETRIC_REPRESENTATION_CONTEXT() REPRESENTATION_CONTEXT('2D SPACE',''
  ) );
#3186 = ORIENTED_EDGE('',*,*,#2395,.T.);
#3187 = ORIENTED_EDGE('',*,*,#3166,.T.);
#3188 = ORIENTED_EDGE('',*,*,#2085,.T.);
#3189 = ORIENTED_EDGE('',*,*,#2285,.T.);
#3190 = ORIENTED_EDGE('',*,*,#3191,.T.);
#3191 = EDGE_CURVE('',#2182,#3192,#3194,.T.);
#3192 = VERTEX_POINT('',#3193);
#3193 = CARTESIAN_POINT('',(5.204748896376E-15,-1.454766989182E-30,67.)
  );
#3194 = SEAM_CURVE('',#3195,(#3199,#3206),.PCURVE_S1.);
#3195 = ( BOUNDED_CURVE() B_SPLINE_CURVE(2,(#3196,#3197,#3198),
.UNSPECIFIED.,.F.,.F.) B_SPLINE_CURVE_WITH_KNOTS((3,3),(6.28318530718,
7.853981633974),.PIECEWISE_BEZIER_KNOTS.) CURVE() 
GEOMETRIC_REPRESENTATION_ITEM() RATIONAL_B_SPLINE_CURVE((1.,
0.707106781187,1.)) REPRESENTATION_ITEM('') );
#3196 = CARTESIAN_POINT('',(85.,-2.375814790346E-14,0.));
#3197 = CARTESIAN_POINT('',(85.,-2.375814790346E-14,67.));
#3198 = CARTESIAN_POINT('',(5.204748896376E-15,-1.454766989182E-30,67.)
  );
#3199 = PCURVE('',#2047,#3200);
#3200 = DEFINITIONAL_REPRESENTATION('',(#3201),#3205);
#3201 = B_SPLINE_CURVE_WITH_KNOTS('',2,(#3202,#3203,#3204),
  .UNSPECIFIED.,.F.,.F.,(3,3),(6.28318530718,7.853981633974),
  .PIECEWISE_BEZIER_KNOTS.);
#3202 = CARTESIAN_POINT('',(0.,0.));
#3203 = CARTESIAN_POINT('',(8.881784197001E-16,0.785398163397));
#3204 = CARTESIAN_POINT('',(0.,1.570796326795));
#3205 = ( GEOMETRIC_REPRESENTATION_CONTEXT(2) 
PARAMETRIC_REPRESENTATION_CONTEXT() REPRESENTATION_CONTEXT('2D SPACE',''
  ) );
#3206 = PCURVE('',#2047,#3207);
#3207 = DEFINITIONAL_REPRESENTATION('',(#3208),#3212);
#3208 = B_SPLINE_CURVE_WITH_KNOTS('',2,(#3209,#3210,#3211),
  .UNSPECIFIED.,.F.,.F.,(3,3),(6.28318530718,7.853981633974),
  .PIECEWISE_BEZIER_KNOTS.);
#3209 = CARTESIAN_POINT('',(6.28318530718,0.));
#3210 = CARTESIAN_POINT('',(6.28318530718,0.785398163397));
#3211 = CARTESIAN_POINT('',(6.28318530718,1.570796326795));
#3212 = ( GEOMETRIC_REPRESENTATION_CONTEXT(2) 
PARAMETRIC_REPRESENTATION_CONTEXT() REPRESENTATION_CONTEXT('2D SPACE',''
  ) );
#3213 = ORIENTED_EDGE('',*,*,#3191,.F.);
#3214 = ORIENTED_EDGE('',*,*,#2181,.F.);
#3215 = ORIENTED_EDGE('',*,*,#2013,.T.);
#3216 = FACE_BOUND('',#3217,.F.);
#3217 = EDGE_LOOP('',(#3218,#3272,#3351,#3439,#3473,#3588,#3662,#3691,
    #3746,#3802,#3876,#3964,#3998,#4131,#4166,#4201,#4230,#4265,#4305,
    #4370,#4444,#4496));
#3218 = ORIENTED_EDGE('',*,*,#3219,.F.);
#3219 = EDGE_CURVE('',#3220,#3222,#3224,.T.);
#3220 = VERTEX_POINT('',#3221);
#3221 = CARTESIAN_POINT('',(-30.,-89.34946629505,11.));
#3222 = VERTEX_POINT('',#3223);
#3223 = CARTESIAN_POINT('',(-30.,-90.0155533132,8.));
#3224 = SURFACE_CURVE('',#3225,(#3237,#3252),.PCURVE_S1.);
#3225 = B_SPLINE_CURVE_WITH_KNOTS('',4,(#3226,#3227,#3228,#3229,#3230,
    #3231,#3232,#3233,#3234,#3235,#3236),.UNSPECIFIED.,.F.,.F.,(5,3,3,5)
  ,(0.,0.500050716005,0.763166201781,1.),.UNSPECIFIED.);
#3226 = CARTESIAN_POINT('',(-30.,-89.34946629505,11.));
#3227 = CARTESIAN_POINT('',(-30.,-89.44569380084,10.627089439677));
#3228 = CARTESIAN_POINT('',(-30.,-89.5377136431,10.253093446399));
#3229 = CARTESIAN_POINT('',(-30.,-89.62547940687,9.878076083669));
#3230 = CARTESIAN_POINT('',(-30.,-89.7528698808,9.304278100841));
#3231 = CARTESIAN_POINT('',(-30.,-89.79550902806,9.106600264357));
#3232 = CARTESIAN_POINT('',(-30.,-89.83687350207,8.909078852175));
#3233 = CARTESIAN_POINT('',(-30.,-89.9130610709,8.534075859602));
#3234 = CARTESIAN_POINT('',(-30.,-89.94819135564,8.356235936174));
#3235 = CARTESIAN_POINT('',(-30.,-89.98235670656,8.178208141503));
#3236 = CARTESIAN_POINT('',(-30.,-90.0155533132,8.));
#3237 = PCURVE('',#2047,#3238);
#3238 = DEFINITIONAL_REPRESENTATION('',(#3239),#3251);
#3239 = B_SPLINE_CURVE_WITH_KNOTS('',4,(#3240,#3241,#3242,#3243,#3244,
    #3245,#3246,#3247,#3248,#3249,#3250),.UNSPECIFIED.,.F.,.F.,(5,3,3,5)
  ,(0.,0.500050716005,0.763166201781,1.),.UNSPECIFIED.);
#3240 = CARTESIAN_POINT('',(4.371531282689,0.177525255972));
#3241 = CARTESIAN_POINT('',(4.37193173687,0.171626145931));
#3242 = CARTESIAN_POINT('',(4.372313704621,0.165703065047));
#3243 = CARTESIAN_POINT('',(4.372676912293,0.159756042382));
#3244 = CARTESIAN_POINT('',(4.373203015283,0.150643684346));
#3245 = CARTESIAN_POINT('',(4.373378882912,0.147502034695));
#3246 = CARTESIAN_POINT('',(4.373549291061,0.144360387181));
#3247 = CARTESIAN_POINT('',(4.373862814676,0.13839090431));
#3248 = CARTESIAN_POINT('',(4.374007333756,0.135557913618));
#3249 = CARTESIAN_POINT('',(4.374147457536,0.132719575243));
#3250 = CARTESIAN_POINT('',(4.374283666374,0.129876170854));
#3251 = ( GEOMETRIC_REPRESENTATION_CONTEXT(2) 
PARAMETRIC_REPRESENTATION_CONTEXT() REPRESENTATION_CONTEXT('2D SPACE',''
  ) );
#3252 = PCURVE('',#3253,#3258);
#3253 = PLANE('',#3254);
#3254 = AXIS2_PLACEMENT_3D('',#3255,#3256,#3257);
#3255 = CARTESIAN_POINT('',(-30.,-101.,8.));
#3256 = DIRECTION('',(1.,0.,-0.));
#3257 = DIRECTION('',(0.,0.,1.));
#3258 = DEFINITIONAL_REPRESENTATION('',(#3259),#3271);
#3259 = B_SPLINE_CURVE_WITH_KNOTS('',4,(#3260,#3261,#3262,#3263,#3264,
    #3265,#3266,#3267,#3268,#3269,#3270),.UNSPECIFIED.,.F.,.F.,(5,3,3,5)
  ,(0.,0.500050716005,0.763166201781,1.),.UNSPECIFIED.);
#3260 = CARTESIAN_POINT('',(3.,-11.65053370494));
#3261 = CARTESIAN_POINT('',(2.627089439677,-11.55430619916));
#3262 = CARTESIAN_POINT('',(2.253093446399,-11.46228635689));
#3263 = CARTESIAN_POINT('',(1.878076083669,-11.37452059312));
#3264 = CARTESIAN_POINT('',(1.304278100841,-11.24713011919));
#3265 = CARTESIAN_POINT('',(1.106600264357,-11.20449097193));
#3266 = CARTESIAN_POINT('',(0.909078852175,-11.16312649792));
#3267 = CARTESIAN_POINT('',(0.534075859602,-11.08693892909));
#3268 = CARTESIAN_POINT('',(0.356235936174,-11.05180864436));
#3269 = CARTESIAN_POINT('',(0.178208141503,-11.01764329343));
#3270 = CARTESIAN_POINT('',(0.,-10.98444668679));
#3271 = ( GEOMETRIC_REPRESENTATION_CONTEXT(2) 
PARAMETRIC_REPRESENTATION_CONTEXT() REPRESENTATION_CONTEXT('2D SPACE',''
  ) );
#3272 = ORIENTED_EDGE('',*,*,#3273,.F.);
#3273 = EDGE_CURVE('',#3274,#3220,#3276,.T.);
#3274 = VERTEX_POINT('',#3275);
#3275 = CARTESIAN_POINT('',(-24.98868040139,-91.33560123634,11.));
#3276 = SURFACE_CURVE('',#3277,(#3298,#3322),.PCURVE_S1.);
#3277 = B_SPLINE_CURVE_WITH_KNOTS('',7,(#3278,#3279,#3280,#3281,#3282,
    #3283,#3284,#3285,#3286,#3287,#3288,#3289,#3290,#3291,#3292,#3293,
    #3294,#3295,#3296,#3297),.UNSPECIFIED.,.F.,.F.,(8,6,6,8),(0.,
    0.155771925344,0.499858114001,1.),.UNSPECIFIED.);
#3278 = CARTESIAN_POINT('',(30.,-89.34946629505,11.));
#3279 = CARTESIAN_POINT('',(28.740777240393,-89.90006790101,11.));
#3280 = CARTESIAN_POINT('',(27.47020167004,-90.42471220549,11.));
#3281 = CARTESIAN_POINT('',(26.188844715509,-90.92294623081,11.));
#3282 = CARTESIAN_POINT('',(24.897302229286,-91.39433953328,11.));
#3283 = CARTESIAN_POINT('',(23.596195384859,-91.83848671431,11.));
#3284 = CARTESIAN_POINT('',(22.28617157181,-92.25500993142,11.));
#3285 = CARTESIAN_POINT('',(18.055973508392,-93.50183671687,11.));
#3286 = CARTESIAN_POINT('',(15.103661365023,-94.22367838673,11.));
#3287 = CARTESIAN_POINT('',(12.118459005388,-94.8052445317,11.));
#3288 = CARTESIAN_POINT('',(9.108159672179,-95.24359126268,11.));
#3289 = CARTESIAN_POINT('',(6.080857278315,-95.53666692565,11.));
#3290 = CARTESIAN_POINT('',(3.044954194011,-95.68338310136,11.));
#3291 = CARTESIAN_POINT('',(-4.403430895446,-95.68431364477,11.));
#3292 = CARTESIAN_POINT('',(-8.81685407765,-95.3756889656,11.));
#3293 = CARTESIAN_POINT('',(-13.20352459306,-94.75769032601,11.));
#3294 = CARTESIAN_POINT('',(-17.53795428848,-93.83540028664,11.));
#3295 = CARTESIAN_POINT('',(-21.79648349854,-92.61777080031,11.));
#3296 = CARTESIAN_POINT('',(-25.95720809536,-91.11719777725,11.));
#3297 = CARTESIAN_POINT('',(-30.,-89.34946629505,11.));
#3298 = PCURVE('',#2047,#3299);
#3299 = DEFINITIONAL_REPRESENTATION('',(#3300),#3321);
#3300 = B_SPLINE_CURVE_WITH_KNOTS('',7,(#3301,#3302,#3303,#3304,#3305,
    #3306,#3307,#3308,#3309,#3310,#3311,#3312,#3313,#3314,#3315,#3316,
    #3317,#3318,#3319,#3320),.UNSPECIFIED.,.F.,.F.,(8,6,6,8),(0.,
    0.155771925344,0.499858114001,1.),.UNSPECIFIED.);
#3301 = CARTESIAN_POINT('',(5.092679927529,0.177525274134));
#3302 = CARTESIAN_POINT('',(5.078003331725,0.177525274134));
#3303 = CARTESIAN_POINT('',(5.063278173374,0.177525274134));
#3304 = CARTESIAN_POINT('',(5.048502305658,0.177525274134));
#3305 = CARTESIAN_POINT('',(5.033673577469,0.177525274134));
#3306 = CARTESIAN_POINT('',(5.018789856234,0.177525274134));
#3307 = CARTESIAN_POINT('',(5.003849050729,0.177525274134));
#3308 = CARTESIAN_POINT('',(4.955715665207,0.177525274134));
#3309 = CARTESIAN_POINT('',(4.922291929055,0.177525274134));
#3310 = CARTESIAN_POINT('',(4.888558599225,0.177525274134));
#3311 = CARTESIAN_POINT('',(4.854494046299,0.177525274134));
#3312 = CARTESIAN_POINT('',(4.820075366791,0.177525274134));
#3313 = CARTESIAN_POINT('',(4.785280022806,0.177525274134));
#3314 = CARTESIAN_POINT('',(4.698935331345,0.177525274134));
#3315 = CARTESIAN_POINT('',(4.646932126519,0.177525274134));
#3316 = CARTESIAN_POINT('',(4.59402548016,0.177525274134));
#3317 = CARTESIAN_POINT('',(4.540133782297,0.177525274134));
#3318 = CARTESIAN_POINT('',(4.485160032473,0.177525274134));
#3319 = CARTESIAN_POINT('',(4.428995646541,0.177525274134));
#3320 = CARTESIAN_POINT('',(4.371531335416,0.177525274134));
#3321 = ( GEOMETRIC_REPRESENTATION_CONTEXT(2) 
PARAMETRIC_REPRESENTATION_CONTEXT() REPRESENTATION_CONTEXT('2D SPACE',''
  ) );
#3322 = PCURVE('',#3323,#3328);
#3323 = PLANE('',#3324);
#3324 = AXIS2_PLACEMENT_3D('',#3325,#3326,#3327);
#3325 = CARTESIAN_POINT('',(-30.,-101.,11.));
#3326 = DIRECTION('',(0.,0.,1.));
#3327 = DIRECTION('',(1.,0.,-0.));
#3328 = DEFINITIONAL_REPRESENTATION('',(#3329),#3350);
#3329 = B_SPLINE_CURVE_WITH_KNOTS('',7,(#3330,#3331,#3332,#3333,#3334,
    #3335,#3336,#3337,#3338,#3339,#3340,#3341,#3342,#3343,#3344,#3345,
    #3346,#3347,#3348,#3349),.UNSPECIFIED.,.F.,.F.,(8,6,6,8),(0.,
    0.155771925344,0.499858114001,1.),.UNSPECIFIED.);
#3330 = CARTESIAN_POINT('',(60.,11.650533704948));
#3331 = CARTESIAN_POINT('',(58.740777240393,11.099932098987));
#3332 = CARTESIAN_POINT('',(57.47020167004,10.575287794501));
#3333 = CARTESIAN_POINT('',(56.188844715509,10.077053769184));
#3334 = CARTESIAN_POINT('',(54.897302229286,9.605660466712));
#3335 = CARTESIAN_POINT('',(53.596195384859,9.161513285688));
#3336 = CARTESIAN_POINT('',(52.28617157181,8.74499006858));
#3337 = CARTESIAN_POINT('',(48.055973508392,7.498163283128));
#3338 = CARTESIAN_POINT('',(45.103661365023,6.776321613263));
#3339 = CARTESIAN_POINT('',(42.118459005388,6.194755468295));
#3340 = CARTESIAN_POINT('',(39.108159672179,5.75640873732));
#3341 = CARTESIAN_POINT('',(36.080857278315,5.463333074341));
#3342 = CARTESIAN_POINT('',(33.044954194011,5.316616898635));
#3343 = CARTESIAN_POINT('',(25.596569104554,5.315686355227));
#3344 = CARTESIAN_POINT('',(21.18314592235,5.624311034391));
#3345 = CARTESIAN_POINT('',(16.796475406935,6.24230967399));
#3346 = CARTESIAN_POINT('',(12.462045711517,7.164599713355));
#3347 = CARTESIAN_POINT('',(8.203516501457,8.382229199684));
#3348 = CARTESIAN_POINT('',(4.042791904638,9.882802222748));
#3349 = CARTESIAN_POINT('',(0.,11.650533704948));
#3350 = ( GEOMETRIC_REPRESENTATION_CONTEXT(2) 
PARAMETRIC_REPRESENTATION_CONTEXT() REPRESENTATION_CONTEXT('2D SPACE',''
  ) );
#3351 = ORIENTED_EDGE('',*,*,#3352,.T.);
#3352 = EDGE_CURVE('',#3274,#3353,#3355,.T.);
#3353 = VERTEX_POINT('',#3354);
#3354 = CARTESIAN_POINT('',(-25.35512329697,-89.25265968058,17.));
#3355 = SURFACE_CURVE('',#3356,(#3380,#3407),.PCURVE_S1.);
#3356 = B_SPLINE_CURVE_WITH_KNOTS('',8,(#3357,#3358,#3359,#3360,#3361,
    #3362,#3363,#3364,#3365,#3366,#3367,#3368,#3369,#3370,#3371,#3372,
    #3373,#3374,#3375,#3376,#3377,#3378,#3379),.UNSPECIFIED.,.F.,.F.,(9,
    7,7,9),(0.,0.188339836135,0.387461275062,1.),.UNSPECIFIED.);
#3357 = CARTESIAN_POINT('',(-24.98867380098,-91.33560859321,10.9999802)
  );
#3358 = CARTESIAN_POINT('',(-25.03448909295,-91.28454271569,
    11.137609574506));
#3359 = CARTESIAN_POINT('',(-25.07607629392,-91.23416260044,
    11.276257312185));
#3360 = CARTESIAN_POINT('',(-25.11424087122,-91.18425153372,
    11.415643796556));
#3361 = CARTESIAN_POINT('',(-25.14943923817,-91.13469068334,
    11.55559452136));
#3362 = CARTESIAN_POINT('',(-25.18200082352,-91.08539454145,
    11.695984986201));
#3363 = CARTESIAN_POINT('',(-25.21218582171,-91.03629335046,
    11.836727198239));
#3364 = CARTESIAN_POINT('',(-25.24018285293,-90.98733292706,
    11.977770662393));
#3365 = CARTESIAN_POINT('',(-25.29360521526,-90.88679404984,
    12.268500757299));
#3366 = CARTESIAN_POINT('',(-25.31874162555,-90.83531968058,
    12.417949905469));
#3367 = CARTESIAN_POINT('',(-25.34176228541,-90.78397071418,
    12.56743396833));
#3368 = CARTESIAN_POINT('',(-25.36281219787,-90.73269703558,
    12.716953357248));
#3369 = CARTESIAN_POINT('',(-25.38199870224,-90.68146104292,
    12.866509720527));
#3370 = CARTESIAN_POINT('',(-25.39940478223,-90.63023372356,
    13.01610367211));
#3371 = CARTESIAN_POINT('',(-25.41509605604,-90.57899265519,
    13.1657336421));
#3372 = CARTESIAN_POINT('',(-25.47226645531,-90.37000258544,
    13.775787748314));
#3373 = CARTESIAN_POINT('',(-25.49969002821,-90.21185331511,
    14.236918151226));
#3374 = CARTESIAN_POINT('',(-25.51275482693,-90.05290393594,
    14.698385539351));
#3375 = CARTESIAN_POINT('',(-25.51162986413,-89.89318967444,
    15.159883622904));
#3376 = CARTESIAN_POINT('',(-25.49616738528,-89.73287208,15.621104232339
    ));
#3377 = CARTESIAN_POINT('',(-25.46571923077,-89.57230091718,
    16.081747052666));
#3378 = CARTESIAN_POINT('',(-25.41930051234,-89.41196511407,
    16.541495853057));
#3379 = CARTESIAN_POINT('',(-25.35512052556,-89.25265280114,17.0000198)
  );
#3380 = PCURVE('',#2047,#3381);
#3381 = DEFINITIONAL_REPRESENTATION('',(#3382),#3406);
#3382 = B_SPLINE_CURVE_WITH_KNOTS('',8,(#3383,#3384,#3385,#3386,#3387,
    #3388,#3389,#3390,#3391,#3392,#3393,#3394,#3395,#3396,#3397,#3398,
    #3399,#3400,#3401,#3402,#3403,#3404,#3405),.UNSPECIFIED.,.F.,.F.,(9,
    7,7,9),(0.,0.188339836135,0.387461275062,1.),.UNSPECIFIED.);
#3383 = CARTESIAN_POINT('',(4.440932538363,0.177524960915));
#3384 = CARTESIAN_POINT('',(4.440196660485,0.179702134068));
#3385 = CARTESIAN_POINT('',(4.439514299254,0.181894618069));
#3386 = CARTESIAN_POINT('',(4.438874925578,0.184097991716));
#3387 = CARTESIAN_POINT('',(4.438272595825,0.186309506561));
#3388 = CARTESIAN_POINT('',(4.437703026212,0.188527210075));
#3389 = CARTESIAN_POINT('',(4.437162829402,0.190749729776));
#3390 = CARTESIAN_POINT('',(4.436649542547,0.192976287749));
#3391 = CARTESIAN_POINT('',(4.435644646902,0.197564412609));
#3392 = CARTESIAN_POINT('',(4.435156899041,0.199922149719));
#3393 = CARTESIAN_POINT('',(4.434695157675,0.202279688131));
#3394 = CARTESIAN_POINT('',(4.434257508693,0.204637062887));
#3395 = CARTESIAN_POINT('',(4.433842540088,0.206994328604));
#3396 = CARTESIAN_POINT('',(4.433449166889,0.209351523623));
#3397 = CARTESIAN_POINT('',(4.433076539548,0.211708651955));
#3398 = CARTESIAN_POINT('',(4.431639661207,0.221316398025));
#3399 = CARTESIAN_POINT('',(4.430744665644,0.228573018853));
#3400 = CARTESIAN_POINT('',(4.430022010353,0.235830046088));
#3401 = CARTESIAN_POINT('',(4.429470727841,0.243083522901));
#3402 = CARTESIAN_POINT('',(4.429094339196,0.250329483755));
#3403 = CARTESIAN_POINT('',(4.428903391063,0.257564102611));
#3404 = CARTESIAN_POINT('',(4.428913345367,0.264783306669));
#3405 = CARTESIAN_POINT('',(4.429151178384,0.271982786548));
#3406 = ( GEOMETRIC_REPRESENTATION_CONTEXT(2) 
PARAMETRIC_REPRESENTATION_CONTEXT() REPRESENTATION_CONTEXT('2D SPACE',''
  ) );
#3407 = PCURVE('',#3408,#3413);
#3408 = CYLINDRICAL_SURFACE('',#3409,2.);
#3409 = AXIS2_PLACEMENT_3D('',#3410,#3411,#3412);
#3410 = CARTESIAN_POINT('',(-23.5,-90.,11.));
#3411 = DIRECTION('',(0.,0.,1.));
#3412 = DIRECTION('',(1.,0.,-0.));
#3413 = DEFINITIONAL_REPRESENTATION('',(#3414),#3438);
#3414 = B_SPLINE_CURVE_WITH_KNOTS('',8,(#3415,#3416,#3417,#3418,#3419,
    #3420,#3421,#3422,#3423,#3424,#3425,#3426,#3427,#3428,#3429,#3430,
    #3431,#3432,#3433,#3434,#3435,#3436,#3437),.UNSPECIFIED.,.F.,.F.,(9,
    7,7,9),(0.,0.188339836135,0.387461275062,1.),.UNSPECIFIED.);
#3415 = CARTESIAN_POINT('',(3.872847644377,-1.98E-05));
#3416 = CARTESIAN_POINT('',(3.838544711466,0.137609574506));
#3417 = CARTESIAN_POINT('',(3.805908712277,0.276257312185));
#3418 = CARTESIAN_POINT('',(3.774528898342,0.415643796556));
#3419 = CARTESIAN_POINT('',(3.744171109859,0.55559452136));
#3420 = CARTESIAN_POINT('',(3.71466408757,0.695984986201));
#3421 = CARTESIAN_POINT('',(3.685869617066,0.836727198239));
#3422 = CARTESIAN_POINT('',(3.657683279073,0.977770662393));
#3423 = CARTESIAN_POINT('',(3.600757857183,1.268500757299));
#3424 = CARTESIAN_POINT('',(3.572132557542,1.417949905469));
#3425 = CARTESIAN_POINT('',(3.544020988022,1.56743396833));
#3426 = CARTESIAN_POINT('',(3.516335442768,1.716953357248));
#3427 = CARTESIAN_POINT('',(3.489006331382,1.866509720527));
#3428 = CARTESIAN_POINT('',(3.461975499494,2.01610367211));
#3429 = CARTESIAN_POINT('',(3.435192740903,2.1657336421));
#3430 = CARTESIAN_POINT('',(3.326858416002,2.775787748314));
#3431 = CARTESIAN_POINT('',(3.246967858813,3.236918151226));
#3432 = CARTESIAN_POINT('',(3.167754958028,3.698385539351));
#3433 = CARTESIAN_POINT('',(3.088532344755,4.159883622903));
#3434 = CARTESIAN_POINT('',(3.008658668976,4.62110423234));
#3435 = CARTESIAN_POINT('',(2.927536955635,5.081747052665));
#3436 = CARTESIAN_POINT('',(2.844503349039,5.541495853057));
#3437 = CARTESIAN_POINT('',(2.758626280284,6.0000198));
#3438 = ( GEOMETRIC_REPRESENTATION_CONTEXT(2) 
PARAMETRIC_REPRESENTATION_CONTEXT() REPRESENTATION_CONTEXT('2D SPACE',''
  ) );
#3439 = ORIENTED_EDGE('',*,*,#3440,.F.);
#3440 = EDGE_CURVE('',#3441,#3353,#3443,.T.);
#3441 = VERTEX_POINT('',#3442);
#3442 = CARTESIAN_POINT('',(-24.64978753083,-89.50960359511,17.));
#3443 = SURFACE_CURVE('',#3444,(#3450,#3459),.PCURVE_S1.);
#3444 = B_SPLINE_CURVE_WITH_KNOTS('',4,(#3445,#3446,#3447,#3448,#3449),
  .UNSPECIFIED.,.F.,.F.,(5,5),(0.,1.),.PIECEWISE_BEZIER_KNOTS.);
#3445 = CARTESIAN_POINT('',(-21.5,-90.56087310369,17.));
#3446 = CARTESIAN_POINT('',(-22.50937930735,-90.24879889829,17.));
#3447 = CARTESIAN_POINT('',(-23.51284099642,-89.91758534099,17.));
#3448 = CARTESIAN_POINT('',(-24.5098736458,-89.56751069509,17.));
#3449 = CARTESIAN_POINT('',(-25.5,-89.19889234033,17.));
#3450 = PCURVE('',#2047,#3451);
#3451 = DEFINITIONAL_REPRESENTATION('',(#3452),#3458);
#3452 = B_SPLINE_CURVE_WITH_KNOTS('',4,(#3453,#3454,#3455,#3456,#3457),
  .UNSPECIFIED.,.F.,.F.,(5,5),(0.,1.),.PIECEWISE_BEZIER_KNOTS.);
#3453 = CARTESIAN_POINT('',(4.481736990844,0.27198247566));
#3454 = CARTESIAN_POINT('',(4.468207065618,0.27198247566));
#3455 = CARTESIAN_POINT('',(4.454598878437,0.27198247566));
#3456 = CARTESIAN_POINT('',(4.440909912703,0.27198247566));
#3457 = CARTESIAN_POINT('',(4.427137392448,0.27198247566));
#3458 = ( GEOMETRIC_REPRESENTATION_CONTEXT(2) 
PARAMETRIC_REPRESENTATION_CONTEXT() REPRESENTATION_CONTEXT('2D SPACE',''
  ) );
#3459 = PCURVE('',#3460,#3465);
#3460 = PLANE('',#3461);
#3461 = AXIS2_PLACEMENT_3D('',#3462,#3463,#3464);
#3462 = CARTESIAN_POINT('',(-23.5,-90.,17.));
#3463 = DIRECTION('',(0.,0.,1.));
#3464 = DIRECTION('',(1.,0.,-0.));
#3465 = DEFINITIONAL_REPRESENTATION('',(#3466),#3472);
#3466 = B_SPLINE_CURVE_WITH_KNOTS('',4,(#3467,#3468,#3469,#3470,#3471),
  .UNSPECIFIED.,.F.,.F.,(5,5),(0.,1.),.PIECEWISE_BEZIER_KNOTS.);
#3467 = CARTESIAN_POINT('',(2.,-0.560873103693));
#3468 = CARTESIAN_POINT('',(0.990620692648,-0.248798898298));
#3469 = CARTESIAN_POINT('',(-1.28409964283E-02,8.241465900227E-02));
#3470 = CARTESIAN_POINT('',(-1.009873645806,0.432489304904));
#3471 = CARTESIAN_POINT('',(-2.,0.801107659665));
#3472 = ( GEOMETRIC_REPRESENTATION_CONTEXT(2) 
PARAMETRIC_REPRESENTATION_CONTEXT() REPRESENTATION_CONTEXT('2D SPACE',''
  ) );
#3473 = ORIENTED_EDGE('',*,*,#3474,.F.);
#3474 = EDGE_CURVE('',#3475,#3441,#3477,.T.);
#3475 = VERTEX_POINT('',#3476);
#3476 = CARTESIAN_POINT('',(-23.43431862663,-91.24827319012,
    13.242793338574));
#3477 = SURFACE_CURVE('',#3478,(#3511,#3547),.PCURVE_S1.);
#3478 = B_SPLINE_CURVE_WITH_KNOTS('',7,(#3479,#3480,#3481,#3482,#3483,
    #3484,#3485,#3486,#3487,#3488,#3489,#3490,#3491,#3492,#3493,#3494,
    #3495,#3496,#3497,#3498,#3499,#3500,#3501,#3502,#3503,#3504,#3505,
    #3506,#3507,#3508,#3509,#3510),.UNSPECIFIED.,.F.,.F.,(8,6,6,6,6,8),(
    0.,0.112642432699,0.298488465445,0.492543896759,0.766265126148,1.),
  .UNSPECIFIED.);
#3479 = CARTESIAN_POINT('',(-23.43431862663,-91.24827319012,
    13.242793338574));
#3480 = CARTESIAN_POINT('',(-23.53325291795,-91.25347889363,
    13.116904601935));
#3481 = CARTESIAN_POINT('',(-23.63630876137,-91.24831988481,
    13.018520374738));
#3482 = CARTESIAN_POINT('',(-23.73576761969,-91.23452708793,
    12.951792716624));
#3483 = CARTESIAN_POINT('',(-23.82703713537,-91.21364697621,
    12.917563340856));
#3484 = CARTESIAN_POINT('',(-23.90865113052,-91.18704157184,
    12.913363614317));
#3485 = CARTESIAN_POINT('',(-23.98226960694,-91.15588844592,
    12.933414557515));
#3486 = CARTESIAN_POINT('',(-24.16884508646,-91.06391727627,
    13.026722747674));
#3487 = CARTESIAN_POINT('',(-24.25514690367,-91.00581194032,
    13.120757164968));
#3488 = CARTESIAN_POINT('',(-24.32180639863,-90.9493283646,
    13.230755755616));
#3489 = CARTESIAN_POINT('',(-24.37642722489,-90.89563450529,
    13.344037921562));
#3490 = CARTESIAN_POINT('',(-24.42399448864,-90.84460262075,
    13.455216807539));
#3491 = CARTESIAN_POINT('',(-24.4668747487,-90.79480927157,
    13.566199301068));
#3492 = CARTESIAN_POINT('',(-24.54443326842,-90.68999643931,
    13.811472951788));
#3493 = CARTESIAN_POINT('',(-24.57818336837,-90.63745834767,
    13.938583516273));
#3494 = CARTESIAN_POINT('',(-24.60736224265,-90.58565420865,
    14.066900874165));
#3495 = CARTESIAN_POINT('',(-24.63273629147,-90.53443387297,
    14.196040276804));
#3496 = CARTESIAN_POINT('',(-24.65473129362,-90.48371508038,
    14.325787289937));
#3497 = CARTESIAN_POINT('',(-24.67362131107,-90.43343466085,
    14.456036005038));
#3498 = CARTESIAN_POINT('',(-24.71242190138,-90.31306496927,
    14.77107132269));
#3499 = CARTESIAN_POINT('',(-24.72951808262,-90.24336839805,
    14.956197985275));
#3500 = CARTESIAN_POINT('',(-24.74168857254,-90.17425058852,
    15.141849235073));
#3501 = CARTESIAN_POINT('',(-24.74926805421,-90.10564835003,
    15.327855229681));
#3502 = CARTESIAN_POINT('',(-24.7524842001,-90.0375258622,
    15.514083834826));
#3503 = CARTESIAN_POINT('',(-24.75145180831,-89.96987519142,
    15.700441541689));
#3504 = CARTESIAN_POINT('',(-24.74172992827,-89.84535009128,
    16.046050271666));
#3505 = CARTESIAN_POINT('',(-24.7341813087,-89.7883504021,
    16.205269683603));
#3506 = CARTESIAN_POINT('',(-24.72358537636,-89.73171738323,
    16.364470200908));
#3507 = CARTESIAN_POINT('',(-24.70992234013,-89.6754771969,
    16.523600676724));
#3508 = CARTESIAN_POINT('',(-24.69313731788,-89.61967001111,
    16.682607853882));
#3509 = CARTESIAN_POINT('',(-24.67313839095,-89.5643513158,
    16.841434876714));
#3510 = CARTESIAN_POINT('',(-24.64978461504,-89.50959675877,17.0000198)
  );
#3511 = PCURVE('',#2047,#3512);
#3512 = DEFINITIONAL_REPRESENTATION('',(#3513),#3546);
#3513 = B_SPLINE_CURVE_WITH_KNOTS('',7,(#3514,#3515,#3516,#3517,#3518,
    #3519,#3520,#3521,#3522,#3523,#3524,#3525,#3526,#3527,#3528,#3529,
    #3530,#3531,#3532,#3533,#3534,#3535,#3536,#3537,#3538,#3539,#3540,
    #3541,#3542,#3543,#3544,#3545),.UNSPECIFIED.,.F.,.F.,(8,6,6,6,6,8),(
    0.,0.112642432699,0.298488465445,0.492543896759,0.766265126148,1.),
  .UNSPECIFIED.);
#3514 = CARTESIAN_POINT('',(4.459817340505,0.212922202961));
#3515 = CARTESIAN_POINT('',(4.458611285834,0.210939362521));
#3516 = CARTESIAN_POINT('',(4.457321840271,0.209389278137));
#3517 = CARTESIAN_POINT('',(4.456049279096,0.208337746588));
#3518 = CARTESIAN_POINT('',(4.454854818499,0.207798275241));
#3519 = CARTESIAN_POINT('',(4.453760615591,0.207732082043));
#3520 = CARTESIAN_POINT('',(4.452749768395,0.208048095529));
#3521 = CARTESIAN_POINT('',(4.450143741219,0.209518403774));
#3522 = CARTESIAN_POINT('',(4.448885589169,0.210999985661));
#3523 = CARTESIAN_POINT('',(4.44787423298,0.212732849957));
#3524 = CARTESIAN_POINT('',(4.447019967122,0.214517105097));
#3525 = CARTESIAN_POINT('',(4.446261007253,0.216267818481));
#3526 = CARTESIAN_POINT('',(4.44556349022,0.218015016468));
#3527 = CARTESIAN_POINT('',(4.444251098036,0.221875780635));
#3528 = CARTESIAN_POINT('',(4.443655975415,0.223876188267));
#3529 = CARTESIAN_POINT('',(4.443119319636,0.225895196792));
#3530 = CARTESIAN_POINT('',(4.442631247612,0.227926760028));
#3531 = CARTESIAN_POINT('',(4.442186292062,0.229967519243));
#3532 = CARTESIAN_POINT('',(4.44178091385,0.232015826302));
#3533 = CARTESIAN_POINT('',(4.440889259501,0.236969324426));
#3534 = CARTESIAN_POINT('',(4.440438878925,0.239879541776));
#3535 = CARTESIAN_POINT('',(4.440051066437,0.242797411784));
#3536 = CARTESIAN_POINT('',(4.439721619176,0.245720321275));
#3537 = CARTESIAN_POINT('',(4.439447749662,0.248646253156));
#3538 = CARTESIAN_POINT('',(4.439228162655,0.251573799522));
#3539 = CARTESIAN_POINT('',(4.438921219957,0.257002413968));
#3540 = CARTESIAN_POINT('',(4.438819248407,0.259503080686));
#3541 = CARTESIAN_POINT('',(4.438756528996,0.262003233091));
#3542 = CARTESIAN_POINT('',(4.438733502423,0.264502107178));
#3543 = CARTESIAN_POINT('',(4.438751099265,0.266998906218));
#3544 = CARTESIAN_POINT('',(4.438810772395,0.269492777091));
#3545 = CARTESIAN_POINT('',(4.438914667083,0.271982786548));
#3546 = ( GEOMETRIC_REPRESENTATION_CONTEXT(2) 
PARAMETRIC_REPRESENTATION_CONTEXT() REPRESENTATION_CONTEXT('2D SPACE',''
  ) );
#3547 = PCURVE('',#3548,#3553);
#3548 = CYLINDRICAL_SURFACE('',#3549,1.25);
#3549 = AXIS2_PLACEMENT_3D('',#3550,#3551,#3552);
#3550 = CARTESIAN_POINT('',(-23.5,-90.,11.));
#3551 = DIRECTION('',(0.,0.,1.));
#3552 = DIRECTION('',(1.,0.,-0.));
#3553 = DEFINITIONAL_REPRESENTATION('',(#3554),#3587);
#3554 = B_SPLINE_CURVE_WITH_KNOTS('',7,(#3555,#3556,#3557,#3558,#3559,
    #3560,#3561,#3562,#3563,#3564,#3565,#3566,#3567,#3568,#3569,#3570,
    #3571,#3572,#3573,#3574,#3575,#3576,#3577,#3578,#3579,#3580,#3581,
    #3582,#3583,#3584,#3585,#3586),.UNSPECIFIED.,.F.,.F.,(8,6,6,6,6,8),(
    0.,0.112642432699,0.298488465445,0.492543896759,0.766265126148,1.),
  .UNSPECIFIED.);
#3555 = CARTESIAN_POINT('',(4.76495828856,2.242793338574));
#3556 = CARTESIAN_POINT('',(4.685701366196,2.116904601935));
#3557 = CARTESIAN_POINT('',(4.603493067427,2.018520374738));
#3558 = CARTESIAN_POINT('',(4.523639783208,1.951792716624));
#3559 = CARTESIAN_POINT('',(4.449176415357,1.917563340856));
#3560 = CARTESIAN_POINT('',(4.380866376559,1.913363614317));
#3561 = CARTESIAN_POINT('',(4.317201590364,1.933414557515));
#3562 = CARTESIAN_POINT('',(4.150791772182,2.026722747674));
#3563 = CARTESIAN_POINT('',(4.067856793729,2.120757164968));
#3564 = CARTESIAN_POINT('',(3.998786411808,2.230755755616));
#3565 = CARTESIAN_POINT('',(3.938304244283,2.344037921562));
#3566 = CARTESIAN_POINT('',(3.882668670895,2.455216807539));
#3567 = CARTESIAN_POINT('',(3.829672833269,2.566199301068));
#3568 = CARTESIAN_POINT('',(3.725362361966,2.811472951788));
#3569 = CARTESIAN_POINT('',(3.675510894612,2.938583516273));
#3570 = CARTESIAN_POINT('',(3.628075578948,3.066900874165));
#3571 = CARTESIAN_POINT('',(3.582455404551,3.196040276804));
#3572 = CARTESIAN_POINT('',(3.538307824203,3.325787289937));
#3573 = CARTESIAN_POINT('',(3.495393573626,3.456036005038));
#3574 = CARTESIAN_POINT('',(3.394218561814,3.77107132269));
#3575 = CARTESIAN_POINT('',(3.336954071948,3.956197985275));
#3576 = CARTESIAN_POINT('',(3.281000950784,4.141849235073));
#3577 = CARTESIAN_POINT('',(3.22598680414,4.327855229681));
#3578 = CARTESIAN_POINT('',(3.171598023501,4.514083834826));
#3579 = CARTESIAN_POINT('',(3.117577514568,4.700441541689));
#3580 = CARTESIAN_POINT('',(3.01765429439,5.046050271666));
#3581 = CARTESIAN_POINT('',(2.971722777674,5.205269683603));
#3582 = CARTESIAN_POINT('',(2.925735012429,5.364470200908));
#3583 = CARTESIAN_POINT('',(2.879553465224,5.523600676724));
#3584 = CARTESIAN_POINT('',(2.83304278676,5.682607853882));
#3585 = CARTESIAN_POINT('',(2.78605896333,5.841434876714));
#3586 = CARTESIAN_POINT('',(2.738437385932,6.0000198));
#3587 = ( GEOMETRIC_REPRESENTATION_CONTEXT(2) 
PARAMETRIC_REPRESENTATION_CONTEXT() REPRESENTATION_CONTEXT('2D SPACE',''
  ) );
#3588 = ORIENTED_EDGE('',*,*,#3589,.F.);
#3589 = EDGE_CURVE('',#3590,#3475,#3592,.T.);
#3590 = VERTEX_POINT('',#3591);
#3591 = CARTESIAN_POINT('',(-22.28954841356,-90.31194063038,17.));
#3592 = SURFACE_CURVE('',#3593,(#3614,#3638),.PCURVE_S1.);
#3593 = B_SPLINE_CURVE_WITH_KNOTS('',7,(#3594,#3595,#3596,#3597,#3598,
    #3599,#3600,#3601,#3602,#3603,#3604,#3605,#3606,#3607,#3608,#3609,
    #3610,#3611,#3612,#3613),.UNSPECIFIED.,.F.,.F.,(8,6,6,8),(0.,
    0.469334841717,0.732404120811,1.),.UNSPECIFIED.);
#3594 = CARTESIAN_POINT('',(-22.28954655437,-90.31193341593,17.0000198)
  );
#3595 = CARTESIAN_POINT('',(-22.31358029977,-90.40519604327,
    16.74406171852));
#3596 = CARTESIAN_POINT('',(-22.3454758113,-90.49427633312,
    16.487494026002));
#3597 = CARTESIAN_POINT('',(-22.38456819045,-90.57928895987,
    16.230546113819));
#3598 = CARTESIAN_POINT('',(-22.43053336462,-90.66024828297,
    15.973432825155));
#3599 = CARTESIAN_POINT('',(-22.4832773956,-90.73709576548,
    15.716379093393));
#3600 = CARTESIAN_POINT('',(-22.54291344818,-90.80970816092,
    15.459618460036));
#3601 = CARTESIAN_POINT('',(-22.64768998562,-90.91593659121,
    15.05986098158));
#3602 = CARTESIAN_POINT('',(-22.68767754747,-90.95265962295,
    14.916482200104));
#3603 = CARTESIAN_POINT('',(-22.73012377314,-90.98790078585,
    14.773354989266));
#3604 = CARTESIAN_POINT('',(-22.77519323305,-91.0215799269,
    14.630556399997));
#3605 = CARTESIAN_POINT('',(-22.82309540604,-91.0535925253,
    14.488194330124));
#3606 = CARTESIAN_POINT('',(-22.87414387662,-91.08378587268,
    14.346422956732));
#3607 = CARTESIAN_POINT('',(-22.98457617237,-91.14050754206,
    14.062105254088));
#3608 = CARTESIAN_POINT('',(-23.04389983039,-91.16679069322,
    13.920306622061));
#3609 = CARTESIAN_POINT('',(-23.10730934137,-91.19086250142,
    13.779335922383));
#3610 = CARTESIAN_POINT('',(-23.17652138444,-91.21198113866,
    13.63972298548));
#3611 = CARTESIAN_POINT('',(-23.25226810626,-91.22968906587,
    13.502132487248));
#3612 = CARTESIAN_POINT('',(-23.33582501303,-91.2430906741,
    13.368121335754));
#3613 = CARTESIAN_POINT('',(-23.43431862663,-91.24827319012,
    13.242793338574));
#3614 = PCURVE('',#2047,#3615);
#3615 = DEFINITIONAL_REPRESENTATION('',(#3616),#3637);
#3616 = B_SPLINE_CURVE_WITH_KNOTS('',7,(#3617,#3618,#3619,#3620,#3621,
    #3622,#3623,#3624,#3625,#3626,#3627,#3628,#3629,#3630,#3631,#3632,
    #3633,#3634,#3635,#3636),.UNSPECIFIED.,.F.,.F.,(8,6,6,8),(0.,
    0.469334841717,0.732404120811,1.),.UNSPECIFIED.);
#3617 = CARTESIAN_POINT('',(4.471117159984,0.271982786548));
#3618 = CARTESIAN_POINT('',(4.471104455191,0.267963879641));
#3619 = CARTESIAN_POINT('',(4.470980558621,0.263935244384));
#3620 = CARTESIAN_POINT('',(4.470754619483,0.259900317058));
#3621 = CARTESIAN_POINT('',(4.47043109493,0.255862303892));
#3622 = CARTESIAN_POINT('',(4.470011289242,0.251824571737));
#3623 = CARTESIAN_POINT('',(4.469493678409,0.247790627269));
#3624 = CARTESIAN_POINT('',(4.468520312359,0.241508559873));
#3625 = CARTESIAN_POINT('',(4.468137389479,0.239255100827));
#3626 = CARTESIAN_POINT('',(4.467719744463,0.237005263342));
#3627 = CARTESIAN_POINT('',(4.467265125403,0.234760232689));
#3628 = CARTESIAN_POINT('',(4.466770645808,0.232521680483));
#3629 = CARTESIAN_POINT('',(4.466231977316,0.23029200902));
#3630 = CARTESIAN_POINT('',(4.465040935976,0.225819618625));
#3631 = CARTESIAN_POINT('',(4.464388558208,0.22358864753));
#3632 = CARTESIAN_POINT('',(4.463679210558,0.221370240755));
#3633 = CARTESIAN_POINT('',(4.462889325519,0.219172726297));
#3634 = CARTESIAN_POINT('',(4.462008454854,0.217006544133));
#3635 = CARTESIAN_POINT('',(4.461018023112,0.214896211341));
#3636 = CARTESIAN_POINT('',(4.459817340505,0.212922202961));
#3637 = ( GEOMETRIC_REPRESENTATION_CONTEXT(2) 
PARAMETRIC_REPRESENTATION_CONTEXT() REPRESENTATION_CONTEXT('2D SPACE',''
  ) );
#3638 = PCURVE('',#3548,#3639);
#3639 = DEFINITIONAL_REPRESENTATION('',(#3640),#3661);
#3640 = B_SPLINE_CURVE_WITH_KNOTS('',7,(#3641,#3642,#3643,#3644,#3645,
    #3646,#3647,#3648,#3649,#3650,#3651,#3652,#3653,#3654,#3655,#3656,
    #3657,#3658,#3659,#3660),.UNSPECIFIED.,.F.,.F.,(8,6,6,8),(0.,
    0.469334841717,0.732404120811,1.),.UNSPECIFIED.);
#3641 = CARTESIAN_POINT('',(6.03097315617,6.0000198));
#3642 = CARTESIAN_POINT('',(5.953925478151,5.74406171852));
#3643 = CARTESIAN_POINT('',(5.87854846651,5.487494026002));
#3644 = CARTESIAN_POINT('',(5.804137940895,5.230546113818));
#3645 = CARTESIAN_POINT('',(5.730149212794,4.973432825155));
#3646 = CARTESIAN_POINT('',(5.656018646058,4.716379093393));
#3647 = CARTESIAN_POINT('',(5.581158816461,4.459618460036));
#3648 = CARTESIAN_POINT('',(5.461793555988,4.05986098158));
#3649 = CARTESIAN_POINT('',(5.41841280027,3.916482200104));
#3650 = CARTESIAN_POINT('',(5.374367914625,3.773354989266));
#3651 = CARTESIAN_POINT('',(5.329464971335,3.630556399997));
#3652 = CARTESIAN_POINT('',(5.283482258764,3.488194330124));
#3653 = CARTESIAN_POINT('',(5.236118864427,3.346422956732));
#3654 = CARTESIAN_POINT('',(5.136800742103,3.062105254088));
#3655 = CARTESIAN_POINT('',(5.084952276606,2.920306622061));
#3656 = CARTESIAN_POINT('',(5.030903999778,2.779335922383));
#3657 = CARTESIAN_POINT('',(4.973182102161,2.63972298548));
#3658 = CARTESIAN_POINT('',(4.911194598752,2.502132487248));
#3659 = CARTESIAN_POINT('',(4.84386218106,2.368121335754));
#3660 = CARTESIAN_POINT('',(4.76495828856,2.242793338574));
#3661 = ( GEOMETRIC_REPRESENTATION_CONTEXT(2) 
PARAMETRIC_REPRESENTATION_CONTEXT() REPRESENTATION_CONTEXT('2D SPACE',''
  ) );
#3662 = ORIENTED_EDGE('',*,*,#3663,.F.);
#3663 = EDGE_CURVE('',#3664,#3590,#3666,.T.);
#3664 = VERTEX_POINT('',#3665);
#3665 = CARTESIAN_POINT('',(-21.57372965135,-90.53803582028,17.));
#3666 = SURFACE_CURVE('',#3667,(#3673,#3682),.PCURVE_S1.);
#3667 = B_SPLINE_CURVE_WITH_KNOTS('',4,(#3668,#3669,#3670,#3671,#3672),
  .UNSPECIFIED.,.F.,.F.,(5,5),(0.,1.),.PIECEWISE_BEZIER_KNOTS.);
#3668 = CARTESIAN_POINT('',(-21.5,-90.56087310369,17.));
#3669 = CARTESIAN_POINT('',(-22.50937930735,-90.24879889829,17.));
#3670 = CARTESIAN_POINT('',(-23.51284099642,-89.91758534099,17.));
#3671 = CARTESIAN_POINT('',(-24.5098736458,-89.56751069509,17.));
#3672 = CARTESIAN_POINT('',(-25.5,-89.19889234033,17.));
#3673 = PCURVE('',#2047,#3674);
#3674 = DEFINITIONAL_REPRESENTATION('',(#3675),#3681);
#3675 = B_SPLINE_CURVE_WITH_KNOTS('',4,(#3676,#3677,#3678,#3679,#3680),
  .UNSPECIFIED.,.F.,.F.,(5,5),(0.,1.),.PIECEWISE_BEZIER_KNOTS.);
#3676 = CARTESIAN_POINT('',(4.481736990844,0.27198247566));
#3677 = CARTESIAN_POINT('',(4.468207065618,0.27198247566));
#3678 = CARTESIAN_POINT('',(4.454598878437,0.27198247566));
#3679 = CARTESIAN_POINT('',(4.440909912703,0.27198247566));
#3680 = CARTESIAN_POINT('',(4.427137392448,0.27198247566));
#3681 = ( GEOMETRIC_REPRESENTATION_CONTEXT(2) 
PARAMETRIC_REPRESENTATION_CONTEXT() REPRESENTATION_CONTEXT('2D SPACE',''
  ) );
#3682 = PCURVE('',#3460,#3683);
#3683 = DEFINITIONAL_REPRESENTATION('',(#3684),#3690);
#3684 = B_SPLINE_CURVE_WITH_KNOTS('',4,(#3685,#3686,#3687,#3688,#3689),
  .UNSPECIFIED.,.F.,.F.,(5,5),(0.,1.),.PIECEWISE_BEZIER_KNOTS.);
#3685 = CARTESIAN_POINT('',(2.,-0.560873103693));
#3686 = CARTESIAN_POINT('',(0.990620692648,-0.248798898298));
#3687 = CARTESIAN_POINT('',(-1.28409964283E-02,8.241465900227E-02));
#3688 = CARTESIAN_POINT('',(-1.009873645806,0.432489304904));
#3689 = CARTESIAN_POINT('',(-2.,0.801107659665));
#3690 = ( GEOMETRIC_REPRESENTATION_CONTEXT(2) 
PARAMETRIC_REPRESENTATION_CONTEXT() REPRESENTATION_CONTEXT('2D SPACE',''
  ) );
#3691 = ORIENTED_EDGE('',*,*,#3692,.T.);
#3692 = EDGE_CURVE('',#3664,#3693,#3695,.T.);
#3693 = VERTEX_POINT('',#3694);
#3694 = CARTESIAN_POINT('',(-22.35239498711,-91.63798740361,
    13.12043567347));
#3695 = SURFACE_CURVE('',#3696,(#3709,#3725),.PCURVE_S1.);
#3696 = B_SPLINE_CURVE_WITH_KNOTS('',6,(#3697,#3698,#3699,#3700,#3701,
    #3702,#3703,#3704,#3705,#3706,#3707,#3708),.UNSPECIFIED.,.F.,.F.,(7,
    5,7),(0.,0.618622431743,1.),.UNSPECIFIED.);
#3697 = CARTESIAN_POINT('',(-21.5737276484,-90.53802864931,17.0000198));
#3698 = CARTESIAN_POINT('',(-21.61400716843,-90.68223904752,
    16.601836090726));
#3699 = CARTESIAN_POINT('',(-21.66603280131,-90.81850259883,
    16.202619761341));
#3700 = CARTESIAN_POINT('',(-21.72832535408,-90.9471362663,
    15.802689526908));
#3701 = CARTESIAN_POINT('',(-21.80005958778,-91.06828069639,
    15.402313327557));
#3702 = CARTESIAN_POINT('',(-21.88069720349,-91.1820141935,
    15.001715146873));
#3703 = CARTESIAN_POINT('',(-22.02534835293,-91.35378633865,
    14.35410655822));
#3704 = CARTESIAN_POINT('',(-22.08387493632,-91.41645367562,
    14.107124434785));
#3705 = CARTESIAN_POINT('',(-22.14574541289,-91.47626382335,
    13.860193738062));
#3706 = CARTESIAN_POINT('',(-22.21101280665,-91.53317658938,
    13.613378440208));
#3707 = CARTESIAN_POINT('',(-22.27980035296,-91.58712622734,
    13.366757043238));
#3708 = CARTESIAN_POINT('',(-22.35239498711,-91.63798740361,
    13.12043567347));
#3709 = PCURVE('',#2047,#3710);
#3710 = DEFINITIONAL_REPRESENTATION('',(#3711),#3724);
#3711 = B_SPLINE_CURVE_WITH_KNOTS('',6,(#3712,#3713,#3714,#3715,#3716,
    #3717,#3718,#3719,#3720,#3721,#3722,#3723),.UNSPECIFIED.,.F.,.F.,(7,
    5,7),(0.,0.618622431743,1.),.UNSPECIFIED.);
#3712 = CARTESIAN_POINT('',(4.480748391674,0.271982786548));
#3713 = CARTESIAN_POINT('',(4.480674498253,0.265730734453));
#3714 = CARTESIAN_POINT('',(4.480430538349,0.259462078984));
#3715 = CARTESIAN_POINT('',(4.480037122212,0.253181139443));
#3716 = CARTESIAN_POINT('',(4.479505725209,0.246891431022));
#3717 = CARTESIAN_POINT('',(4.478843856724,0.240595786998));
#3718 = CARTESIAN_POINT('',(4.477564599181,0.230413181528));
#3719 = CARTESIAN_POINT('',(4.477027519057,0.226528598577));
#3720 = CARTESIAN_POINT('',(4.476441497882,0.222643480969));
#3721 = CARTESIAN_POINT('',(4.475805841248,0.218758679301));
#3722 = CARTESIAN_POINT('',(4.475118894283,0.214875276418));
#3723 = CARTESIAN_POINT('',(4.474376792237,0.210994797707));
#3724 = ( GEOMETRIC_REPRESENTATION_CONTEXT(2) 
PARAMETRIC_REPRESENTATION_CONTEXT() REPRESENTATION_CONTEXT('2D SPACE',''
  ) );
#3725 = PCURVE('',#3726,#3731);
#3726 = CYLINDRICAL_SURFACE('',#3727,2.);
#3727 = AXIS2_PLACEMENT_3D('',#3728,#3729,#3730);
#3728 = CARTESIAN_POINT('',(-23.5,-90.,11.));
#3729 = DIRECTION('',(0.,0.,1.));
#3730 = DIRECTION('',(1.,0.,-0.));
#3731 = DEFINITIONAL_REPRESENTATION('',(#3732),#3745);
#3732 = B_SPLINE_CURVE_WITH_KNOTS('',6,(#3733,#3734,#3735,#3736,#3737,
    #3738,#3739,#3740,#3741,#3742,#3743,#3744),.UNSPECIFIED.,.F.,.F.,(7,
    5,7),(0.,0.618622431743,1.),.UNSPECIFIED.);
#3733 = CARTESIAN_POINT('',(6.010815824047,6.0000198));
#3734 = CARTESIAN_POINT('',(5.935950814388,5.601836090726));
#3735 = CARTESIAN_POINT('',(5.863332224258,5.202619761341));
#3736 = CARTESIAN_POINT('',(5.792255272824,4.802689526908));
#3737 = CARTESIAN_POINT('',(5.722219275917,4.402313327557));
#3738 = CARTESIAN_POINT('',(5.652749898226,4.001715146873));
#3739 = CARTESIAN_POINT('',(5.540467191542,3.35410655822));
#3740 = CARTESIAN_POINT('',(5.497650127078,3.107124434785));
#3741 = CARTESIAN_POINT('',(5.454707791116,2.860193738062));
#3742 = CARTESIAN_POINT('',(5.411496179769,2.613378440208));
#3743 = CARTESIAN_POINT('',(5.367849635169,2.366757043238));
#3744 = CARTESIAN_POINT('',(5.323530225882,2.12043567347));
#3745 = ( GEOMETRIC_REPRESENTATION_CONTEXT(2) 
PARAMETRIC_REPRESENTATION_CONTEXT() REPRESENTATION_CONTEXT('2D SPACE',''
  ) );
#3746 = ORIENTED_EDGE('',*,*,#3747,.T.);
#3747 = EDGE_CURVE('',#3693,#3748,#3750,.T.);
#3748 = VERTEX_POINT('',#3749);
#3749 = CARTESIAN_POINT('',(-23.14076453421,-91.96747296808,11.));
#3750 = SURFACE_CURVE('',#3751,(#3766,#3784),.PCURVE_S1.);
#3751 = B_SPLINE_CURVE_WITH_KNOTS('',7,(#3752,#3753,#3754,#3755,#3756,
    #3757,#3758,#3759,#3760,#3761,#3762,#3763,#3764,#3765),
  .UNSPECIFIED.,.F.,.F.,(8,6,8),(0.,0.513654295233,1.),.UNSPECIFIED.);
#3752 = CARTESIAN_POINT('',(-22.35239498711,-91.63798740361,
    13.12043567347));
#3753 = CARTESIAN_POINT('',(-22.39855195231,-91.67032584805,
    12.963820146342));
#3754 = CARTESIAN_POINT('',(-22.446225665,-91.7014644753,12.807254071862
    ));
#3755 = CARTESIAN_POINT('',(-22.49549047109,-91.73137633289,
    12.650743072342));
#3756 = CARTESIAN_POINT('',(-22.54644883497,-91.76002565119,
    12.494290849713));
#3757 = CARTESIAN_POINT('',(-22.59923334786,-91.78736686076,
    12.337899406724));
#3758 = CARTESIAN_POINT('',(-22.65402758925,-91.81333640067,
    12.181572808671));
#3759 = CARTESIAN_POINT('',(-22.76514950988,-91.86103563568,
    11.877383153395));
#3760 = CARTESIAN_POINT('',(-22.82114364682,-91.88287579111,
    11.729777364788));
#3761 = CARTESIAN_POINT('',(-22.87930155229,-91.90327822215,
    11.582546375974));
#3762 = CARTESIAN_POINT('',(-22.93988201445,-91.92213677565,
    11.435771164022));
#3763 = CARTESIAN_POINT('',(-23.00326152718,-91.93929064939,
    11.289594989421));
#3764 = CARTESIAN_POINT('',(-23.06990990981,-91.95453617896,
    11.144214689324));
#3765 = CARTESIAN_POINT('',(-23.14077424601,-91.9674747413,10.9999802));
#3766 = PCURVE('',#2047,#3767);
#3767 = DEFINITIONAL_REPRESENTATION('',(#3768),#3783);
#3768 = B_SPLINE_CURVE_WITH_KNOTS('',7,(#3769,#3770,#3771,#3772,#3773,
    #3774,#3775,#3776,#3777,#3778,#3779,#3780,#3781,#3782),
  .UNSPECIFIED.,.F.,.F.,(8,6,8),(0.,0.513654295233,1.),.UNSPECIFIED.);
#3769 = CARTESIAN_POINT('',(4.474376792237,0.210994797707));
#3770 = CARTESIAN_POINT('',(4.4739049505,0.208527520023));
#3771 = CARTESIAN_POINT('',(4.473411221285,0.206060313013));
#3772 = CARTESIAN_POINT('',(4.472894619203,0.203593229947));
#3773 = CARTESIAN_POINT('',(4.472353784465,0.201126294237));
#3774 = CARTESIAN_POINT('',(4.471786955714,0.198659502646));
#3775 = CARTESIAN_POINT('',(4.4711916889,0.196192884699));
#3776 = CARTESIAN_POINT('',(4.469970309607,0.191391471709));
#3777 = CARTESIAN_POINT('',(4.469348587735,0.189060828954));
#3778 = CARTESIAN_POINT('',(4.468696293898,0.186735285932));
#3779 = CARTESIAN_POINT('',(4.468009924269,0.184416098639));
#3780 = CARTESIAN_POINT('',(4.467284358141,0.182105511371));
#3781 = CARTESIAN_POINT('',(4.466513194401,0.179806621055));
#3782 = CARTESIAN_POINT('',(4.465683557538,0.177524960915));
#3783 = ( GEOMETRIC_REPRESENTATION_CONTEXT(2) 
PARAMETRIC_REPRESENTATION_CONTEXT() REPRESENTATION_CONTEXT('2D SPACE',''
  ) );
#3784 = PCURVE('',#3726,#3785);
#3785 = DEFINITIONAL_REPRESENTATION('',(#3786),#3801);
#3786 = B_SPLINE_CURVE_WITH_KNOTS('',7,(#3787,#3788,#3789,#3790,#3791,
    #3792,#3793,#3794,#3795,#3796,#3797,#3798,#3799,#3800),
  .UNSPECIFIED.,.F.,.F.,(8,6,8),(0.,0.513654295233,1.),.UNSPECIFIED.);
#3787 = CARTESIAN_POINT('',(5.323530225882,2.12043567347));
#3788 = CARTESIAN_POINT('',(5.295351153745,1.963820146342));
#3789 = CARTESIAN_POINT('',(5.266895170083,1.807254071862));
#3790 = CARTESIAN_POINT('',(5.238103213408,1.650743072342));
#3791 = CARTESIAN_POINT('',(5.208903379931,1.494290849713));
#3792 = CARTESIAN_POINT('',(5.179209898809,1.337899406724));
#3793 = CARTESIAN_POINT('',(5.148912338734,1.181572808671));
#3794 = CARTESIAN_POINT('',(5.088448923628,0.877383153395));
#3795 = CARTESIAN_POINT('',(5.058414558172,0.729777364788));
#3796 = CARTESIAN_POINT('',(5.027627707034,0.582546375974));
#3797 = CARTESIAN_POINT('',(4.995942243461,0.435771164022));
#3798 = CARTESIAN_POINT('',(4.963151250291,0.289594989421));
#3799 = CARTESIAN_POINT('',(4.928999808849,0.144214689324));
#3800 = CARTESIAN_POINT('',(4.892981894764,-1.98E-05));
#3801 = ( GEOMETRIC_REPRESENTATION_CONTEXT(2) 
PARAMETRIC_REPRESENTATION_CONTEXT() REPRESENTATION_CONTEXT('2D SPACE',''
  ) );
#3802 = ORIENTED_EDGE('',*,*,#3803,.F.);
#3803 = EDGE_CURVE('',#3804,#3748,#3806,.T.);
#3804 = VERTEX_POINT('',#3805);
#3805 = CARTESIAN_POINT('',(23.140764504959,-91.96747296273,11.));
#3806 = SURFACE_CURVE('',#3807,(#3828,#3852),.PCURVE_S1.);
#3807 = B_SPLINE_CURVE_WITH_KNOTS('',7,(#3808,#3809,#3810,#3811,#3812,
    #3813,#3814,#3815,#3816,#3817,#3818,#3819,#3820,#3821,#3822,#3823,
    #3824,#3825,#3826,#3827),.UNSPECIFIED.,.F.,.F.,(8,6,6,8),(0.,
    0.155771925344,0.499858114001,1.),.UNSPECIFIED.);
#3808 = CARTESIAN_POINT('',(30.,-89.34946629505,11.));
#3809 = CARTESIAN_POINT('',(28.740777240393,-89.90006790101,11.));
#3810 = CARTESIAN_POINT('',(27.47020167004,-90.42471220549,11.));
#3811 = CARTESIAN_POINT('',(26.188844715509,-90.92294623081,11.));
#3812 = CARTESIAN_POINT('',(24.897302229286,-91.39433953328,11.));
#3813 = CARTESIAN_POINT('',(23.596195384859,-91.83848671431,11.));
#3814 = CARTESIAN_POINT('',(22.28617157181,-92.25500993142,11.));
#3815 = CARTESIAN_POINT('',(18.055973508392,-93.50183671687,11.));
#3816 = CARTESIAN_POINT('',(15.103661365023,-94.22367838673,11.));
#3817 = CARTESIAN_POINT('',(12.118459005388,-94.8052445317,11.));
#3818 = CARTESIAN_POINT('',(9.108159672179,-95.24359126268,11.));
#3819 = CARTESIAN_POINT('',(6.080857278315,-95.53666692565,11.));
#3820 = CARTESIAN_POINT('',(3.044954194011,-95.68338310136,11.));
#3821 = CARTESIAN_POINT('',(-4.403430895446,-95.68431364477,11.));
#3822 = CARTESIAN_POINT('',(-8.81685407765,-95.3756889656,11.));
#3823 = CARTESIAN_POINT('',(-13.20352459306,-94.75769032601,11.));
#3824 = CARTESIAN_POINT('',(-17.53795428848,-93.83540028664,11.));
#3825 = CARTESIAN_POINT('',(-21.79648349854,-92.61777080031,11.));
#3826 = CARTESIAN_POINT('',(-25.95720809536,-91.11719777725,11.));
#3827 = CARTESIAN_POINT('',(-30.,-89.34946629505,11.));
#3828 = PCURVE('',#2047,#3829);
#3829 = DEFINITIONAL_REPRESENTATION('',(#3830),#3851);
#3830 = B_SPLINE_CURVE_WITH_KNOTS('',7,(#3831,#3832,#3833,#3834,#3835,
    #3836,#3837,#3838,#3839,#3840,#3841,#3842,#3843,#3844,#3845,#3846,
    #3847,#3848,#3849,#3850),.UNSPECIFIED.,.F.,.F.,(8,6,6,8),(0.,
    0.155771925344,0.499858114001,1.),.UNSPECIFIED.);
#3831 = CARTESIAN_POINT('',(5.092679927529,0.177525274134));
#3832 = CARTESIAN_POINT('',(5.078003331725,0.177525274134));
#3833 = CARTESIAN_POINT('',(5.063278173374,0.177525274134));
#3834 = CARTESIAN_POINT('',(5.048502305658,0.177525274134));
#3835 = CARTESIAN_POINT('',(5.033673577469,0.177525274134));
#3836 = CARTESIAN_POINT('',(5.018789856234,0.177525274134));
#3837 = CARTESIAN_POINT('',(5.003849050729,0.177525274134));
#3838 = CARTESIAN_POINT('',(4.955715665207,0.177525274134));
#3839 = CARTESIAN_POINT('',(4.922291929055,0.177525274134));
#3840 = CARTESIAN_POINT('',(4.888558599225,0.177525274134));
#3841 = CARTESIAN_POINT('',(4.854494046299,0.177525274134));
#3842 = CARTESIAN_POINT('',(4.820075366791,0.177525274134));
#3843 = CARTESIAN_POINT('',(4.785280022806,0.177525274134));
#3844 = CARTESIAN_POINT('',(4.698935331345,0.177525274134));
#3845 = CARTESIAN_POINT('',(4.646932126519,0.177525274134));
#3846 = CARTESIAN_POINT('',(4.59402548016,0.177525274134));
#3847 = CARTESIAN_POINT('',(4.540133782297,0.177525274134));
#3848 = CARTESIAN_POINT('',(4.485160032473,0.177525274134));
#3849 = CARTESIAN_POINT('',(4.428995646541,0.177525274134));
#3850 = CARTESIAN_POINT('',(4.371531335416,0.177525274134));
#3851 = ( GEOMETRIC_REPRESENTATION_CONTEXT(2) 
PARAMETRIC_REPRESENTATION_CONTEXT() REPRESENTATION_CONTEXT('2D SPACE',''
  ) );
#3852 = PCURVE('',#3323,#3853);
#3853 = DEFINITIONAL_REPRESENTATION('',(#3854),#3875);
#3854 = B_SPLINE_CURVE_WITH_KNOTS('',7,(#3855,#3856,#3857,#3858,#3859,
    #3860,#3861,#3862,#3863,#3864,#3865,#3866,#3867,#3868,#3869,#3870,
    #3871,#3872,#3873,#3874),.UNSPECIFIED.,.F.,.F.,(8,6,6,8),(0.,
    0.155771925344,0.499858114001,1.),.UNSPECIFIED.);
#3855 = CARTESIAN_POINT('',(60.,11.650533704948));
#3856 = CARTESIAN_POINT('',(58.740777240393,11.099932098987));
#3857 = CARTESIAN_POINT('',(57.47020167004,10.575287794501));
#3858 = CARTESIAN_POINT('',(56.188844715509,10.077053769184));
#3859 = CARTESIAN_POINT('',(54.897302229286,9.605660466712));
#3860 = CARTESIAN_POINT('',(53.596195384859,9.161513285688));
#3861 = CARTESIAN_POINT('',(52.28617157181,8.74499006858));
#3862 = CARTESIAN_POINT('',(48.055973508392,7.498163283128));
#3863 = CARTESIAN_POINT('',(45.103661365023,6.776321613263));
#3864 = CARTESIAN_POINT('',(42.118459005388,6.194755468295));
#3865 = CARTESIAN_POINT('',(39.108159672179,5.75640873732));
#3866 = CARTESIAN_POINT('',(36.080857278315,5.463333074341));
#3867 = CARTESIAN_POINT('',(33.044954194011,5.316616898635));
#3868 = CARTESIAN_POINT('',(25.596569104554,5.315686355227));
#3869 = CARTESIAN_POINT('',(21.18314592235,5.624311034391));
#3870 = CARTESIAN_POINT('',(16.796475406935,6.24230967399));
#3871 = CARTESIAN_POINT('',(12.462045711517,7.164599713355));
#3872 = CARTESIAN_POINT('',(8.203516501457,8.382229199684));
#3873 = CARTESIAN_POINT('',(4.042791904638,9.882802222748));
#3874 = CARTESIAN_POINT('',(0.,11.650533704948));
#3875 = ( GEOMETRIC_REPRESENTATION_CONTEXT(2) 
PARAMETRIC_REPRESENTATION_CONTEXT() REPRESENTATION_CONTEXT('2D SPACE',''
  ) );
#3876 = ORIENTED_EDGE('',*,*,#3877,.T.);
#3877 = EDGE_CURVE('',#3804,#3878,#3880,.T.);
#3878 = VERTEX_POINT('',#3879);
#3879 = CARTESIAN_POINT('',(21.57372965135,-90.53803582028,17.));
#3880 = SURFACE_CURVE('',#3881,(#3905,#3932),.PCURVE_S1.);
#3881 = B_SPLINE_CURVE_WITH_KNOTS('',8,(#3882,#3883,#3884,#3885,#3886,
    #3887,#3888,#3889,#3890,#3891,#3892,#3893,#3894,#3895,#3896,#3897,
    #3898,#3899,#3900,#3901,#3902,#3903,#3904),.UNSPECIFIED.,.F.,.F.,(9,
    7,7,9),(0.,0.185144002975,0.384257815433,1.),.UNSPECIFIED.);
#3882 = CARTESIAN_POINT('',(23.14077424601,-91.9674747413,10.9999802));
#3883 = CARTESIAN_POINT('',(23.074298188097,-91.95533740021,
    11.135282959889));
#3884 = CARTESIAN_POINT('',(23.011457403601,-91.94121167149,
    11.271571011747));
#3885 = CARTESIAN_POINT('',(22.951521658098,-91.92540405983,
    11.40857803266));
#3886 = CARTESIAN_POINT('',(22.894074798555,-91.90809325181,
    11.546136331546));
#3887 = CARTESIAN_POINT('',(22.838815837442,-91.88940881922,
    11.684125843545));
#3888 = CARTESIAN_POINT('',(22.785505727614,-91.86945151404,
    11.8224614076));
#3889 = CARTESIAN_POINT('',(22.733967936959,-91.84829221871,
    11.96109341906));
#3890 = CARTESIAN_POINT('',(22.630367501282,-91.80199796974,
    12.249381271548));
#3891 = CARTESIAN_POINT('',(22.578656625136,-91.77672704991,
    12.398807868461));
#3892 = CARTESIAN_POINT('',(22.528712436239,-91.75024552851,
    12.548271801751));
#3893 = CARTESIAN_POINT('',(22.480387072133,-91.72260390266,
    12.697773059892));
#3894 = CARTESIAN_POINT('',(22.433570965831,-91.69383914768,
    12.84731303212));
#3895 = CARTESIAN_POINT('',(22.388179528021,-91.66397993408,
    12.996892152143));
#3896 = CARTESIAN_POINT('',(22.344146220642,-91.63304940719,
    13.146508711415));
#3897 = CARTESIAN_POINT('',(22.16930114479,-91.50215816406,
    13.758938882999));
#3898 = CARTESIAN_POINT('',(22.049571173606,-91.39308426875,
    14.222480279421));
#3899 = CARTESIAN_POINT('',(21.940891172917,-91.27441208078,
    14.686368187793));
#3900 = CARTESIAN_POINT('',(21.843156996457,-91.14628470756,
    15.150288644262));
#3901 = CARTESIAN_POINT('',(21.756594737493,-91.00875324383,
    15.61392665216));
#3902 = CARTESIAN_POINT('',(21.681956828555,-90.86170963702,
    16.076977106659));
#3903 = CARTESIAN_POINT('',(21.620351471442,-90.7049531827,
    16.539119402387));
#3904 = CARTESIAN_POINT('',(21.573727648407,-90.53802864931,17.0000198)
  );
#3905 = PCURVE('',#2047,#3906);
#3906 = DEFINITIONAL_REPRESENTATION('',(#3907),#3931);
#3907 = B_SPLINE_CURVE_WITH_KNOTS('',8,(#3908,#3909,#3910,#3911,#3912,
    #3913,#3914,#3915,#3916,#3917,#3918,#3919,#3920,#3921,#3922,#3923,
    #3924,#3925,#3926,#3927,#3928,#3929,#3930),.UNSPECIFIED.,.F.,.F.,(9,
    7,7,9),(0.,0.185144002975,0.384257815433,1.),.UNSPECIFIED.);
#3908 = CARTESIAN_POINT('',(5.013618364423,0.177524960915));
#3909 = CARTESIAN_POINT('',(5.012949113056,0.179665329114));
#3910 = CARTESIAN_POINT('',(5.012322912476,0.181820511781));
#3911 = CARTESIAN_POINT('',(5.011731296477,0.18398629788));
#3912 = CARTESIAN_POINT('',(5.011169434899,0.186160046013));
#3913 = CARTESIAN_POINT('',(5.010633836351,0.188339872815));
#3914 = CARTESIAN_POINT('',(5.01012173554,0.190524449497));
#3915 = CARTESIAN_POINT('',(5.009631102048,0.192713011076));
#3916 = CARTESIAN_POINT('',(5.008653782055,0.19726276214));
#3917 = CARTESIAN_POINT('',(5.008171111286,0.199620228012));
#3918 = CARTESIAN_POINT('',(5.007709857496,0.20197753083));
#3919 = CARTESIAN_POINT('',(5.007268347986,0.20433469891));
#3920 = CARTESIAN_POINT('',(5.006845348268,0.20669178274));
#3921 = CARTESIAN_POINT('',(5.006439908832,0.209048817781));
#3922 = CARTESIAN_POINT('',(5.006051285412,0.211405805823));
#3923 = CARTESIAN_POINT('',(5.004527464398,0.221051251642));
#3924 = CARTESIAN_POINT('',(5.003530470534,0.228345967801));
#3925 = CARTESIAN_POINT('',(5.002672877889,0.235641165878));
#3926 = CARTESIAN_POINT('',(5.001953847825,0.242932781723));
#3927 = CARTESIAN_POINT('',(5.001376425008,0.25021675631));
#3928 = CARTESIAN_POINT('',(5.000949858179,0.257489202541));
#3929 = CARTESIAN_POINT('',(5.000687683604,0.264745993005));
#3930 = CARTESIAN_POINT('',(5.000613562056,0.271982786548));
#3931 = ( GEOMETRIC_REPRESENTATION_CONTEXT(2) 
PARAMETRIC_REPRESENTATION_CONTEXT() REPRESENTATION_CONTEXT('2D SPACE',''
  ) );
#3932 = PCURVE('',#3933,#3938);
#3933 = CYLINDRICAL_SURFACE('',#3934,2.);
#3934 = AXIS2_PLACEMENT_3D('',#3935,#3936,#3937);
#3935 = CARTESIAN_POINT('',(23.5,-90.,11.));
#3936 = DIRECTION('',(0.,0.,1.));
#3937 = DIRECTION('',(1.,0.,-0.));
#3938 = DEFINITIONAL_REPRESENTATION('',(#3939),#3963);
#3939 = B_SPLINE_CURVE_WITH_KNOTS('',8,(#3940,#3941,#3942,#3943,#3944,
    #3945,#3946,#3947,#3948,#3949,#3950,#3951,#3952,#3953,#3954,#3955,
    #3956,#3957,#3958,#3959,#3960,#3961,#3962),.UNSPECIFIED.,.F.,.F.,(9,
    7,7,9),(0.,0.185144002975,0.384257815433,1.),.UNSPECIFIED.);
#3940 = CARTESIAN_POINT('',(4.531796066006,-1.98E-05));
#3941 = CARTESIAN_POINT('',(4.498008563418,0.135282959889));
#3942 = CARTESIAN_POINT('',(4.465830519516,0.271571011747));
#3943 = CARTESIAN_POINT('',(4.434871828158,0.40857803266));
#3944 = CARTESIAN_POINT('',(4.404907565701,0.546136331546));
#3945 = CARTESIAN_POINT('',(4.375772818419,0.684125843545));
#3946 = CARTESIAN_POINT('',(4.347334504085,0.8224614076));
#3947 = CARTESIAN_POINT('',(4.319491515035,0.96109341906));
#3948 = CARTESIAN_POINT('',(4.262754825495,1.249381271548));
#3949 = CARTESIAN_POINT('',(4.233994004305,1.398807868461));
#3950 = CARTESIAN_POINT('',(4.205754129466,1.548271801751));
#3951 = CARTESIAN_POINT('',(4.177946035977,1.697773059892));
#3952 = CARTESIAN_POINT('',(4.150499119138,1.84731303212));
#3953 = CARTESIAN_POINT('',(4.12335444924,1.996892152143));
#3954 = CARTESIAN_POINT('',(4.096461192656,2.146508711415));
#3955 = CARTESIAN_POINT('',(3.987255746273,2.758938882999));
#3956 = CARTESIAN_POINT('',(3.906648194878,3.222480279421));
#3957 = CARTESIAN_POINT('',(3.826733218056,3.686368187793));
#3958 = CARTESIAN_POINT('',(3.7468129747,4.150288644261));
#3959 = CARTESIAN_POINT('',(3.666234895015,4.61392665216));
#3960 = CARTESIAN_POINT('',(3.584394525832,5.076977106659));
#3961 = CARTESIAN_POINT('',(3.500618903224,5.539119402387));
#3962 = CARTESIAN_POINT('',(3.413962136722,6.0000198));
#3963 = ( GEOMETRIC_REPRESENTATION_CONTEXT(2) 
PARAMETRIC_REPRESENTATION_CONTEXT() REPRESENTATION_CONTEXT('2D SPACE',''
  ) );
#3964 = ORIENTED_EDGE('',*,*,#3965,.F.);
#3965 = EDGE_CURVE('',#3966,#3878,#3968,.T.);
#3966 = VERTEX_POINT('',#3967);
#3967 = CARTESIAN_POINT('',(22.289548413561,-90.31194063038,17.));
#3968 = SURFACE_CURVE('',#3969,(#3975,#3984),.PCURVE_S1.);
#3969 = B_SPLINE_CURVE_WITH_KNOTS('',4,(#3970,#3971,#3972,#3973,#3974),
  .UNSPECIFIED.,.F.,.F.,(5,5),(0.,1.),.PIECEWISE_BEZIER_KNOTS.);
#3970 = CARTESIAN_POINT('',(25.5,-89.19889234033,17.));
#3971 = CARTESIAN_POINT('',(24.509871251448,-89.5675115865,17.));
#3972 = CARTESIAN_POINT('',(23.512838379761,-89.91758623357,17.));
#3973 = CARTESIAN_POINT('',(22.509376813412,-90.24879966936,17.));
#3974 = CARTESIAN_POINT('',(21.5,-90.56087310369,17.));
#3975 = PCURVE('',#2047,#3976);
#3976 = DEFINITIONAL_REPRESENTATION('',(#3977),#3983);
#3977 = B_SPLINE_CURVE_WITH_KNOTS('',4,(#3978,#3979,#3980,#3981,#3982),
  .UNSPECIFIED.,.F.,.F.,(5,5),(0.,1.),.PIECEWISE_BEZIER_KNOTS.);
#3978 = CARTESIAN_POINT('',(5.046441983391,0.27198247566));
#3979 = CARTESIAN_POINT('',(5.034828530876,0.27198247566));
#3980 = CARTESIAN_POINT('',(5.023177591739,0.27198247566));
#3981 = CARTESIAN_POINT('',(5.011487490766,0.27198247566));
#3982 = CARTESIAN_POINT('',(4.999756631666,0.27198247566));
#3983 = ( GEOMETRIC_REPRESENTATION_CONTEXT(2) 
PARAMETRIC_REPRESENTATION_CONTEXT() REPRESENTATION_CONTEXT('2D SPACE',''
  ) );
#3984 = PCURVE('',#3985,#3990);
#3985 = PLANE('',#3986);
#3986 = AXIS2_PLACEMENT_3D('',#3987,#3988,#3989);
#3987 = CARTESIAN_POINT('',(23.5,-90.,17.));
#3988 = DIRECTION('',(0.,0.,1.));
#3989 = DIRECTION('',(1.,0.,-0.));
#3990 = DEFINITIONAL_REPRESENTATION('',(#3991),#3997);
#3991 = B_SPLINE_CURVE_WITH_KNOTS('',4,(#3992,#3993,#3994,#3995,#3996),
  .UNSPECIFIED.,.F.,.F.,(5,5),(0.,1.),.PIECEWISE_BEZIER_KNOTS.);
#3992 = CARTESIAN_POINT('',(2.,0.801107659665));
#3993 = CARTESIAN_POINT('',(1.009871251448,0.432488413498));
#3994 = CARTESIAN_POINT('',(1.283837976133E-02,8.241376642146E-02));
#3995 = CARTESIAN_POINT('',(-0.990623186588,-0.24879966936));
#3996 = CARTESIAN_POINT('',(-2.,-0.560873103693));
#3997 = ( GEOMETRIC_REPRESENTATION_CONTEXT(2) 
PARAMETRIC_REPRESENTATION_CONTEXT() REPRESENTATION_CONTEXT('2D SPACE',''
  ) );
#3998 = ORIENTED_EDGE('',*,*,#3999,.F.);
#3999 = EDGE_CURVE('',#4000,#3966,#4002,.T.);
#4000 = VERTEX_POINT('',#4001);
#4001 = CARTESIAN_POINT('',(24.676693519918,-90.42177287748,
    14.48691088889));
#4002 = SURFACE_CURVE('',#4003,(#4042,#4084),.PCURVE_S1.);
#4003 = B_SPLINE_CURVE_WITH_KNOTS('',7,(#4004,#4005,#4006,#4007,#4008,
    #4009,#4010,#4011,#4012,#4013,#4014,#4015,#4016,#4017,#4018,#4019,
    #4020,#4021,#4022,#4023,#4024,#4025,#4026,#4027,#4028,#4029,#4030,
    #4031,#4032,#4033,#4034,#4035,#4036,#4037,#4038,#4039,#4040,#4041),
  .UNSPECIFIED.,.F.,.F.,(8,6,6,6,6,6,8),(0.,0.174701257888,
    0.469005974982,0.580210112314,0.683396169085,0.835838150677,1.),
  .UNSPECIFIED.);
#4004 = CARTESIAN_POINT('',(24.676693519918,-90.42177287748,
    14.48691088889));
#4005 = CARTESIAN_POINT('',(24.662770487074,-90.46061639588,
    14.385975796884));
#4006 = CARTESIAN_POINT('',(24.647054415886,-90.49969986942,
    14.285336557696));
#4007 = CARTESIAN_POINT('',(24.629457442738,-90.53904673321,
    14.185016972278));
#4008 = CARTESIAN_POINT('',(24.609807798521,-90.57869573607,
    14.085086853213));
#4009 = CARTESIAN_POINT('',(24.587849808632,-90.61870094053,
    13.985662024722));
#4010 = CARTESIAN_POINT('',(24.563243892975,-90.65913172284,
    13.886904322656));
#4011 = CARTESIAN_POINT('',(24.488940869076,-90.76904276391,
    13.624126682094));
#4012 = CARTESIAN_POINT('',(24.441047152247,-90.82883595996,
    13.486874564825));
#4013 = CARTESIAN_POINT('',(24.383490822368,-90.89184533665,
    13.348782120612));
#4014 = CARTESIAN_POINT('',(24.312762811432,-90.96493601249,
    13.191660326664));
#4015 = CARTESIAN_POINT('',(24.209346523982,-91.04420178147,
    13.046471701819));
#4016 = CARTESIAN_POINT('',(24.079902141682,-91.1245221318,
    12.926868255003));
#4017 = CARTESIAN_POINT('',(23.823880760463,-91.20957624395,
    12.934645750509));
#4018 = CARTESIAN_POINT('',(23.713924722675,-91.24086148992,
    12.955416002145));
#4019 = CARTESIAN_POINT('',(23.581719148608,-91.26273366455,
    13.031894705829));
#4020 = CARTESIAN_POINT('',(23.444316760133,-91.26349700504,
    13.185633574482));
#4021 = CARTESIAN_POINT('',(23.315372007168,-91.24480862391,
    13.387008695369));
#4022 = CARTESIAN_POINT('',(23.208803056079,-91.21725624424,
    13.587644811465));
#4023 = CARTESIAN_POINT('',(23.091681783643,-91.18288945536,
    13.819611798895));
#4024 = CARTESIAN_POINT('',(23.039297537487,-91.16421034157,
    13.932621211986));
#4025 = CARTESIAN_POINT('',(22.990225147226,-91.14373257209,
    14.046617629133));
#4026 = CARTESIAN_POINT('',(22.943934749056,-91.12171970329,
    14.161316344822));
#4027 = CARTESIAN_POINT('',(22.900041012534,-91.09835913438,
    14.27652458503));
#4028 = CARTESIAN_POINT('',(22.858303140571,-91.07376210738,
    14.392141507235));
#4029 = CARTESIAN_POINT('',(22.760006152261,-91.00985042534,
    14.679555530228));
#4030 = CARTESIAN_POINT('',(22.706066256898,-90.96933703964,
    14.850977024858));
#4031 = CARTESIAN_POINT('',(22.656079907972,-90.92668222044,
    15.022392416514));
#4032 = CARTESIAN_POINT('',(22.609682408923,-90.88200632358,
    15.193818303604));
#4033 = CARTESIAN_POINT('',(22.566622286822,-90.83539278593,
    15.36526334273));
#4034 = CARTESIAN_POINT('',(22.526762121841,-90.78688855526,
    15.536729554652));
#4035 = CARTESIAN_POINT('',(22.450481245687,-90.68228759893,
    15.892854696901));
#4036 = CARTESIAN_POINT('',(22.414540248637,-90.6258656209,
    16.077610276948));
#4037 = CARTESIAN_POINT('',(22.382147407695,-90.56730981719,
    16.262384875915));
#4038 = CARTESIAN_POINT('',(22.353326964,-90.50664380157,16.447098007935
    ));
#4039 = CARTESIAN_POINT('',(22.328167727019,-90.4438722686,
    16.631667520507));
#4040 = CARTESIAN_POINT('',(22.306824900556,-90.37898180703,
    16.816006352799));
#4041 = CARTESIAN_POINT('',(22.289546554376,-90.31193341593,17.0000198)
  );
#4042 = PCURVE('',#2047,#4043);
#4043 = DEFINITIONAL_REPRESENTATION('',(#4044),#4083);
#4044 = B_SPLINE_CURVE_WITH_KNOTS('',7,(#4045,#4046,#4047,#4048,#4049,
    #4050,#4051,#4052,#4053,#4054,#4055,#4056,#4057,#4058,#4059,#4060,
    #4061,#4062,#4063,#4064,#4065,#4066,#4067,#4068,#4069,#4070,#4071,
    #4072,#4073,#4074,#4075,#4076,#4077,#4078,#4079,#4080,#4081,#4082),
  .UNSPECIFIED.,.F.,.F.,(8,6,6,6,6,6,8),(0.,0.174701257888,
    0.469005974982,0.580210112314,0.683396169085,0.835838150677,1.),
  .UNSPECIFIED.);
#4045 = CARTESIAN_POINT('',(5.034114387151,0.232501209428));
#4046 = CARTESIAN_POINT('',(5.033855346326,0.23091397666));
#4047 = CARTESIAN_POINT('',(5.033576872074,0.229331196474));
#4048 = CARTESIAN_POINT('',(5.033277987512,0.227753234093));
#4049 = CARTESIAN_POINT('',(5.032956789169,0.226181180517));
#4050 = CARTESIAN_POINT('',(5.032610446987,0.224616852524));
#4051 = CARTESIAN_POINT('',(5.032235204317,0.223062792672));
#4052 = CARTESIAN_POINT('',(5.031137662011,0.218927077356));
#4053 = CARTESIAN_POINT('',(5.030462560546,0.216766291107));
#4054 = CARTESIAN_POINT('',(5.029676705427,0.214591893272));
#4055 = CARTESIAN_POINT('',(5.028724443536,0.21211754676));
#4056 = CARTESIAN_POINT('',(5.027410664973,0.209829716283));
#4057 = CARTESIAN_POINT('',(5.025822078386,0.207944919853));
#4058 = CARTESIAN_POINT('',(5.022882913343,0.208067481336));
#4059 = CARTESIAN_POINT('',(5.02163500036,0.208394812194));
#4060 = CARTESIAN_POINT('',(5.020177686706,0.209599857673));
#4061 = CARTESIAN_POINT('',(5.018721997225,0.212022902078));
#4062 = CARTESIAN_POINT('',(5.017405199998,0.215194236221));
#4063 = CARTESIAN_POINT('',(5.01634789699,0.218352633598));
#4064 = CARTESIAN_POINT('',(5.015196273108,0.22200383409));
#4065 = CARTESIAN_POINT('',(5.014689607943,0.223782309591));
#4066 = CARTESIAN_POINT('',(5.014222533513,0.225576011475));
#4067 = CARTESIAN_POINT('',(5.01378876142,0.22738046438));
#4068 = CARTESIAN_POINT('',(5.013383735854,0.229192642944));
#4069 = CARTESIAN_POINT('',(5.013004633587,0.231010971803));
#4070 = CARTESIAN_POINT('',(5.012126983558,0.235530535738));
#4071 = CARTESIAN_POINT('',(5.011659174545,0.238225552275));
#4072 = CARTESIAN_POINT('',(5.011238641964,0.240919946771));
#4073 = CARTESIAN_POINT('',(5.010861273836,0.243614028438));
#4074 = CARTESIAN_POINT('',(5.010524258208,0.246307981006));
#4075 = CARTESIAN_POINT('',(5.010226094003,0.249001884356));
#4076 = CARTESIAN_POINT('',(5.009686044981,0.254596269215));
#4077 = CARTESIAN_POINT('',(5.009450106499,0.257498215766));
#4078 = CARTESIAN_POINT('',(5.009257556359,0.260400134227));
#4079 = CARTESIAN_POINT('',(5.009108714929,0.263300821568));
#4080 = CARTESIAN_POINT('',(5.00900465321,0.266199049516));
#4081 = CARTESIAN_POINT('',(5.008947217413,0.269093513001));
#4082 = CARTESIAN_POINT('',(5.008939341166,0.271982786548));
#4083 = ( GEOMETRIC_REPRESENTATION_CONTEXT(2) 
PARAMETRIC_REPRESENTATION_CONTEXT() REPRESENTATION_CONTEXT('2D SPACE',''
  ) );
#4084 = PCURVE('',#4085,#4090);
#4085 = CYLINDRICAL_SURFACE('',#4086,1.25);
#4086 = AXIS2_PLACEMENT_3D('',#4087,#4088,#4089);
#4087 = CARTESIAN_POINT('',(23.5,-90.,11.));
#4088 = DIRECTION('',(0.,0.,1.));
#4089 = DIRECTION('',(1.,0.,-0.));
#4090 = DEFINITIONAL_REPRESENTATION('',(#4091),#4130);
#4091 = B_SPLINE_CURVE_WITH_KNOTS('',7,(#4092,#4093,#4094,#4095,#4096,
    #4097,#4098,#4099,#4100,#4101,#4102,#4103,#4104,#4105,#4106,#4107,
    #4108,#4109,#4110,#4111,#4112,#4113,#4114,#4115,#4116,#4117,#4118,
    #4119,#4120,#4121,#4122,#4123,#4124,#4125,#4126,#4127,#4128,#4129),
  .UNSPECIFIED.,.F.,.F.,(8,6,6,6,6,6,8),(0.,0.174701257888,
    0.469005974982,0.580210112314,0.683396169085,0.835838150677,1.),
  .UNSPECIFIED.);
#4092 = CARTESIAN_POINT('',(5.939012296871,3.48691088889));
#4093 = CARTESIAN_POINT('',(5.906001561503,3.385975796884));
#4094 = CARTESIAN_POINT('',(5.87231866369,3.285336557696));
#4095 = CARTESIAN_POINT('',(5.837879846813,3.185016972278));
#4096 = CARTESIAN_POINT('',(5.802539610797,3.085086853213));
#4097 = CARTESIAN_POINT('',(5.766090712107,2.985662024722));
#4098 = CARTESIAN_POINT('',(5.728264163747,2.886904322656));
#4099 = CARTESIAN_POINT('',(5.622128020808,2.624126682094));
#4100 = CARTESIAN_POINT('',(5.561172722093,2.486874564825));
#4101 = CARTESIAN_POINT('',(5.492519213401,2.348782120612));
#4102 = CARTESIAN_POINT('',(5.412637300016,2.191660326664));
#4103 = CARTESIAN_POINT('',(5.308365710408,2.046471701819));
#4104 = CARTESIAN_POINT('',(5.189770297815,1.926868255003));
#4105 = CARTESIAN_POINT('',(4.973946444252,1.934645750509));
#4106 = CARTESIAN_POINT('',(4.882588276432,1.955416002145));
#4107 = CARTESIAN_POINT('',(4.776329015582,2.031894705829));
#4108 = CARTESIAN_POINT('',(4.669114239107,2.185633574482));
#4109 = CARTESIAN_POINT('',(4.565608330485,2.387008695369));
#4110 = CARTESIAN_POINT('',(4.477621082992,2.587644811465));
#4111 = CARTESIAN_POINT('',(4.379973656366,2.819611798895));
#4112 = CARTESIAN_POINT('',(4.335541359391,2.932621211986));
#4113 = CARTESIAN_POINT('',(4.293099532128,3.046617629133));
#4114 = CARTESIAN_POINT('',(4.252191576444,3.161316344822));
#4115 = CARTESIAN_POINT('',(4.212479261488,3.27652458503));
#4116 = CARTESIAN_POINT('',(4.173742723687,3.392141507235));
#4117 = CARTESIAN_POINT('',(4.079944639229,3.679555530228));
#4118 = CARTESIAN_POINT('',(4.026100149041,3.850977024858));
#4119 = CARTESIAN_POINT('',(3.973688261429,4.022392416514));
#4120 = CARTESIAN_POINT('',(3.922324069451,4.193818303604));
#4121 = CARTESIAN_POINT('',(3.871693408109,4.36526334273));
#4122 = CARTESIAN_POINT('',(3.821552337389,4.536729554652));
#4123 = CARTESIAN_POINT('',(3.717983594203,4.892854696901));
#4124 = CARTESIAN_POINT('',(3.664571757835,5.077610276948));
#4125 = CARTESIAN_POINT('',(3.611201033217,5.262384875915));
#4126 = CARTESIAN_POINT('',(3.557655107481,5.447098007935));
#4127 = CARTESIAN_POINT('',(3.503726953496,5.631667520507));
#4128 = CARTESIAN_POINT('',(3.449195940324,5.816006352799));
#4129 = CARTESIAN_POINT('',(3.3938048046,6.0000198));
#4130 = ( GEOMETRIC_REPRESENTATION_CONTEXT(2) 
PARAMETRIC_REPRESENTATION_CONTEXT() REPRESENTATION_CONTEXT('2D SPACE',''
  ) );
#4131 = ORIENTED_EDGE('',*,*,#4132,.F.);
#4132 = EDGE_CURVE('',#4133,#4000,#4135,.T.);
#4133 = VERTEX_POINT('',#4134);
#4134 = CARTESIAN_POINT('',(24.75,-90.,15.618098099913));
#4135 = SURFACE_CURVE('',#4136,(#4144,#4155),.PCURVE_S1.);
#4136 = B_SPLINE_CURVE_WITH_KNOTS('',6,(#4137,#4138,#4139,#4140,#4141,
    #4142,#4143),.UNSPECIFIED.,.F.,.F.,(7,7),(0.,1.),
  .PIECEWISE_BEZIER_KNOTS.);
#4137 = CARTESIAN_POINT('',(24.75,-90.,15.618098099913));
#4138 = CARTESIAN_POINT('',(24.75,-90.06889251206,15.428692628309));
#4139 = CARTESIAN_POINT('',(24.74544269395,-90.1382900893,
    15.239455344651));
#4140 = CARTESIAN_POINT('',(24.736209278194,-90.20820568432,
    15.050471990845));
#4141 = CARTESIAN_POINT('',(24.722021749754,-90.27868683809,
    14.861891943581));
#4142 = CARTESIAN_POINT('',(24.702489703543,-90.34980475499,
    14.673920443255));
#4143 = CARTESIAN_POINT('',(24.676693519918,-90.42177287748,
    14.48691088889));
#4144 = PCURVE('',#2047,#4145);
#4145 = DEFINITIONAL_REPRESENTATION('',(#4146),#4154);
#4146 = B_SPLINE_CURVE_WITH_KNOTS('',6,(#4147,#4148,#4149,#4150,#4151,
    #4152,#4153),.UNSPECIFIED.,.F.,.F.,(7,7),(0.,1.),
  .PIECEWISE_BEZIER_KNOTS.);
#4147 = CARTESIAN_POINT('',(5.036112278432,0.25028006609));
#4148 = CARTESIAN_POINT('',(5.035911543895,0.247304517164));
#4149 = CARTESIAN_POINT('',(5.035661381254,0.244331169242));
#4150 = CARTESIAN_POINT('',(5.035360632663,0.24136129878));
#4151 = CARTESIAN_POINT('',(5.035006350964,0.238397184642));
#4152 = CARTESIAN_POINT('',(5.034594330332,0.235441987376));
#4153 = CARTESIAN_POINT('',(5.034114387151,0.232501209428));
#4154 = ( GEOMETRIC_REPRESENTATION_CONTEXT(2) 
PARAMETRIC_REPRESENTATION_CONTEXT() REPRESENTATION_CONTEXT('2D SPACE',''
  ) );
#4155 = PCURVE('',#4085,#4156);
#4156 = DEFINITIONAL_REPRESENTATION('',(#4157),#4165);
#4157 = B_SPLINE_CURVE_WITH_KNOTS('',6,(#4158,#4159,#4160,#4161,#4162,
    #4163,#4164),.UNSPECIFIED.,.F.,.F.,(7,7),(0.,1.),
  .PIECEWISE_BEZIER_KNOTS.);
#4158 = CARTESIAN_POINT('',(6.28318530718,4.618098099913));
#4159 = CARTESIAN_POINT('',(6.228071297528,4.428692628309));
#4160 = CARTESIAN_POINT('',(6.172552654004,4.239455344651));
#4161 = CARTESIAN_POINT('',(6.116321498266,4.050471990845));
#4162 = CARTESIAN_POINT('',(6.059004196494,3.861891943581));
#4163 = CARTESIAN_POINT('',(6.000173611413,3.673920443255));
#4164 = CARTESIAN_POINT('',(5.939012296871,3.48691088889));
#4165 = ( GEOMETRIC_REPRESENTATION_CONTEXT(2) 
PARAMETRIC_REPRESENTATION_CONTEXT() REPRESENTATION_CONTEXT('2D SPACE',''
  ) );
#4166 = ORIENTED_EDGE('',*,*,#4167,.F.);
#4167 = EDGE_CURVE('',#4168,#4133,#4170,.T.);
#4168 = VERTEX_POINT('',#4169);
#4169 = CARTESIAN_POINT('',(24.649787530839,-89.50960359511,17.));
#4170 = SURFACE_CURVE('',#4171,(#4179,#4190),.PCURVE_S1.);
#4171 = B_SPLINE_CURVE_WITH_KNOTS('',6,(#4172,#4173,#4174,#4175,#4176,
    #4177,#4178),.UNSPECIFIED.,.F.,.F.,(7,7),(0.,1.),
  .PIECEWISE_BEZIER_KNOTS.);
#4172 = CARTESIAN_POINT('',(24.649784615044,-89.50959675877,17.0000198)
  );
#4173 = CARTESIAN_POINT('',(24.683604230551,-89.58888920695,
    16.770366096383));
#4174 = CARTESIAN_POINT('',(24.710186575937,-89.66939683463,
    16.540195083721));
#4175 = CARTESIAN_POINT('',(24.730005202494,-89.75086911997,
    16.309706034683));
#4176 = CARTESIAN_POINT('',(24.743259023325,-89.83316493523,
    16.07907771175));
#4177 = CARTESIAN_POINT('',(24.75,-89.91620284258,15.84848075898));
#4178 = CARTESIAN_POINT('',(24.75,-90.,15.618098099913));
#4179 = PCURVE('',#2047,#4180);
#4180 = DEFINITIONAL_REPRESENTATION('',(#4181),#4189);
#4181 = B_SPLINE_CURVE_WITH_KNOTS('',6,(#4182,#4183,#4184,#4185,#4186,
    #4187,#4188),.UNSPECIFIED.,.F.,.F.,(7,7),(0.,1.),
  .PIECEWISE_BEZIER_KNOTS.);
#4182 = CARTESIAN_POINT('',(5.036481317861,0.271982786548));
#4183 = CARTESIAN_POINT('',(5.036608945617,0.268376895887));
#4184 = CARTESIAN_POINT('',(5.03665564332,0.264762753083));
#4185 = CARTESIAN_POINT('',(5.036627540639,0.261143355205));
#4186 = CARTESIAN_POINT('',(5.036527456287,0.257521376131));
#4187 = CARTESIAN_POINT('',(5.036356441159,0.253899364243));
#4188 = CARTESIAN_POINT('',(5.036112278432,0.25028006609));
#4189 = ( GEOMETRIC_REPRESENTATION_CONTEXT(2) 
PARAMETRIC_REPRESENTATION_CONTEXT() REPRESENTATION_CONTEXT('2D SPACE',''
  ) );
#4190 = PCURVE('',#4085,#4191);
#4191 = DEFINITIONAL_REPRESENTATION('',(#4192),#4200);
#4192 = B_SPLINE_CURVE_WITH_KNOTS('',6,(#4193,#4194,#4195,#4196,#4197,
    #4198,#4199),.UNSPECIFIED.,.F.,.F.,(7,7),(0.,1.),
  .PIECEWISE_BEZIER_KNOTS.);
#4193 = CARTESIAN_POINT('',(0.403155267658,6.0000198));
#4194 = CARTESIAN_POINT('',(0.334192396566,5.770366096383));
#4195 = CARTESIAN_POINT('',(0.266606387242,5.540195083721));
#4196 = CARTESIAN_POINT('',(0.199845432304,5.309706034683));
#4197 = CARTESIAN_POINT('',(0.133468452367,5.07907771175));
#4198 = CARTESIAN_POINT('',(6.703772593195E-02,4.84848075898));
#4199 = CARTESIAN_POINT('',(0.,4.618098099913));
#4200 = ( GEOMETRIC_REPRESENTATION_CONTEXT(2) 
PARAMETRIC_REPRESENTATION_CONTEXT() REPRESENTATION_CONTEXT('2D SPACE',''
  ) );
#4201 = ORIENTED_EDGE('',*,*,#4202,.F.);
#4202 = EDGE_CURVE('',#4203,#4168,#4205,.T.);
#4203 = VERTEX_POINT('',#4204);
#4204 = CARTESIAN_POINT('',(25.355123296972,-89.25265968058,17.));
#4205 = SURFACE_CURVE('',#4206,(#4212,#4221),.PCURVE_S1.);
#4206 = B_SPLINE_CURVE_WITH_KNOTS('',4,(#4207,#4208,#4209,#4210,#4211),
  .UNSPECIFIED.,.F.,.F.,(5,5),(0.,1.),.PIECEWISE_BEZIER_KNOTS.);
#4207 = CARTESIAN_POINT('',(25.5,-89.19889234033,17.));
#4208 = CARTESIAN_POINT('',(24.509871251448,-89.5675115865,17.));
#4209 = CARTESIAN_POINT('',(23.512838379761,-89.91758623357,17.));
#4210 = CARTESIAN_POINT('',(22.509376813412,-90.24879966936,17.));
#4211 = CARTESIAN_POINT('',(21.5,-90.56087310369,17.));
#4212 = PCURVE('',#2047,#4213);
#4213 = DEFINITIONAL_REPRESENTATION('',(#4214),#4220);
#4214 = B_SPLINE_CURVE_WITH_KNOTS('',4,(#4215,#4216,#4217,#4218,#4219),
  .UNSPECIFIED.,.F.,.F.,(5,5),(0.,1.),.PIECEWISE_BEZIER_KNOTS.);
#4215 = CARTESIAN_POINT('',(5.046441983391,0.27198247566));
#4216 = CARTESIAN_POINT('',(5.034828530876,0.27198247566));
#4217 = CARTESIAN_POINT('',(5.023177591739,0.27198247566));
#4218 = CARTESIAN_POINT('',(5.011487490766,0.27198247566));
#4219 = CARTESIAN_POINT('',(4.999756631666,0.27198247566));
#4220 = ( GEOMETRIC_REPRESENTATION_CONTEXT(2) 
PARAMETRIC_REPRESENTATION_CONTEXT() REPRESENTATION_CONTEXT('2D SPACE',''
  ) );
#4221 = PCURVE('',#3985,#4222);
#4222 = DEFINITIONAL_REPRESENTATION('',(#4223),#4229);
#4223 = B_SPLINE_CURVE_WITH_KNOTS('',4,(#4224,#4225,#4226,#4227,#4228),
  .UNSPECIFIED.,.F.,.F.,(5,5),(0.,1.),.PIECEWISE_BEZIER_KNOTS.);
#4224 = CARTESIAN_POINT('',(2.,0.801107659665));
#4225 = CARTESIAN_POINT('',(1.009871251448,0.432488413498));
#4226 = CARTESIAN_POINT('',(1.283837976133E-02,8.241376642146E-02));
#4227 = CARTESIAN_POINT('',(-0.990623186588,-0.24879966936));
#4228 = CARTESIAN_POINT('',(-2.,-0.560873103693));
#4229 = ( GEOMETRIC_REPRESENTATION_CONTEXT(2) 
PARAMETRIC_REPRESENTATION_CONTEXT() REPRESENTATION_CONTEXT('2D SPACE',''
  ) );
#4230 = ORIENTED_EDGE('',*,*,#4231,.T.);
#4231 = EDGE_CURVE('',#4203,#4232,#4234,.T.);
#4232 = VERTEX_POINT('',#4233);
#4233 = CARTESIAN_POINT('',(25.5,-90.,14.84955163499));
#4234 = SURFACE_CURVE('',#4235,(#4243,#4254),.PCURVE_S1.);
#4235 = B_SPLINE_CURVE_WITH_KNOTS('',6,(#4236,#4237,#4238,#4239,#4240,
    #4241,#4242),.UNSPECIFIED.,.F.,.F.,(7,7),(0.,1.),
  .PIECEWISE_BEZIER_KNOTS.);
#4236 = CARTESIAN_POINT('',(25.355120525564,-89.25265280114,17.0000198)
  );
#4237 = CARTESIAN_POINT('',(25.405094812644,-89.37670267496,
    16.642986268092));
#4238 = CARTESIAN_POINT('',(25.443769183291,-89.50142115882,
    16.285123515683));
#4239 = CARTESIAN_POINT('',(25.472126223063,-89.6263523272,
    15.926666893034));
#4240 = CARTESIAN_POINT('',(25.490742139022,-89.75120705185,
    15.56781388467));
#4241 = CARTESIAN_POINT('',(25.500000043339,-89.87578504998,
    15.208729147945));
#4242 = CARTESIAN_POINT('',(25.5,-90.,14.84955163499));
#4243 = PCURVE('',#2047,#4244);
#4244 = DEFINITIONAL_REPRESENTATION('',(#4245),#4253);
#4245 = B_SPLINE_CURVE_WITH_KNOTS('',6,(#4246,#4247,#4248,#4249,#4250,
    #4251,#4252),.UNSPECIFIED.,.F.,.F.,(7,7),(0.,1.),
  .PIECEWISE_BEZIER_KNOTS.);
#4246 = CARTESIAN_POINT('',(5.044743029371,0.271982786548));
#4247 = CARTESIAN_POINT('',(5.044899347337,0.266376850923));
#4248 = CARTESIAN_POINT('',(5.044933284023,0.260757594113));
#4249 = CARTESIAN_POINT('',(5.044857111052,0.255128150824));
#4250 = CARTESIAN_POINT('',(5.044679262903,0.249491280588));
#4251 = CARTESIAN_POINT('',(5.044403849085,0.243848876654));
#4252 = CARTESIAN_POINT('',(5.044033342931,0.238202767635));
#4253 = ( GEOMETRIC_REPRESENTATION_CONTEXT(2) 
PARAMETRIC_REPRESENTATION_CONTEXT() REPRESENTATION_CONTEXT('2D SPACE',''
  ) );
#4254 = PCURVE('',#3933,#4255);
#4255 = DEFINITIONAL_REPRESENTATION('',(#4256),#4264);
#4256 = B_SPLINE_CURVE_WITH_KNOTS('',6,(#4257,#4258,#4259,#4260,#4261,
    #4262,#4263),.UNSPECIFIED.,.F.,.F.,(7,7),(0.,1.),
  .PIECEWISE_BEZIER_KNOTS.);
#4257 = CARTESIAN_POINT('',(0.382966373305,6.0000198));
#4258 = CARTESIAN_POINT('',(0.316097470663,5.642986268092));
#4259 = CARTESIAN_POINT('',(0.251029428382,5.285123515683));
#4260 = CARTESIAN_POINT('',(0.187253959942,4.926666893034));
#4261 = CARTESIAN_POINT('',(0.124396767069,4.56781388467));
#4262 = CARTESIAN_POINT('',(6.210747500659E-02,4.208729147945));
#4263 = CARTESIAN_POINT('',(0.,3.84955163499));
#4264 = ( GEOMETRIC_REPRESENTATION_CONTEXT(2) 
PARAMETRIC_REPRESENTATION_CONTEXT() REPRESENTATION_CONTEXT('2D SPACE',''
  ) );
#4265 = ORIENTED_EDGE('',*,*,#4266,.T.);
#4266 = EDGE_CURVE('',#4232,#4267,#4269,.T.);
#4267 = VERTEX_POINT('',#4268);
#4268 = CARTESIAN_POINT('',(25.495482127198,-90.13435430784,
    14.46048840663));
#4269 = SURFACE_CURVE('',#4270,(#4278,#4289),.PCURVE_S1.);
#4270 = B_SPLINE_CURVE_WITH_KNOTS('',3,(#4271,#4272,#4273,#4274,#4275,
    #4276,#4277),.UNSPECIFIED.,.F.,.F.,(4,1,1,1,4),(0.,0.253495999804,
    0.510259749476,0.766992847324,1.),.UNSPECIFIED.);
#4271 = CARTESIAN_POINT('',(25.5,-90.,14.84955163499));
#4272 = CARTESIAN_POINT('',(25.5,-90.01136877103,14.816677916994));
#4273 = CARTESIAN_POINT('',(25.499804889112,-90.034245108,
    14.750505043574));
#4274 = CARTESIAN_POINT('',(25.498922249882,-90.06860698433,
    14.651034698164));
#4275 = CARTESIAN_POINT('',(25.497486456723,-90.1020260681,
    14.554220432163));
#4276 = CARTESIAN_POINT('',(25.496183686168,-90.12393448275,
    14.490706486928));
#4277 = CARTESIAN_POINT('',(25.495482127198,-90.13435430784,
    14.46048840663));
#4278 = PCURVE('',#2047,#4279);
#4279 = DEFINITIONAL_REPRESENTATION('',(#4280),#4288);
#4280 = B_SPLINE_CURVE_WITH_KNOTS('',3,(#4281,#4282,#4283,#4284,#4285,
    #4286,#4287),.UNSPECIFIED.,.F.,.F.,(4,1,1,1,4),(0.,0.253495999804,
    0.510259749476,0.766992847324,1.),.UNSPECIFIED.);
#4281 = CARTESIAN_POINT('',(5.044033382283,0.238202775009));
#4282 = CARTESIAN_POINT('',(5.043999471751,0.237686014943));
#4283 = CARTESIAN_POINT('',(5.043929205694,0.236645758999));
#4284 = CARTESIAN_POINT('',(5.04381752936,0.235081906251));
#4285 = CARTESIAN_POINT('',(5.043702917366,0.233559658029));
#4286 = CARTESIAN_POINT('',(5.043624028085,0.232560903896));
#4287 = CARTESIAN_POINT('',(5.043585657419,0.232085702545));
#4288 = ( GEOMETRIC_REPRESENTATION_CONTEXT(2) 
PARAMETRIC_REPRESENTATION_CONTEXT() REPRESENTATION_CONTEXT('2D SPACE',''
  ) );
#4289 = PCURVE('',#4290,#4295);
#4290 = CYLINDRICAL_SURFACE('',#4291,2.);
#4291 = AXIS2_PLACEMENT_3D('',#4292,#4293,#4294);
#4292 = CARTESIAN_POINT('',(23.5,-90.,11.));
#4293 = DIRECTION('',(0.,0.,1.));
#4294 = DIRECTION('',(1.,0.,-0.));
#4295 = DEFINITIONAL_REPRESENTATION('',(#4296),#4304);
#4296 = B_SPLINE_CURVE_WITH_KNOTS('',3,(#4297,#4298,#4299,#4300,#4301,
    #4302,#4303),.UNSPECIFIED.,.F.,.F.,(4,1,1,1,4),(0.,0.253495999804,
    0.510259749476,0.766992847324,1.),.UNSPECIFIED.);
#4297 = CARTESIAN_POINT('',(6.28318530718,3.84955163499));
#4298 = CARTESIAN_POINT('',(6.277500921664,3.816677916994));
#4299 = CARTESIAN_POINT('',(6.266062752688,3.750505043574));
#4300 = CARTESIAN_POINT('',(6.248876787393,3.651034698164));
#4301 = CARTESIAN_POINT('',(6.232152453447,3.554220432163));
#4302 = CARTESIAN_POINT('',(6.221179232584,3.490706486928));
#4303 = CARTESIAN_POINT('',(6.215957524537,3.46048840663));
#4304 = ( GEOMETRIC_REPRESENTATION_CONTEXT(2) 
PARAMETRIC_REPRESENTATION_CONTEXT() REPRESENTATION_CONTEXT('2D SPACE',''
  ) );
#4305 = ORIENTED_EDGE('',*,*,#4306,.T.);
#4306 = EDGE_CURVE('',#4267,#4307,#4309,.T.);
#4307 = VERTEX_POINT('',#4308);
#4308 = CARTESIAN_POINT('',(24.988680385291,-91.33560125428,11.));
#4309 = SURFACE_CURVE('',#4310,(#4328,#4349),.PCURVE_S1.);
#4310 = B_SPLINE_CURVE_WITH_KNOTS('',6,(#4311,#4312,#4313,#4314,#4315,
    #4316,#4317,#4318,#4319,#4320,#4321,#4322,#4323,#4324,#4325,#4326,
    #4327),.UNSPECIFIED.,.F.,.F.,(7,5,5,7),(0.,0.4866319799,
    0.745369845562,1.),.UNSPECIFIED.);
#4311 = CARTESIAN_POINT('',(25.495482127198,-90.13435430784,
    14.46048840663));
#4312 = CARTESIAN_POINT('',(25.48891063379,-90.23195666875,
    14.177436056282));
#4313 = CARTESIAN_POINT('',(25.476601577922,-90.32929723769,
    13.894419409901));
#4314 = CARTESIAN_POINT('',(25.458532266577,-90.4263601541,
    13.61151020507));
#4315 = CARTESIAN_POINT('',(25.434543356304,-90.52316907411,
    13.328813094422));
#4316 = CARTESIAN_POINT('',(25.404356730172,-90.61978365469,
    13.046463913778));
#4317 = CARTESIAN_POINT('',(25.347587795436,-90.7677538468,
    12.614844587171));
#4318 = CARTESIAN_POINT('',(25.325938955056,-90.8191143021,
    12.465178951519));
#4319 = CARTESIAN_POINT('',(25.302240916586,-90.87050037533,
    12.315705440346));
#4320 = CARTESIAN_POINT('',(25.276363936869,-90.92194679459,
    12.166467026656));
#4321 = CARTESIAN_POINT('',(25.248119314626,-90.97350461002,
    12.017525373519));
#4322 = CARTESIAN_POINT('',(25.186818777021,-91.07617859039,
    11.72276845448));
#4323 = CARTESIAN_POINT('',(25.153855716041,-91.12728108043,
    11.576956989209));
#4324 = CARTESIAN_POINT('',(25.118026136044,-91.17865262045,
    11.43160204601));
#4325 = CARTESIAN_POINT('',(25.079002986473,-91.23038013754,
    11.286818177614));
#4326 = CARTESIAN_POINT('',(25.036223792263,-91.28260921404,
    11.142820620231));
#4327 = CARTESIAN_POINT('',(24.988673800981,-91.33560859321,10.9999802)
  );
#4328 = PCURVE('',#2047,#4329);
#4329 = DEFINITIONAL_REPRESENTATION('',(#4330),#4348);
#4330 = B_SPLINE_CURVE_WITH_KNOTS('',6,(#4331,#4332,#4333,#4334,#4335,
    #4336,#4337,#4338,#4339,#4340,#4341,#4342,#4343,#4344,#4345,#4346,
    #4347),.UNSPECIFIED.,.F.,.F.,(7,5,5,7),(0.,0.4866319799,
    0.745369845562,1.),.UNSPECIFIED.);
#4331 = CARTESIAN_POINT('',(5.043585657419,0.232085702545));
#4332 = CARTESIAN_POINT('',(5.043226239903,0.227634497899));
#4333 = CARTESIAN_POINT('',(5.042808074134,0.223182219084));
#4334 = CARTESIAN_POINT('',(5.042331171385,0.2187297578));
#4335 = CARTESIAN_POINT('',(5.041793966445,0.214278528095));
#4336 = CARTESIAN_POINT('',(5.041193525753,0.209830441543));
#4337 = CARTESIAN_POINT('',(5.040165510562,0.203026871903));
#4338 = CARTESIAN_POINT('',(5.039788681436,0.200666986456));
#4339 = CARTESIAN_POINT('',(5.039390698866,0.198309375808));
#4340 = CARTESIAN_POINT('',(5.038970127362,0.195954686695));
#4341 = CARTESIAN_POINT('',(5.038524869152,0.193603863236));
#4342 = CARTESIAN_POINT('',(5.037586164741,0.188949888184));
#4343 = CARTESIAN_POINT('',(5.037093715687,0.186646823073));
#4344 = CARTESIAN_POINT('',(5.036570946271,0.184350123769));
#4345 = CARTESIAN_POINT('',(5.036014212625,0.182061576662));
#4346 = CARTESIAN_POINT('',(5.035417248151,0.179784568134));
#4347 = CARTESIAN_POINT('',(5.034768716653,0.177524960915));
#4348 = ( GEOMETRIC_REPRESENTATION_CONTEXT(2) 
PARAMETRIC_REPRESENTATION_CONTEXT() REPRESENTATION_CONTEXT('2D SPACE',''
  ) );
#4349 = PCURVE('',#4290,#4350);
#4350 = DEFINITIONAL_REPRESENTATION('',(#4351),#4369);
#4351 = B_SPLINE_CURVE_WITH_KNOTS('',6,(#4352,#4353,#4354,#4355,#4356,
    #4357,#4358,#4359,#4360,#4361,#4362,#4363,#4364,#4365,#4366,#4367,
    #4368),.UNSPECIFIED.,.F.,.F.,(7,5,5,7),(0.,0.4866319799,
    0.745369845562,1.),.UNSPECIFIED.);
#4352 = CARTESIAN_POINT('',(6.215957524537,3.46048840663));
#4353 = CARTESIAN_POINT('',(6.16704585573,3.177436056282));
#4354 = CARTESIAN_POINT('',(6.118071882558,2.894419409901));
#4355 = CARTESIAN_POINT('',(6.068833374633,2.61151020507));
#4356 = CARTESIAN_POINT('',(6.019095873431,2.328813094422));
#4357 = CARTESIAN_POINT('',(5.968587429109,2.046463913778));
#4358 = CARTESIAN_POINT('',(5.889344306845,1.614844587171));
#4359 = CARTESIAN_POINT('',(5.861490936437,1.465178951519));
#4360 = CARTESIAN_POINT('',(5.833220618705,1.315705440346));
#4361 = CARTESIAN_POINT('',(5.804452868339,1.166467026656));
#4362 = CARTESIAN_POINT('',(5.775079205719,1.017525373519));
#4363 = CARTESIAN_POINT('',(5.715288524682,0.72276845448));
#4364 = CARTESIAN_POINT('',(5.684901925368,0.576956989209));
#4365 = CARTESIAN_POINT('',(5.653615118937,0.43160204601));
#4366 = CARTESIAN_POINT('',(5.621254801119,0.286818177614));
#4367 = CARTESIAN_POINT('',(5.587532057443,0.142820620231));
#4368 = CARTESIAN_POINT('',(5.551930316392,-1.98E-05));
#4369 = ( GEOMETRIC_REPRESENTATION_CONTEXT(2) 
PARAMETRIC_REPRESENTATION_CONTEXT() REPRESENTATION_CONTEXT('2D SPACE',''
  ) );
#4370 = ORIENTED_EDGE('',*,*,#4371,.F.);
#4371 = EDGE_CURVE('',#4372,#4307,#4374,.T.);
#4372 = VERTEX_POINT('',#4373);
#4373 = CARTESIAN_POINT('',(30.,-89.34946629505,11.));
#4374 = SURFACE_CURVE('',#4375,(#4396,#4420),.PCURVE_S1.);
#4375 = B_SPLINE_CURVE_WITH_KNOTS('',7,(#4376,#4377,#4378,#4379,#4380,
    #4381,#4382,#4383,#4384,#4385,#4386,#4387,#4388,#4389,#4390,#4391,
    #4392,#4393,#4394,#4395),.UNSPECIFIED.,.F.,.F.,(8,6,6,8),(0.,
    0.155771925344,0.499858114001,1.),.UNSPECIFIED.);
#4376 = CARTESIAN_POINT('',(30.,-89.34946629505,11.));
#4377 = CARTESIAN_POINT('',(28.740777240393,-89.90006790101,11.));
#4378 = CARTESIAN_POINT('',(27.47020167004,-90.42471220549,11.));
#4379 = CARTESIAN_POINT('',(26.188844715509,-90.92294623081,11.));
#4380 = CARTESIAN_POINT('',(24.897302229286,-91.39433953328,11.));
#4381 = CARTESIAN_POINT('',(23.596195384859,-91.83848671431,11.));
#4382 = CARTESIAN_POINT('',(22.28617157181,-92.25500993142,11.));
#4383 = CARTESIAN_POINT('',(18.055973508392,-93.50183671687,11.));
#4384 = CARTESIAN_POINT('',(15.103661365023,-94.22367838673,11.));
#4385 = CARTESIAN_POINT('',(12.118459005388,-94.8052445317,11.));
#4386 = CARTESIAN_POINT('',(9.108159672179,-95.24359126268,11.));
#4387 = CARTESIAN_POINT('',(6.080857278315,-95.53666692565,11.));
#4388 = CARTESIAN_POINT('',(3.044954194011,-95.68338310136,11.));
#4389 = CARTESIAN_POINT('',(-4.403430895446,-95.68431364477,11.));
#4390 = CARTESIAN_POINT('',(-8.81685407765,-95.3756889656,11.));
#4391 = CARTESIAN_POINT('',(-13.20352459306,-94.75769032601,11.));
#4392 = CARTESIAN_POINT('',(-17.53795428848,-93.83540028664,11.));
#4393 = CARTESIAN_POINT('',(-21.79648349854,-92.61777080031,11.));
#4394 = CARTESIAN_POINT('',(-25.95720809536,-91.11719777725,11.));
#4395 = CARTESIAN_POINT('',(-30.,-89.34946629505,11.));
#4396 = PCURVE('',#2047,#4397);
#4397 = DEFINITIONAL_REPRESENTATION('',(#4398),#4419);
#4398 = B_SPLINE_CURVE_WITH_KNOTS('',7,(#4399,#4400,#4401,#4402,#4403,
    #4404,#4405,#4406,#4407,#4408,#4409,#4410,#4411,#4412,#4413,#4414,
    #4415,#4416,#4417,#4418),.UNSPECIFIED.,.F.,.F.,(8,6,6,8),(0.,
    0.155771925344,0.499858114001,1.),.UNSPECIFIED.);
#4399 = CARTESIAN_POINT('',(5.092679927529,0.177525274134));
#4400 = CARTESIAN_POINT('',(5.078003331725,0.177525274134));
#4401 = CARTESIAN_POINT('',(5.063278173374,0.177525274134));
#4402 = CARTESIAN_POINT('',(5.048502305658,0.177525274134));
#4403 = CARTESIAN_POINT('',(5.033673577469,0.177525274134));
#4404 = CARTESIAN_POINT('',(5.018789856234,0.177525274134));
#4405 = CARTESIAN_POINT('',(5.003849050729,0.177525274134));
#4406 = CARTESIAN_POINT('',(4.955715665207,0.177525274134));
#4407 = CARTESIAN_POINT('',(4.922291929055,0.177525274134));
#4408 = CARTESIAN_POINT('',(4.888558599225,0.177525274134));
#4409 = CARTESIAN_POINT('',(4.854494046299,0.177525274134));
#4410 = CARTESIAN_POINT('',(4.820075366791,0.177525274134));
#4411 = CARTESIAN_POINT('',(4.785280022806,0.177525274134));
#4412 = CARTESIAN_POINT('',(4.698935331345,0.177525274134));
#4413 = CARTESIAN_POINT('',(4.646932126519,0.177525274134));
#4414 = CARTESIAN_POINT('',(4.59402548016,0.177525274134));
#4415 = CARTESIAN_POINT('',(4.540133782297,0.177525274134));
#4416 = CARTESIAN_POINT('',(4.485160032473,0.177525274134));
#4417 = CARTESIAN_POINT('',(4.428995646541,0.177525274134));
#4418 = CARTESIAN_POINT('',(4.371531335416,0.177525274134));
#4419 = ( GEOMETRIC_REPRESENTATION_CONTEXT(2) 
PARAMETRIC_REPRESENTATION_CONTEXT() REPRESENTATION_CONTEXT('2D SPACE',''
  ) );
#4420 = PCURVE('',#3323,#4421);
#4421 = DEFINITIONAL_REPRESENTATION('',(#4422),#4443);
#4422 = B_SPLINE_CURVE_WITH_KNOTS('',7,(#4423,#4424,#4425,#4426,#4427,
    #4428,#4429,#4430,#4431,#4432,#4433,#4434,#4435,#4436,#4437,#4438,
    #4439,#4440,#4441,#4442),.UNSPECIFIED.,.F.,.F.,(8,6,6,8),(0.,
    0.155771925344,0.499858114001,1.),.UNSPECIFIED.);
#4423 = CARTESIAN_POINT('',(60.,11.650533704948));
#4424 = CARTESIAN_POINT('',(58.740777240393,11.099932098987));
#4425 = CARTESIAN_POINT('',(57.47020167004,10.575287794501));
#4426 = CARTESIAN_POINT('',(56.188844715509,10.077053769184));
#4427 = CARTESIAN_POINT('',(54.897302229286,9.605660466712));
#4428 = CARTESIAN_POINT('',(53.596195384859,9.161513285688));
#4429 = CARTESIAN_POINT('',(52.28617157181,8.74499006858));
#4430 = CARTESIAN_POINT('',(48.055973508392,7.498163283128));
#4431 = CARTESIAN_POINT('',(45.103661365023,6.776321613263));
#4432 = CARTESIAN_POINT('',(42.118459005388,6.194755468295));
#4433 = CARTESIAN_POINT('',(39.108159672179,5.75640873732));
#4434 = CARTESIAN_POINT('',(36.080857278315,5.463333074341));
#4435 = CARTESIAN_POINT('',(33.044954194011,5.316616898635));
#4436 = CARTESIAN_POINT('',(25.596569104554,5.315686355227));
#4437 = CARTESIAN_POINT('',(21.18314592235,5.624311034391));
#4438 = CARTESIAN_POINT('',(16.796475406935,6.24230967399));
#4439 = CARTESIAN_POINT('',(12.462045711517,7.164599713355));
#4440 = CARTESIAN_POINT('',(8.203516501457,8.382229199684));
#4441 = CARTESIAN_POINT('',(4.042791904638,9.882802222748));
#4442 = CARTESIAN_POINT('',(0.,11.650533704948));
#4443 = ( GEOMETRIC_REPRESENTATION_CONTEXT(2) 
PARAMETRIC_REPRESENTATION_CONTEXT() REPRESENTATION_CONTEXT('2D SPACE',''
  ) );
#4444 = ORIENTED_EDGE('',*,*,#4445,.F.);
#4445 = EDGE_CURVE('',#4446,#4372,#4448,.T.);
#4446 = VERTEX_POINT('',#4447);
#4447 = CARTESIAN_POINT('',(30.,-90.0155533132,8.));
#4448 = SURFACE_CURVE('',#4449,(#4461,#4476),.PCURVE_S1.);
#4449 = B_SPLINE_CURVE_WITH_KNOTS('',4,(#4450,#4451,#4452,#4453,#4454,
    #4455,#4456,#4457,#4458,#4459,#4460),.UNSPECIFIED.,.F.,.F.,(5,3,3,5)
  ,(0.,0.491071037014,0.755353730322,1.),.UNSPECIFIED.);
#4450 = CARTESIAN_POINT('',(30.,-90.0155533132,8.));
#4451 = CARTESIAN_POINT('',(30.,-89.94661482183,8.370079917894));
#4452 = CARTESIAN_POINT('',(30.,-89.87349868091,8.739381994053));
#4453 = CARTESIAN_POINT('',(30.,-89.79623847288,9.107839217074));
#4454 = CARTESIAN_POINT('',(30.,-89.67108370857,9.673193868438));
#4455 = CARTESIAN_POINT('',(30.,-89.62601415467,9.871149527355));
#4456 = CARTESIAN_POINT('',(30.,-89.57965774956,10.069247982758));
#4457 = CARTESIAN_POINT('',(30.,-89.48789921418,10.450987376084));
#4458 = CARTESIAN_POINT('',(30.,-89.44276904223,10.634247211521));
#4459 = CARTESIAN_POINT('',(30.,-89.39662289353,10.817253959108));
#4460 = CARTESIAN_POINT('',(30.,-89.34946629505,11.));
#4461 = PCURVE('',#2047,#4462);
#4462 = DEFINITIONAL_REPRESENTATION('',(#4463),#4475);
#4463 = B_SPLINE_CURVE_WITH_KNOTS('',4,(#4464,#4465,#4466,#4467,#4468,
    #4469,#4470,#4471,#4472,#4473,#4474),.UNSPECIFIED.,.F.,.F.,(5,3,3,5)
  ,(0.,0.491071037014,0.755353730322,1.),.UNSPECIFIED.);
#4464 = CARTESIAN_POINT('',(5.09042145555,0.129876203861));
#4465 = CARTESIAN_POINT('',(5.090653716516,0.135781023061));
#4466 = CARTESIAN_POINT('',(5.090900418777,0.141663583514));
#4467 = CARTESIAN_POINT('',(5.091161668672,0.147523618791));
#4468 = CARTESIAN_POINT('',(5.091585761614,0.156502577921));
#4469 = CARTESIAN_POINT('',(5.091738647986,0.159644129093));
#4470 = CARTESIAN_POINT('',(5.091896083172,0.162785678761));
#4471 = CARTESIAN_POINT('',(5.092208103729,0.168835355369));
#4472 = CARTESIAN_POINT('',(5.092361609666,0.171737804279));
#4473 = CARTESIAN_POINT('',(5.092519111865,0.174634352974));
#4474 = CARTESIAN_POINT('',(5.092680028923,0.177525231172));
#4475 = ( GEOMETRIC_REPRESENTATION_CONTEXT(2) 
PARAMETRIC_REPRESENTATION_CONTEXT() REPRESENTATION_CONTEXT('2D SPACE',''
  ) );
#4476 = PCURVE('',#4477,#4482);
#4477 = PLANE('',#4478);
#4478 = AXIS2_PLACEMENT_3D('',#4479,#4480,#4481);
#4479 = CARTESIAN_POINT('',(30.,-101.,8.));
#4480 = DIRECTION('',(1.,0.,-0.));
#4481 = DIRECTION('',(0.,0.,1.));
#4482 = DEFINITIONAL_REPRESENTATION('',(#4483),#4495);
#4483 = B_SPLINE_CURVE_WITH_KNOTS('',4,(#4484,#4485,#4486,#4487,#4488,
    #4489,#4490,#4491,#4492,#4493,#4494),.UNSPECIFIED.,.F.,.F.,(5,3,3,5)
  ,(0.,0.491071037014,0.755353730322,1.),.UNSPECIFIED.);
#4484 = CARTESIAN_POINT('',(0.,-10.98444668679));
#4485 = CARTESIAN_POINT('',(0.370079917894,-11.05338517816));
#4486 = CARTESIAN_POINT('',(0.739381994053,-11.12650131908));
#4487 = CARTESIAN_POINT('',(1.107839217074,-11.20376152711));
#4488 = CARTESIAN_POINT('',(1.673193868438,-11.32891629143));
#4489 = CARTESIAN_POINT('',(1.871149527355,-11.37398584532));
#4490 = CARTESIAN_POINT('',(2.069247982758,-11.42034225043));
#4491 = CARTESIAN_POINT('',(2.450987376084,-11.51210078581));
#4492 = CARTESIAN_POINT('',(2.634247211521,-11.55723095776));
#4493 = CARTESIAN_POINT('',(2.817253959108,-11.60337710647));
#4494 = CARTESIAN_POINT('',(3.,-11.65053370494));
#4495 = ( GEOMETRIC_REPRESENTATION_CONTEXT(2) 
PARAMETRIC_REPRESENTATION_CONTEXT() REPRESENTATION_CONTEXT('2D SPACE',''
  ) );
#4496 = ORIENTED_EDGE('',*,*,#4497,.T.);
#4497 = EDGE_CURVE('',#4446,#3222,#4498,.T.);
#4498 = SURFACE_CURVE('',#4499,(#4520,#4544),.PCURVE_S1.);
#4499 = B_SPLINE_CURVE_WITH_KNOTS('',7,(#4500,#4501,#4502,#4503,#4504,
    #4505,#4506,#4507,#4508,#4509,#4510,#4511,#4512,#4513,#4514,#4515,
    #4516,#4517,#4518,#4519),.UNSPECIFIED.,.F.,.F.,(8,6,6,8),(0.,
    0.162777382557,0.499857129023,1.),.UNSPECIFIED.);
#4500 = CARTESIAN_POINT('',(30.,-90.0155533132,8.));
#4501 = CARTESIAN_POINT('',(28.683095862226,-90.5871154862,8.));
#4502 = CARTESIAN_POINT('',(27.353952506098,-91.13048422848,8.));
#4503 = CARTESIAN_POINT('',(26.013215450869,-91.64515210577,8.));
#4504 = CARTESIAN_POINT('',(24.661558678599,-92.13063819047,8.));
#4505 = CARTESIAN_POINT('',(23.299685707987,-92.58649113714,8.));
#4506 = CARTESIAN_POINT('',(21.928330668208,-93.01229225806,8.));
#4507 = CARTESIAN_POINT('',(17.690404828858,-94.22638404926,8.));
#4508 = CARTESIAN_POINT('',(14.795026768621,-94.91464070802,8.));
#4509 = CARTESIAN_POINT('',(11.869113225248,-95.46894964933,8.));
#4510 = CARTESIAN_POINT('',(8.919919574614,-95.88664791461,8.));
#4511 = CARTESIAN_POINT('',(5.954966499471,-96.16588376778,8.));
#4512 = CARTESIAN_POINT('',(2.982046499437,-96.30567768592,8.));
#4513 = CARTESIAN_POINT('',(-4.401671289919,-96.3066001503,8.));
#4514 = CARTESIAN_POINT('',(-8.813376330779,-96.00020965832,8.));
#4515 = CARTESIAN_POINT('',(-13.1987143995,-95.38668538146,8.));
#4516 = CARTESIAN_POINT('',(-17.53254551916,-94.47099908172,8.));
#4517 = CARTESIAN_POINT('',(-21.7915120459,-93.26192195804,8.));
#4518 = CARTESIAN_POINT('',(-25.95396821451,-91.7716103055,8.));
#4519 = CARTESIAN_POINT('',(-30.,-90.0155533132,8.));
#4520 = PCURVE('',#2047,#4521);
#4521 = DEFINITIONAL_REPRESENTATION('',(#4522),#4543);
#4522 = B_SPLINE_CURVE_WITH_KNOTS('',7,(#4523,#4524,#4525,#4526,#4527,
    #4528,#4529,#4530,#4531,#4532,#4533,#4534,#4535,#4536,#4537,#4538,
    #4539,#4540,#4541,#4542),.UNSPECIFIED.,.F.,.F.,(8,6,6,8),(0.,
    0.162777382557,0.499857129023,1.),.UNSPECIFIED.);
#4523 = CARTESIAN_POINT('',(5.090421437048,0.12987621602));
#4524 = CARTESIAN_POINT('',(5.07518312293,0.12987621602));
#4525 = CARTESIAN_POINT('',(5.059892247665,0.12987621602));
#4526 = CARTESIAN_POINT('',(5.044546414004,0.12987621602));
#4527 = CARTESIAN_POINT('',(5.029143219365,0.12987621602));
#4528 = CARTESIAN_POINT('',(5.01368028368,0.12987621602));
#4529 = CARTESIAN_POINT('',(4.998155277248,0.12987621602));
#4530 = CARTESIAN_POINT('',(4.950283533999,0.12987621602));
#4531 = CARTESIAN_POINT('',(4.917723646546,0.12987621602));
#4532 = CARTESIAN_POINT('',(4.884868424544,0.12987621602));
#4533 = CARTESIAN_POINT('',(4.851697954953,0.12987621602));
#4534 = CARTESIAN_POINT('',(4.81819119379,0.12987621602));
#4535 = CARTESIAN_POINT('',(4.78432740135,0.12987621602));
#4536 = CARTESIAN_POINT('',(4.699285436346,0.12987621602));
#4537 = CARTESIAN_POINT('',(4.647644080383,0.12987621602));
#4538 = CARTESIAN_POINT('',(4.595111915595,0.12987621602));
#4539 = CARTESIAN_POINT('',(4.541609129638,0.12987621602));
#4540 = CARTESIAN_POINT('',(4.487040945015,0.12987621602));
#4541 = CARTESIAN_POINT('',(4.431301373874,0.12987621602));
#4542 = CARTESIAN_POINT('',(4.37428374982,0.12987621602));
#4543 = ( GEOMETRIC_REPRESENTATION_CONTEXT(2) 
PARAMETRIC_REPRESENTATION_CONTEXT() REPRESENTATION_CONTEXT('2D SPACE',''
  ) );
#4544 = PCURVE('',#4545,#4550);
#4545 = PLANE('',#4546);
#4546 = AXIS2_PLACEMENT_3D('',#4547,#4548,#4549);
#4547 = CARTESIAN_POINT('',(-30.,-101.,8.));
#4548 = DIRECTION('',(0.,0.,1.));
#4549 = DIRECTION('',(1.,0.,-0.));
#4550 = DEFINITIONAL_REPRESENTATION('',(#4551),#4572);
#4551 = B_SPLINE_CURVE_WITH_KNOTS('',7,(#4552,#4553,#4554,#4555,#4556,
    #4557,#4558,#4559,#4560,#4561,#4562,#4563,#4564,#4565,#4566,#4567,
    #4568,#4569,#4570,#4571),.UNSPECIFIED.,.F.,.F.,(8,6,6,8),(0.,
    0.162777382557,0.499857129023,1.),.UNSPECIFIED.);
#4552 = CARTESIAN_POINT('',(60.,10.984446686797));
#4553 = CARTESIAN_POINT('',(58.683095862226,10.412884513799));
#4554 = CARTESIAN_POINT('',(57.353952506098,9.869515771515));
#4555 = CARTESIAN_POINT('',(56.013215450869,9.354847894222));
#4556 = CARTESIAN_POINT('',(54.661558678599,8.869361809528));
#4557 = CARTESIAN_POINT('',(53.299685707987,8.413508862858));
#4558 = CARTESIAN_POINT('',(51.928330668208,7.987707741937));
#4559 = CARTESIAN_POINT('',(47.690404828858,6.773615950733));
#4560 = CARTESIAN_POINT('',(44.795026768621,6.085359291973));
#4561 = CARTESIAN_POINT('',(41.869113225248,5.531050350669));
#4562 = CARTESIAN_POINT('',(38.919919574614,5.113352085383));
#4563 = CARTESIAN_POINT('',(35.954966499471,4.834116232216));
#4564 = CARTESIAN_POINT('',(32.982046499437,4.694322314076));
#4565 = CARTESIAN_POINT('',(25.598328710081,4.693399849699));
#4566 = CARTESIAN_POINT('',(21.186623669221,4.999790341678));
#4567 = CARTESIAN_POINT('',(16.801285600497,5.613314618535));
#4568 = CARTESIAN_POINT('',(12.467454480832,6.529000918277));
#4569 = CARTESIAN_POINT('',(8.208487954093,7.738078041953));
#4570 = CARTESIAN_POINT('',(4.04603178549,9.228389694493));
#4571 = CARTESIAN_POINT('',(0.,10.984446686797));
#4572 = ( GEOMETRIC_REPRESENTATION_CONTEXT(2) 
PARAMETRIC_REPRESENTATION_CONTEXT() REPRESENTATION_CONTEXT('2D SPACE',''
  ) );
#4573 = FACE_BOUND('',#4574,.F.);
#4574 = EDGE_LOOP('',(#4575,#4576,#4577));
#4575 = ORIENTED_EDGE('',*,*,#2493,.T.);
#4576 = ORIENTED_EDGE('',*,*,#2789,.T.);
#4577 = ORIENTED_EDGE('',*,*,#2619,.T.);
#4578 = FACE_BOUND('',#4579,.F.);
#4579 = EDGE_LOOP('',(#4580,#4728));
#4580 = ORIENTED_EDGE('',*,*,#4581,.T.);
#4581 = EDGE_CURVE('',#4582,#4584,#4586,.T.);
#4582 = VERTEX_POINT('',#4583);
#4583 = CARTESIAN_POINT('',(-44.39457667632,-77.26177071052,
    20.40817562201));
#4584 = VERTEX_POINT('',#4585);
#4585 = CARTESIAN_POINT('',(-43.71118506974,-78.67959986718,
    18.665966210383));
#4586 = SURFACE_CURVE('',#4587,(#4632,#4680),.PCURVE_S1.);
#4587 = B_SPLINE_CURVE_WITH_KNOTS('',7,(#4588,#4589,#4590,#4591,#4592,
    #4593,#4594,#4595,#4596,#4597,#4598,#4599,#4600,#4601,#4602,#4603,
    #4604,#4605,#4606,#4607,#4608,#4609,#4610,#4611,#4612,#4613,#4614,
    #4615,#4616,#4617,#4618,#4619,#4620,#4621,#4622,#4623,#4624,#4625,
    #4626,#4627,#4628,#4629,#4630,#4631),.UNSPECIFIED.,.F.,.F.,(8,6,6,6,
    6,6,6,8),(0.,0.133749237309,0.268450954254,0.473092975734,
    0.619549240874,0.715824572038,0.831848060593,1.),.UNSPECIFIED.);
#4588 = CARTESIAN_POINT('',(-44.39457667632,-77.26177071052,
    20.40817562201));
#4589 = CARTESIAN_POINT('',(-44.34949596006,-77.19828379091,
    20.58377549628));
#4590 = CARTESIAN_POINT('',(-44.28669056678,-77.14701218039,
    20.759323260566));
#4591 = CARTESIAN_POINT('',(-44.20684108541,-77.10896341179,
    20.932055122356));
#4592 = CARTESIAN_POINT('',(-44.1110651342,-77.08479191068,
    21.099355409175));
#4593 = CARTESIAN_POINT('',(-44.00080837779,-77.07488161601,
    21.258744483569));
#4594 = CARTESIAN_POINT('',(-43.87782499428,-77.07934007075,
    21.407900695634));
#4595 = CARTESIAN_POINT('',(-43.60971893394,-77.11660009513,
    21.682506367455));
#4596 = CARTESIAN_POINT('',(-43.46434127852,-77.1496225226,
    21.80786372358));
#4597 = CARTESIAN_POINT('',(-43.31031338022,-77.19670679067,
    21.918633196675));
#4598 = CARTESIAN_POINT('',(-43.14994518491,-77.25729173306,
    22.0130398604));
#4599 = CARTESIAN_POINT('',(-42.98565782991,-77.33051949151,
    22.089689106853));
#4600 = CARTESIAN_POINT('',(-42.81998364399,-77.41523551582,
    22.14756664657));
#4601 = CARTESIAN_POINT('',(-42.40577921342,-77.6539396264,
    22.244485867469));
#4602 = CARTESIAN_POINT('',(-42.15824317452,-77.82155512251,
    22.25807699587));
#4603 = CARTESIAN_POINT('',(-41.92296561773,-78.00696265679,
    22.224902532136));
#4604 = CARTESIAN_POINT('',(-41.70854723763,-78.20386685799,
    22.145350983367));
#4605 = CARTESIAN_POINT('',(-41.52218183632,-78.40554937892,
    22.022108725354));
#4606 = CARTESIAN_POINT('',(-41.3696563234,-78.60486889648,
    21.860160002581));
#4607 = CARTESIAN_POINT('',(-41.17354556068,-78.92980353971,
    21.528395516512));
#4608 = CARTESIAN_POINT('',(-41.11112887315,-79.06053350841,
    21.373689487222));
#4609 = CARTESIAN_POINT('',(-41.06963417685,-79.18382276274,
    21.205228534813));
#4610 = CARTESIAN_POINT('',(-41.04989032679,-79.29733715342,
    21.02594113644));
#4611 = CARTESIAN_POINT('',(-41.05220906651,-79.39901025953,
    20.838976683813));
#4612 = CARTESIAN_POINT('',(-41.07639160042,-79.48705118726,
    20.647721820278));
#4613 = CARTESIAN_POINT('',(-41.15122402755,-79.60810363237,
    20.329630358192));
#4614 = CARTESIAN_POINT('',(-41.18997983449,-79.64965635329,
    20.2031169578));
#4615 = CARTESIAN_POINT('',(-41.23757554675,-79.68435711049,
    20.077262206961));
#4616 = CARTESIAN_POINT('',(-41.29366885899,-79.71191110118,
    19.953053752429));
#4617 = CARTESIAN_POINT('',(-41.35782724648,-79.73210890203,
    19.831458983753));
#4618 = CARTESIAN_POINT('',(-41.42953033023,-79.74482655451,
    19.713420391249));
#4619 = CARTESIAN_POINT('',(-41.60291263523,-79.75631590881,
    19.462978716041));
#4620 = CARTESIAN_POINT('',(-41.70775803763,-79.75168802353,
    19.332550805167));
#4621 = CARTESIAN_POINT('',(-41.82159435878,-79.73611151173,
    19.210177689662));
#4622 = CARTESIAN_POINT('',(-41.94320402543,-79.70972598943,
    19.09730380217));
#4623 = CARTESIAN_POINT('',(-42.07125116176,-79.67285237958,
    18.995204253124));
#4624 = CARTESIAN_POINT('',(-42.20428158931,-79.62599291209,
    18.904984830751));
#4625 = CARTESIAN_POINT('',(-42.53846605153,-79.48843628095,
    18.715402682133));
#4626 = CARTESIAN_POINT('',(-42.74367019266,-79.38736090206,
    18.629990975296));
#4627 = CARTESIAN_POINT('',(-42.95149710944,-79.26870189208,
    18.574205574879));
#4628 = CARTESIAN_POINT('',(-43.15699186489,-79.13513921148,
    18.549886366387));
#4629 = CARTESIAN_POINT('',(-43.35522573631,-78.9898894612,
    18.557717454847));
#4630 = CARTESIAN_POINT('',(-43.54143922564,-78.83665946755,
    18.597090193148));
#4631 = CARTESIAN_POINT('',(-43.71118506974,-78.67959986718,
    18.665966210383));
#4632 = PCURVE('',#2047,#4633);
#4633 = DEFINITIONAL_REPRESENTATION('',(#4634),#4679);
#4634 = B_SPLINE_CURVE_WITH_KNOTS('',7,(#4635,#4636,#4637,#4638,#4639,
    #4640,#4641,#4642,#4643,#4644,#4645,#4646,#4647,#4648,#4649,#4650,
    #4651,#4652,#4653,#4654,#4655,#4656,#4657,#4658,#4659,#4660,#4661,
    #4662,#4663,#4664,#4665,#4666,#4667,#4668,#4669,#4670,#4671,#4672,
    #4673,#4674,#4675,#4676,#4677,#4678),.UNSPECIFIED.,.F.,.F.,(8,6,6,6,
    6,6,6,8),(0.,0.133749237309,0.268450954254,0.473092975734,
    0.619549240874,0.715824572038,0.831848060593,1.),.UNSPECIFIED.);
#4635 = CARTESIAN_POINT('',(4.121213429047,0.325523938725));
#4636 = CARTESIAN_POINT('',(4.12131750254,0.328286120421));
#4637 = CARTESIAN_POINT('',(4.121721191742,0.331048167606));
#4638 = CARTESIAN_POINT('',(4.122424435954,0.333766661515));
#4639 = CARTESIAN_POINT('',(4.123419725717,0.336400450453));
#4640 = CARTESIAN_POINT('',(4.124693743792,0.33891043871));
#4641 = CARTESIAN_POINT('',(4.126227283859,0.341259937665));
#4642 = CARTESIAN_POINT('',(4.129772187536,0.345586571687));
#4643 = CARTESIAN_POINT('',(4.131788247505,0.34756228549));
#4644 = CARTESIAN_POINT('',(4.134014041781,0.349308547903));
#4645 = CARTESIAN_POINT('',(4.136417915713,0.350797192803));
#4646 = CARTESIAN_POINT('',(4.138964145061,0.352006060554));
#4647 = CARTESIAN_POINT('',(4.141612935994,0.352918998006));
#4648 = CARTESIAN_POINT('',(4.148433706311,0.354447815249));
#4649 = CARTESIAN_POINT('',(4.152695282884,0.354662228769));
#4650 = CARTESIAN_POINT('',(4.156933794302,0.354138823702));
#4651 = CARTESIAN_POINT('',(4.160992817124,0.352883827204));
#4652 = CARTESIAN_POINT('',(4.164730864983,0.350939968938));
#4653 = CARTESIAN_POINT('',(4.168021388577,0.348386481078));
#4654 = CARTESIAN_POINT('',(4.172707548946,0.343158176247));
#4655 = CARTESIAN_POINT('',(4.174380708114,0.340720759834));
#4656 = CARTESIAN_POINT('',(4.175734154789,0.338067417093));
#4657 = CARTESIAN_POINT('',(4.176741470771,0.335244476356));
#4658 = CARTESIAN_POINT('',(4.177385511559,0.332301632398));
#4659 = CARTESIAN_POINT('',(4.177658199211,0.329292191684));
#4660 = CARTESIAN_POINT('',(4.177501218284,0.324288330033));
#4661 = CARTESIAN_POINT('',(4.177280160969,0.322298521039));
#4662 = CARTESIAN_POINT('',(4.17690116963,0.320319415075));
#4663 = CARTESIAN_POINT('',(4.176367179996,0.318366513404));
#4664 = CARTESIAN_POINT('',(4.175682863286,0.316454985983));
#4665 = CARTESIAN_POINT('',(4.174854548144,0.314599603658));
#4666 = CARTESIAN_POINT('',(4.172728495733,0.310663495624));
#4667 = CARTESIAN_POINT('',(4.171368825963,0.308613911319));
#4668 = CARTESIAN_POINT('',(4.169825988598,0.30669114154));
#4669 = CARTESIAN_POINT('',(4.168117007728,0.304917808134));
#4670 = CARTESIAN_POINT('',(4.16626133887,0.303313879485));
#4671 = CARTESIAN_POINT('',(4.164280868966,0.301896670517));
#4672 = CARTESIAN_POINT('',(4.159184007992,0.298918752879));
#4673 = CARTESIAN_POINT('',(4.155952289221,0.297577256307));
#4674 = CARTESIAN_POINT('',(4.152579528493,0.296701128375));
#4675 = CARTESIAN_POINT('',(4.149144084591,0.296319193928));
#4676 = CARTESIAN_POINT('',(4.145726344538,0.296442174277));
#4677 = CARTESIAN_POINT('',(4.142407161488,0.29706053423));
#4678 = CARTESIAN_POINT('',(4.139266292601,0.298142329119));
#4679 = ( GEOMETRIC_REPRESENTATION_CONTEXT(2) 
PARAMETRIC_REPRESENTATION_CONTEXT() REPRESENTATION_CONTEXT('2D SPACE',''
  ) );
#4680 = PCURVE('',#3116,#4681);
#4681 = DEFINITIONAL_REPRESENTATION('',(#4682),#4727);
#4682 = B_SPLINE_CURVE_WITH_KNOTS('',7,(#4683,#4684,#4685,#4686,#4687,
    #4688,#4689,#4690,#4691,#4692,#4693,#4694,#4695,#4696,#4697,#4698,
    #4699,#4700,#4701,#4702,#4703,#4704,#4705,#4706,#4707,#4708,#4709,
    #4710,#4711,#4712,#4713,#4714,#4715,#4716,#4717,#4718,#4719,#4720,
    #4721,#4722,#4723,#4724,#4725,#4726),.UNSPECIFIED.,.F.,.F.,(8,6,6,6,
    6,6,6,8),(0.,0.133749237309,0.268450954254,0.473092975734,
    0.619549240874,0.715824572038,0.831848060593,1.),.UNSPECIFIED.);
#4683 = CARTESIAN_POINT('',(6.28318530718,-13.00100908164));
#4684 = CARTESIAN_POINT('',(6.187141090781,-13.00055107566));
#4685 = CARTESIAN_POINT('',(6.091059896082,-13.0003902509));
#4686 = CARTESIAN_POINT('',(5.994999782443,-13.00054293635));
#4687 = CARTESIAN_POINT('',(5.898954395415,-13.00099695131));
#4688 = CARTESIAN_POINT('',(5.802895011892,-13.00171263319));
#4689 = CARTESIAN_POINT('',(5.706812493324,-13.00262861821));
#4690 = CARTESIAN_POINT('',(5.514021767923,-13.00472356484));
#4691 = CARTESIAN_POINT('',(5.417273439722,-13.0059104257));
#4692 = CARTESIAN_POINT('',(5.320516966189,-13.00714572205));
#4693 = CARTESIAN_POINT('',(5.223752563548,-13.0083493466));
#4694 = CARTESIAN_POINT('',(5.126977860443,-13.00944832029));
#4695 = CARTESIAN_POINT('',(5.03018789794,-13.01037679231));
#4696 = CARTESIAN_POINT('',(4.786294891178,-13.01213835381));
#4697 = CARTESIAN_POINT('',(4.639062897442,-13.01267118859));
#4698 = CARTESIAN_POINT('',(4.491807696157,-13.01253403673));
#4699 = CARTESIAN_POINT('',(4.344615676294,-13.01170869693));
#4700 = CARTESIAN_POINT('',(4.197531067953,-13.01029927428));
#4701 = CARTESIAN_POINT('',(4.050555942364,-13.00853218025));
#4702 = CARTESIAN_POINT('',(3.798514109058,-13.00548506785));
#4703 = CARTESIAN_POINT('',(3.693331830565,-13.00419521652));
#4704 = CARTESIAN_POINT('',(3.588192730423,-13.00298955917));
#4705 = CARTESIAN_POINT('',(3.483068247359,-13.00197436334));
#4706 = CARTESIAN_POINT('',(3.3779310361,-13.00123992257));
#4707 = CARTESIAN_POINT('',(3.272753536645,-13.00084461692));
#4708 = CARTESIAN_POINT('',(3.0985153657,-13.00078128824));
#4709 = CARTESIAN_POINT('',(3.029395842871,-13.00091047039));
#4710 = CARTESIAN_POINT('',(2.960278402559,-13.00119931016));
#4711 = CARTESIAN_POINT('',(2.891163000643,-13.00164578795));
#4712 = CARTESIAN_POINT('',(2.822044882247,-13.00224026794));
#4713 = CARTESIAN_POINT('',(2.75292294683,-13.00296607589));
#4714 = CARTESIAN_POINT('',(2.600516358382,-13.00480695142));
#4715 = CARTESIAN_POINT('',(2.517219753267,-13.00597433084));
#4716 = CARTESIAN_POINT('',(2.433919603818,-13.00725760332));
#4717 = CARTESIAN_POINT('',(2.35061693518,-13.00860789562));
#4718 = CARTESIAN_POINT('',(2.267312505015,-13.00997289016));
#4719 = CARTESIAN_POINT('',(2.1840068035,-13.01129682507));
#4720 = CARTESIAN_POINT('',(1.979964228356,-13.01429394826));
#4721 = CARTESIAN_POINT('',(1.859062732643,-13.01586763476));
#4722 = CARTESIAN_POINT('',(1.738151236757,-13.01707318924));
#4723 = CARTESIAN_POINT('',(1.617218170075,-13.01778507064));
#4724 = CARTESIAN_POINT('',(1.496224109655,-13.01793533103));
#4725 = CARTESIAN_POINT('',(1.375241169126,-13.01752838538));
#4726 = CARTESIAN_POINT('',(1.254592387564,-13.01665578137));
#4727 = ( GEOMETRIC_REPRESENTATION_CONTEXT(2) 
PARAMETRIC_REPRESENTATION_CONTEXT() REPRESENTATION_CONTEXT('2D SPACE',''
  ) );
#4728 = ORIENTED_EDGE('',*,*,#4729,.T.);
#4729 = EDGE_CURVE('',#4584,#4582,#4730,.T.);
#4730 = SURFACE_CURVE('',#4731,(#4742,#4756),.PCURVE_S1.);
#4731 = B_SPLINE_CURVE_WITH_KNOTS('',5,(#4732,#4733,#4734,#4735,#4736,
    #4737,#4738,#4739,#4740,#4741),.UNSPECIFIED.,.F.,.F.,(6,4,6),(0.,
    0.596591541053,1.),.UNSPECIFIED.);
#4732 = CARTESIAN_POINT('',(-43.71118506974,-78.67959986718,
    18.665966210383));
#4733 = CARTESIAN_POINT('',(-43.9220033354,-78.48453746238,
    18.751507759728));
#4734 = CARTESIAN_POINT('',(-44.10637110216,-78.28247424449,
    18.886106935274));
#4735 = CARTESIAN_POINT('',(-44.2540670226,-78.0827755901,
    19.065255041128));
#4736 = CARTESIAN_POINT('',(-44.35837513613,-77.8942028349,
    19.280764416125));
#4737 = CARTESIAN_POINT('',(-44.45510753838,-77.6104415852,
    19.683056438699));
#4738 = CARTESIAN_POINT('',(-44.47287950051,-77.50470474163,
    19.856646127775));
#4739 = CARTESIAN_POINT('',(-44.46851715275,-77.41012320947,
    20.037972355877));
#4740 = CARTESIAN_POINT('',(-44.44207365825,-77.3286604435,
    20.223163831033));
#4741 = CARTESIAN_POINT('',(-44.39457667632,-77.26177071052,
    20.40817562201));
#4742 = PCURVE('',#2047,#4743);
#4743 = DEFINITIONAL_REPRESENTATION('',(#4744),#4755);
#4744 = B_SPLINE_CURVE_WITH_KNOTS('',5,(#4745,#4746,#4747,#4748,#4749,
    #4750,#4751,#4752,#4753,#4754),.UNSPECIFIED.,.F.,.F.,(6,4,6),(0.,
    0.596591541053,1.),.UNSPECIFIED.);
#4745 = CARTESIAN_POINT('',(4.139266292601,0.298142329119));
#4746 = CARTESIAN_POINT('',(4.135365445809,0.299485879669));
#4747 = CARTESIAN_POINT('',(4.131745780119,0.301600012457));
#4748 = CARTESIAN_POINT('',(4.128587849573,0.304414123784));
#4749 = CARTESIAN_POINT('',(4.12602881604,0.307799996547));
#4750 = CARTESIAN_POINT('',(4.12290043305,0.314122251284));
#4751 = CARTESIAN_POINT('',(4.121954016862,0.316850756382));
#4752 = CARTESIAN_POINT('',(4.121350457886,0.319701465329));
#4753 = CARTESIAN_POINT('',(4.121103777355,0.322613707812));
#4754 = CARTESIAN_POINT('',(4.121213429047,0.325523938725));
#4755 = ( GEOMETRIC_REPRESENTATION_CONTEXT(2) 
PARAMETRIC_REPRESENTATION_CONTEXT() REPRESENTATION_CONTEXT('2D SPACE',''
  ) );
#4756 = PCURVE('',#3116,#4757);
#4757 = DEFINITIONAL_REPRESENTATION('',(#4758),#4769);
#4758 = B_SPLINE_CURVE_WITH_KNOTS('',5,(#4759,#4760,#4761,#4762,#4763,
    #4764,#4765,#4766,#4767,#4768),.UNSPECIFIED.,.F.,.F.,(6,4,6),(0.,
    0.596591541053,1.),.UNSPECIFIED.);
#4759 = CARTESIAN_POINT('',(1.254592387564,-13.01665578137));
#4760 = CARTESIAN_POINT('',(1.104750917113,-13.0155720384));
#4761 = CARTESIAN_POINT('',(0.955030478272,-13.01369274315));
#4762 = CARTESIAN_POINT('',(0.805336193749,-13.01128622222));
#4763 = CARTESIAN_POINT('',(0.655641160318,-13.00871654403));
#4764 = CARTESIAN_POINT('',(0.404791623913,-13.00490652474));
#4765 = CARTESIAN_POINT('',(0.303583718173,-13.00349533617));
#4766 = CARTESIAN_POINT('',(0.202403739999,-13.00232782552));
#4767 = CARTESIAN_POINT('',(0.101192057015,-13.00149163613));
#4768 = CARTESIAN_POINT('',(0.,-13.00100908164));
#4769 = ( GEOMETRIC_REPRESENTATION_CONTEXT(2) 
PARAMETRIC_REPRESENTATION_CONTEXT() REPRESENTATION_CONTEXT('2D SPACE',''
  ) );
#4770 = FACE_BOUND('',#4771,.F.);
#4771 = EDGE_LOOP('',(#4772,#4815));
#4772 = ORIENTED_EDGE('',*,*,#4773,.T.);
#4773 = EDGE_CURVE('',#4774,#4776,#4778,.T.);
#4774 = VERTEX_POINT('',#4775);
#4775 = CARTESIAN_POINT('',(41.133273253644,-79.57778021385,
    20.408258240284));
#4776 = VERTEX_POINT('',#4777);
#4777 = CARTESIAN_POINT('',(41.588517463302,-78.35669369014,
    22.025166897865));
#4778 = SURFACE_CURVE('',#4779,(#4789,#4802),.PCURVE_S1.);
#4779 = B_SPLINE_CURVE_WITH_KNOTS('',8,(#4780,#4781,#4782,#4783,#4784,
    #4785,#4786,#4787,#4788),.UNSPECIFIED.,.F.,.F.,(9,9),(0.,1.),
  .PIECEWISE_BEZIER_KNOTS.);
#4780 = CARTESIAN_POINT('',(41.133273253644,-79.57778021385,
    20.408258240284));
#4781 = CARTESIAN_POINT('',(41.068944237224,-79.48718602119,
    20.657351623927));
#4782 = CARTESIAN_POINT('',(41.038846839912,-79.37137450539,
    20.906652490808));
#4783 = CARTESIAN_POINT('',(41.045225806443,-79.23305120949,
    21.148361314653));
#4784 = CARTESIAN_POINT('',(41.088227992455,-79.07607038269,
    21.375557797583));
#4785 = CARTESIAN_POINT('',(41.16694256209,-78.90480365788,
    21.581939498524));
#4786 = CARTESIAN_POINT('',(41.279128883109,-78.72417786112,
    21.761993779509));
#4787 = CARTESIAN_POINT('',(41.421451394315,-78.53952263066,
    21.91084735189));
#4788 = CARTESIAN_POINT('',(41.588517463302,-78.35669369014,
    22.025166897865));
#4789 = PCURVE('',#2047,#4790);
#4790 = DEFINITIONAL_REPRESENTATION('',(#4791),#4801);
#4791 = B_SPLINE_CURVE_WITH_KNOTS('',8,(#4792,#4793,#4794,#4795,#4796,
    #4797,#4798,#4799,#4800),.UNSPECIFIED.,.F.,.F.,(9,9),(0.,1.),
  .PIECEWISE_BEZIER_KNOTS.);
#4792 = CARTESIAN_POINT('',(5.244455386576,0.325525238309));
#4793 = CARTESIAN_POINT('',(5.244286524739,0.329443471488));
#4794 = CARTESIAN_POINT('',(5.244573228315,0.333366318866));
#4795 = CARTESIAN_POINT('',(5.245325922274,0.337171249178));
#4796 = CARTESIAN_POINT('',(5.246529293981,0.340749327427));
#4797 = CARTESIAN_POINT('',(5.248154670798,0.344001043972));
#4798 = CARTESIAN_POINT('',(5.250156582977,0.346839032106));
#4799 = CARTESIAN_POINT('',(5.252475391866,0.349185903211));
#4800 = CARTESIAN_POINT('',(5.255027711426,0.350988640372));
#4801 = ( GEOMETRIC_REPRESENTATION_CONTEXT(2) 
PARAMETRIC_REPRESENTATION_CONTEXT() REPRESENTATION_CONTEXT('2D SPACE',''
  ) );
#4802 = PCURVE('',#3151,#4803);
#4803 = DEFINITIONAL_REPRESENTATION('',(#4804),#4814);
#4804 = B_SPLINE_CURVE_WITH_KNOTS('',8,(#4805,#4806,#4807,#4808,#4809,
    #4810,#4811,#4812,#4813),.UNSPECIFIED.,.F.,.F.,(9,9),(0.,1.),
  .PIECEWISE_BEZIER_KNOTS.);
#4805 = CARTESIAN_POINT('',(6.28318530718,-13.00080635445));
#4806 = CARTESIAN_POINT('',(6.146809868175,-13.0007572043));
#4807 = CARTESIAN_POINT('',(6.010189225646,-13.00130118891));
#4808 = CARTESIAN_POINT('',(5.87372781732,-13.00241560418));
#4809 = CARTESIAN_POINT('',(5.737345209358,-13.0039732999));
#4810 = CARTESIAN_POINT('',(5.6009550192,-13.00576930518));
#4811 = CARTESIAN_POINT('',(5.464468214031,-13.00756646565));
#4812 = CARTESIAN_POINT('',(5.327812329334,-13.00914604167));
#4813 = CARTESIAN_POINT('',(5.191425944686,-13.01035757751));
#4814 = ( GEOMETRIC_REPRESENTATION_CONTEXT(2) 
PARAMETRIC_REPRESENTATION_CONTEXT() REPRESENTATION_CONTEXT('2D SPACE',''
  ) );
#4815 = ORIENTED_EDGE('',*,*,#4816,.T.);
#4816 = EDGE_CURVE('',#4776,#4774,#4817,.T.);
#4817 = SURFACE_CURVE('',#4818,(#4863,#4911),.PCURVE_S1.);
#4818 = B_SPLINE_CURVE_WITH_KNOTS('',8,(#4819,#4820,#4821,#4822,#4823,
    #4824,#4825,#4826,#4827,#4828,#4829,#4830,#4831,#4832,#4833,#4834,
    #4835,#4836,#4837,#4838,#4839,#4840,#4841,#4842,#4843,#4844,#4845,
    #4846,#4847,#4848,#4849,#4850,#4851,#4852,#4853,#4854,#4855,#4856,
    #4857,#4858,#4859,#4860,#4861,#4862),.UNSPECIFIED.,.F.,.F.,(9,7,7,7,
    7,7,9),(0.,0.224747839597,0.352851603961,0.464648178003,
    0.568196385797,0.873733042277,1.),.UNSPECIFIED.);
#4819 = CARTESIAN_POINT('',(41.588517463302,-78.35669369014,
    22.025166897865));
#4820 = CARTESIAN_POINT('',(41.766836307812,-78.16155026208,
    22.147186464535));
#4821 = CARTESIAN_POINT('',(41.974784519559,-77.96715566125,
    22.230444899304));
#4822 = CARTESIAN_POINT('',(42.205525861442,-77.7810249301,
    22.270511648048));
#4823 = CARTESIAN_POINT('',(42.451814452838,-77.60966642744,
    22.265074582526));
#4824 = CARTESIAN_POINT('',(42.705994769611,-77.4585818285,
    22.213940000378));
#4825 = CARTESIAN_POINT('',(42.960001644104,-77.33226612486,
    22.119032625129));
#4826 = CARTESIAN_POINT('',(43.205360265147,-77.23420762452,
    21.984395606184));
#4827 = CARTESIAN_POINT('',(43.563044409902,-77.12851648854,
    21.720315493227));
#4828 = CARTESIAN_POINT('',(43.687642304502,-77.0999544456,
    21.61332610522));
#4829 = CARTESIAN_POINT('',(43.805543427802,-77.08159935211,
    21.49624384505));
#4830 = CARTESIAN_POINT('',(43.915453092412,-77.0736693871,
    21.37023396184));
#4831 = CARTESIAN_POINT('',(44.0162010259,-77.07623595746,
    21.236578945455));
#4832 = CARTESIAN_POINT('',(44.106741048051,-77.0892360086,
    21.096665229031));
#4833 = CARTESIAN_POINT('',(44.186167757064,-77.11246406772,
    20.951983112178));
#4834 = CARTESIAN_POINT('',(44.312729665218,-77.17441300208,
    20.675116654398));
#4835 = CARTESIAN_POINT('',(44.362711298601,-77.21079645885,
    20.543635860749));
#4836 = CARTESIAN_POINT('',(44.403200945356,-77.25445528633,
    20.410756218034));
#4837 = CARTESIAN_POINT('',(44.433833767297,-77.3050679102,
    20.277537479533));
#4838 = CARTESIAN_POINT('',(44.454358028315,-77.36224395706,
    20.145037261242));
#4839 = CARTESIAN_POINT('',(44.464629552253,-77.42553009611,
    20.014306874424));
#4840 = CARTESIAN_POINT('',(44.464616877878,-77.49440805106,
    19.886386187181));
#4841 = CARTESIAN_POINT('',(44.444969884251,-77.63671087835,
    19.647364121772));
#4842 = CARTESIAN_POINT('',(44.426778103107,-77.70944183187,
    19.535691013439));
#4843 = CARTESIAN_POINT('',(44.399920719177,-77.78600657776,
    19.428094302598));
#4844 = CARTESIAN_POINT('',(44.364555810179,-77.86590774723,
    19.325337659519));
#4845 = CARTESIAN_POINT('',(44.320920579918,-77.94862166779,
    19.228132312171));
#4846 = CARTESIAN_POINT('',(44.269331358289,-78.03359836328,
    19.137137046224));
#4847 = CARTESIAN_POINT('',(44.210183601274,-78.12026155381,
    19.05295820505));
#4848 = CARTESIAN_POINT('',(43.948523927881,-78.46692145344,
    18.749513058696));
#4849 = CARTESIAN_POINT('',(43.689110856118,-78.73831473661,
    18.584366857523));
#4850 = CARTESIAN_POINT('',(43.379040951228,-79.00245925766,
    18.501231697789));
#4851 = CARTESIAN_POINT('',(43.037992880512,-79.2439683655,
    18.503863420508));
#4852 = CARTESIAN_POINT('',(42.68486943085,-79.44818447459,
    18.594323599298));
#4853 = CARTESIAN_POINT('',(42.339705612726,-79.60427028444,
    18.764970616879));
#4854 = CARTESIAN_POINT('',(42.023121585093,-79.70155032637,
    19.006442892482));
#4855 = CARTESIAN_POINT('',(41.643082849188,-79.75428584059,
    19.413448191102));
#4856 = CARTESIAN_POINT('',(41.539580146514,-79.75953881101,
    19.540956123439));
#4857 = CARTESIAN_POINT('',(41.444868437249,-79.75442907611,
    19.675691364855));
#4858 = CARTESIAN_POINT('',(41.359946753966,-79.73893464093,
    19.81630022115));
#4859 = CARTESIAN_POINT('',(41.285675375236,-79.71318108477,
    19.961361699569));
#4860 = CARTESIAN_POINT('',(41.222781900229,-79.677433272,
    20.109400531995));
#4861 = CARTESIAN_POINT('',(41.17184748688,-79.63210408994,
    20.258891954074));
#4862 = CARTESIAN_POINT('',(41.133273253644,-79.57778021385,
    20.408258240284));
#4863 = PCURVE('',#2047,#4864);
#4864 = DEFINITIONAL_REPRESENTATION('',(#4865),#4910);
#4865 = B_SPLINE_CURVE_WITH_KNOTS('',8,(#4866,#4867,#4868,#4869,#4870,
    #4871,#4872,#4873,#4874,#4875,#4876,#4877,#4878,#4879,#4880,#4881,
    #4882,#4883,#4884,#4885,#4886,#4887,#4888,#4889,#4890,#4891,#4892,
    #4893,#4894,#4895,#4896,#4897,#4898,#4899,#4900,#4901,#4902,#4903,
    #4904,#4905,#4906,#4907,#4908,#4909),.UNSPECIFIED.,.F.,.F.,(9,7,7,7,
    7,7,9),(0.,0.224747839597,0.352851603961,0.464648178003,
    0.568196385797,0.873733042277,1.),.UNSPECIFIED.);
#4866 = CARTESIAN_POINT('',(5.255027711426,0.350988640372));
#4867 = CARTESIAN_POINT('',(5.257751943089,0.352912801332));
#4868 = CARTESIAN_POINT('',(5.2607640114,0.354226223517));
#4869 = CARTESIAN_POINT('',(5.263955797185,0.354858443964));
#4870 = CARTESIAN_POINT('',(5.267220772346,0.354772693335));
#4871 = CARTESIAN_POINT('',(5.270453999864,0.353965895914));
#4872 = CARTESIAN_POINT('',(5.273552133795,0.352468669615));
#4873 = CARTESIAN_POINT('',(5.276413419274,0.350345325974));
#4874 = CARTESIAN_POINT('',(5.280376500134,0.346182569879));
#4875 = CARTESIAN_POINT('',(5.281711232333,0.34449636817));
#4876 = CARTESIAN_POINT('',(5.282925995536,0.342651478283));
#4877 = CARTESIAN_POINT('',(5.28400737904,0.340666373351));
#4878 = CARTESIAN_POINT('',(5.284944117269,0.338561351691));
#4879 = CARTESIAN_POINT('',(5.285727000927,0.336358315969));
#4880 = CARTESIAN_POINT('',(5.286349037067,0.334080766213));
#4881 = CARTESIAN_POINT('',(5.28720452723,0.329723436035));
#4882 = CARTESIAN_POINT('',(5.287477521898,0.327654599406));
#4883 = CARTESIAN_POINT('',(5.287621801334,0.32556416491));
#4884 = CARTESIAN_POINT('',(5.287636025538,0.323468795372));
#4885 = CARTESIAN_POINT('',(5.287520297191,0.32138510085));
#4886 = CARTESIAN_POINT('',(5.287276049218,0.319329576788));
#4887 = CARTESIAN_POINT('',(5.286906077966,0.317318527792));
#4888 = CARTESIAN_POINT('',(5.285959618338,0.31356133817));
#4889 = CARTESIAN_POINT('',(5.285400237892,0.311806175543));
#4890 = CARTESIAN_POINT('',(5.284740057448,0.310115275487));
#4891 = CARTESIAN_POINT('',(5.283983374547,0.308500601217));
#4892 = CARTESIAN_POINT('',(5.283135307491,0.306973292831));
#4893 = CARTESIAN_POINT('',(5.282201795338,0.305543667309));
#4894 = CARTESIAN_POINT('',(5.281189597902,0.30422121851));
#4895 = CARTESIAN_POINT('',(5.276909827919,0.299454334047));
#4896 = CARTESIAN_POINT('',(5.273056573481,0.296860604965));
#4897 = CARTESIAN_POINT('',(5.268774551058,0.295555119076));
#4898 = CARTESIAN_POINT('',(5.264322624018,0.295596402345));
#4899 = CARTESIAN_POINT('',(5.259945802908,0.297017059222));
#4900 = CARTESIAN_POINT('',(5.255880884999,0.299696983611));
#4901 = CARTESIAN_POINT('',(5.252374155944,0.303490031959));
#4902 = CARTESIAN_POINT('',(5.248475171008,0.309885189034));
#4903 = CARTESIAN_POINT('',(5.247457472627,0.311888878569));
#4904 = CARTESIAN_POINT('',(5.246574377123,0.314006387102));
#4905 = CARTESIAN_POINT('',(5.245835756095,0.316216512366));
#4906 = CARTESIAN_POINT('',(5.245249549571,0.31849699174));
#4907 = CARTESIAN_POINT('',(5.244821841294,0.320824698975));
#4908 = CARTESIAN_POINT('',(5.24455664284,0.323175710072));
#4909 = CARTESIAN_POINT('',(5.244455386576,0.325525238309));
#4910 = ( GEOMETRIC_REPRESENTATION_CONTEXT(2) 
PARAMETRIC_REPRESENTATION_CONTEXT() REPRESENTATION_CONTEXT('2D SPACE',''
  ) );
#4911 = PCURVE('',#3151,#4912);
#4912 = DEFINITIONAL_REPRESENTATION('',(#4913),#4958);
#4913 = B_SPLINE_CURVE_WITH_KNOTS('',8,(#4914,#4915,#4916,#4917,#4918,
    #4919,#4920,#4921,#4922,#4923,#4924,#4925,#4926,#4927,#4928,#4929,
    #4930,#4931,#4932,#4933,#4934,#4935,#4936,#4937,#4938,#4939,#4940,
    #4941,#4942,#4943,#4944,#4945,#4946,#4947,#4948,#4949,#4950,#4951,
    #4952,#4953,#4954,#4955,#4956,#4957),.UNSPECIFIED.,.F.,.F.,(9,7,7,7,
    7,7,9),(0.,0.224747839597,0.352851603961,0.464648178003,
    0.568196385797,0.873733042277,1.),.UNSPECIFIED.);
#4914 = CARTESIAN_POINT('',(5.191425944686,-13.01035757751));
#4915 = CARTESIAN_POINT('',(5.045853222082,-13.01165071665));
#4916 = CARTESIAN_POINT('',(4.899937265319,-13.01251760397));
#4917 = CARTESIAN_POINT('',(4.753791421395,-13.01278270366));
#4918 = CARTESIAN_POINT('',(4.607530640194,-13.01237327754));
#4919 = CARTESIAN_POINT('',(4.461271474478,-13.01131938498));
#4920 = CARTESIAN_POINT('',(4.315132079896,-13.00975388297));
#4921 = CARTESIAN_POINT('',(4.169232214976,-13.0079124261));
#4922 = CARTESIAN_POINT('',(3.940737647676,-13.0051194794));
#4923 = CARTESIAN_POINT('',(3.857764258898,-13.00411232247));
#4924 = CARTESIAN_POINT('',(3.77480365889,-13.00315916394));
#4925 = CARTESIAN_POINT('',(3.691857267379,-13.0023071822));
#4926 = CARTESIAN_POINT('',(3.608912185546,-13.00159927964));
#4927 = CARTESIAN_POINT('',(3.525955773804,-13.00107050633));
#4928 = CARTESIAN_POINT('',(3.442989961542,-13.00074519353));
#4929 = CARTESIAN_POINT('',(3.287659201737,-13.00053845408));
#4930 = CARTESIAN_POINT('',(3.215261781119,-13.00060576064));
#4931 = CARTESIAN_POINT('',(3.142870316034,-13.00084456777));
#4932 = CARTESIAN_POINT('',(3.070486430876,-13.00125531653));
#4933 = CARTESIAN_POINT('',(2.998103764515,-13.00183074727));
#4934 = CARTESIAN_POINT('',(2.925715455005,-13.0025561786));
#4935 = CARTESIAN_POINT('',(2.853321429851,-13.00341035628));
#4936 = CARTESIAN_POINT('',(2.713890217324,-13.00525281593));
#4937 = CARTESIAN_POINT('',(2.646842445533,-13.00622809328));
#4938 = CARTESIAN_POINT('',(2.579792678527,-13.00726910996));
#4939 = CARTESIAN_POINT('',(2.512741371407,-13.00835139453));
#4940 = CARTESIAN_POINT('',(2.445688942317,-13.00944959826));
#4941 = CARTESIAN_POINT('',(2.378635772443,-13.0105374951));
#4942 = CARTESIAN_POINT('',(2.311582206011,-13.01158798167));
#4943 = CARTESIAN_POINT('',(2.046675297119,-13.0154797701));
#4944 = CARTESIAN_POINT('',(1.846567804847,-13.01786361486));
#4945 = CARTESIAN_POINT('',(1.647841270894,-13.0190048799));
#4946 = CARTESIAN_POINT('',(1.449279640775,-13.01842519487));
#4947 = CARTESIAN_POINT('',(1.250758785246,-13.01620403132));
#4948 = CARTESIAN_POINT('',(1.052121430189,-13.01293215493));
#4949 = CARTESIAN_POINT('',(0.852160649874,-13.00947140926));
#4950 = CARTESIAN_POINT('',(0.572497414774,-13.00526568844));
#4951 = CARTESIAN_POINT('',(0.490699903426,-13.00411298788));
#4952 = CARTESIAN_POINT('',(0.408912201224,-13.00308285043));
#4953 = CARTESIAN_POINT('',(0.327136136114,-13.0022151365));
#4954 = CARTESIAN_POINT('',(0.245360107294,-13.00154061317));
#4955 = CARTESIAN_POINT('',(0.163572676946,-13.00107860711));
#4956 = CARTESIAN_POINT('',(8.177612972456E-02,-13.00083582684));
#4957 = CARTESIAN_POINT('',(0.,-13.00080635445));
#4958 = ( GEOMETRIC_REPRESENTATION_CONTEXT(2) 
PARAMETRIC_REPRESENTATION_CONTEXT() REPRESENTATION_CONTEXT('2D SPACE',''
  ) );
#4959 = ADVANCED_FACE('',(#4960),#2934,.F.);
#4960 = FACE_BOUND('',#4961,.F.);
#4961 = EDGE_LOOP('',(#4962,#4963,#4964,#4965));
#4962 = ORIENTED_EDGE('',*,*,#2972,.F.);
#4963 = ORIENTED_EDGE('',*,*,#2918,.T.);
#4964 = ORIENTED_EDGE('',*,*,#3070,.T.);
#4965 = ORIENTED_EDGE('',*,*,#3043,.F.);
#4966 = ADVANCED_FACE('',(#4967),#3116,.F.);
#4967 = FACE_BOUND('',#4968,.F.);
#4968 = EDGE_LOOP('',(#4969,#4970,#4991,#4992,#4993));
#4969 = ORIENTED_EDGE('',*,*,#3099,.F.);
#4970 = ORIENTED_EDGE('',*,*,#4971,.T.);
#4971 = EDGE_CURVE('',#3100,#4582,#4972,.T.);
#4972 = SEAM_CURVE('',#4973,(#4977,#4984),.PCURVE_S1.);
#4973 = LINE('',#4974,#4975);
#4974 = CARTESIAN_POINT('',(-51.26827095256,-86.94195576777,
    25.706532102592));
#4975 = VECTOR('',#4976,1.);
#4976 = DIRECTION('',(0.528704674619,0.744571824884,-0.407534249635));
#4977 = PCURVE('',#3116,#4978);
#4978 = DEFINITIONAL_REPRESENTATION('',(#4979),#4983);
#4979 = LINE('',#4980,#4981);
#4980 = CARTESIAN_POINT('',(6.28318530718,0.));
#4981 = VECTOR('',#4982,1.);
#4982 = DIRECTION('',(0.,-1.));
#4983 = ( GEOMETRIC_REPRESENTATION_CONTEXT(2) 
PARAMETRIC_REPRESENTATION_CONTEXT() REPRESENTATION_CONTEXT('2D SPACE',''
  ) );
#4984 = PCURVE('',#3116,#4985);
#4985 = DEFINITIONAL_REPRESENTATION('',(#4986),#4990);
#4986 = LINE('',#4987,#4988);
#4987 = CARTESIAN_POINT('',(0.,0.));
#4988 = VECTOR('',#4989,1.);
#4989 = DIRECTION('',(0.,-1.));
#4990 = ( GEOMETRIC_REPRESENTATION_CONTEXT(2) 
PARAMETRIC_REPRESENTATION_CONTEXT() REPRESENTATION_CONTEXT('2D SPACE',''
  ) );
#4991 = ORIENTED_EDGE('',*,*,#4729,.F.);
#4992 = ORIENTED_EDGE('',*,*,#4581,.F.);
#4993 = ORIENTED_EDGE('',*,*,#4971,.F.);
#4994 = ADVANCED_FACE('',(#4995),#3151,.F.);
#4995 = FACE_BOUND('',#4996,.F.);
#4996 = EDGE_LOOP('',(#4997,#4998,#5019,#5020,#5021));
#4997 = ORIENTED_EDGE('',*,*,#3134,.F.);
#4998 = ORIENTED_EDGE('',*,*,#4999,.T.);
#4999 = EDGE_CURVE('',#3135,#4774,#5000,.T.);
#5000 = SEAM_CURVE('',#5001,(#5005,#5012),.PCURVE_S1.);
#5001 = LINE('',#5002,#5003);
#5002 = CARTESIAN_POINT('',(48.006860347066,-89.25781432614,
    25.706532102592));
#5003 = VECTOR('',#5004,1.);
#5004 = DIRECTION('',(-0.528704674619,0.744571824884,-0.407534249635));
#5005 = PCURVE('',#3151,#5006);
#5006 = DEFINITIONAL_REPRESENTATION('',(#5007),#5011);
#5007 = LINE('',#5008,#5009);
#5008 = CARTESIAN_POINT('',(6.28318530718,0.));
#5009 = VECTOR('',#5010,1.);
#5010 = DIRECTION('',(0.,-1.));
#5011 = ( GEOMETRIC_REPRESENTATION_CONTEXT(2) 
PARAMETRIC_REPRESENTATION_CONTEXT() REPRESENTATION_CONTEXT('2D SPACE',''
  ) );
#5012 = PCURVE('',#3151,#5013);
#5013 = DEFINITIONAL_REPRESENTATION('',(#5014),#5018);
#5014 = LINE('',#5015,#5016);
#5015 = CARTESIAN_POINT('',(0.,0.));
#5016 = VECTOR('',#5017,1.);
#5017 = DIRECTION('',(0.,-1.));
#5018 = ( GEOMETRIC_REPRESENTATION_CONTEXT(2) 
PARAMETRIC_REPRESENTATION_CONTEXT() REPRESENTATION_CONTEXT('2D SPACE',''
  ) );
#5019 = ORIENTED_EDGE('',*,*,#4816,.F.);
#5020 = ORIENTED_EDGE('',*,*,#4773,.F.);
#5021 = ORIENTED_EDGE('',*,*,#4999,.F.);
#5022 = ADVANCED_FACE('',(#5023),#3253,.F.);
#5023 = FACE_BOUND('',#5024,.F.);
#5024 = EDGE_LOOP('',(#5025,#5048,#5049,#5072));
#5025 = ORIENTED_EDGE('',*,*,#5026,.F.);
#5026 = EDGE_CURVE('',#3220,#5027,#5029,.T.);
#5027 = VERTEX_POINT('',#5028);
#5028 = CARTESIAN_POINT('',(-30.,-55.,11.));
#5029 = SURFACE_CURVE('',#5030,(#5034,#5041),.PCURVE_S1.);
#5030 = LINE('',#5031,#5032);
#5031 = CARTESIAN_POINT('',(-30.,-101.,11.));
#5032 = VECTOR('',#5033,1.);
#5033 = DIRECTION('',(-0.,1.,0.));
#5034 = PCURVE('',#3253,#5035);
#5035 = DEFINITIONAL_REPRESENTATION('',(#5036),#5040);
#5036 = LINE('',#5037,#5038);
#5037 = CARTESIAN_POINT('',(3.,0.));
#5038 = VECTOR('',#5039,1.);
#5039 = DIRECTION('',(0.,-1.));
#5040 = ( GEOMETRIC_REPRESENTATION_CONTEXT(2) 
PARAMETRIC_REPRESENTATION_CONTEXT() REPRESENTATION_CONTEXT('2D SPACE',''
  ) );
#5041 = PCURVE('',#3323,#5042);
#5042 = DEFINITIONAL_REPRESENTATION('',(#5043),#5047);
#5043 = LINE('',#5044,#5045);
#5044 = CARTESIAN_POINT('',(0.,0.));
#5045 = VECTOR('',#5046,1.);
#5046 = DIRECTION('',(0.,1.));
#5047 = ( GEOMETRIC_REPRESENTATION_CONTEXT(2) 
PARAMETRIC_REPRESENTATION_CONTEXT() REPRESENTATION_CONTEXT('2D SPACE',''
  ) );
#5048 = ORIENTED_EDGE('',*,*,#3219,.T.);
#5049 = ORIENTED_EDGE('',*,*,#5050,.T.);
#5050 = EDGE_CURVE('',#3222,#5051,#5053,.T.);
#5051 = VERTEX_POINT('',#5052);
#5052 = CARTESIAN_POINT('',(-30.,-55.,8.));
#5053 = SURFACE_CURVE('',#5054,(#5058,#5065),.PCURVE_S1.);
#5054 = LINE('',#5055,#5056);
#5055 = CARTESIAN_POINT('',(-30.,-101.,8.));
#5056 = VECTOR('',#5057,1.);
#5057 = DIRECTION('',(-0.,1.,0.));
#5058 = PCURVE('',#3253,#5059);
#5059 = DEFINITIONAL_REPRESENTATION('',(#5060),#5064);
#5060 = LINE('',#5061,#5062);
#5061 = CARTESIAN_POINT('',(0.,0.));
#5062 = VECTOR('',#5063,1.);
#5063 = DIRECTION('',(0.,-1.));
#5064 = ( GEOMETRIC_REPRESENTATION_CONTEXT(2) 
PARAMETRIC_REPRESENTATION_CONTEXT() REPRESENTATION_CONTEXT('2D SPACE',''
  ) );
#5065 = PCURVE('',#4545,#5066);
#5066 = DEFINITIONAL_REPRESENTATION('',(#5067),#5071);
#5067 = LINE('',#5068,#5069);
#5068 = CARTESIAN_POINT('',(0.,0.));
#5069 = VECTOR('',#5070,1.);
#5070 = DIRECTION('',(0.,1.));
#5071 = ( GEOMETRIC_REPRESENTATION_CONTEXT(2) 
PARAMETRIC_REPRESENTATION_CONTEXT() REPRESENTATION_CONTEXT('2D SPACE',''
  ) );
#5072 = ORIENTED_EDGE('',*,*,#5073,.T.);
#5073 = EDGE_CURVE('',#5051,#5027,#5074,.T.);
#5074 = SURFACE_CURVE('',#5075,(#5079,#5086),.PCURVE_S1.);
#5075 = LINE('',#5076,#5077);
#5076 = CARTESIAN_POINT('',(-30.,-55.,8.));
#5077 = VECTOR('',#5078,1.);
#5078 = DIRECTION('',(0.,0.,1.));
#5079 = PCURVE('',#3253,#5080);
#5080 = DEFINITIONAL_REPRESENTATION('',(#5081),#5085);
#5081 = LINE('',#5082,#5083);
#5082 = CARTESIAN_POINT('',(0.,-46.));
#5083 = VECTOR('',#5084,1.);
#5084 = DIRECTION('',(1.,0.));
#5085 = ( GEOMETRIC_REPRESENTATION_CONTEXT(2) 
PARAMETRIC_REPRESENTATION_CONTEXT() REPRESENTATION_CONTEXT('2D SPACE',''
  ) );
#5086 = PCURVE('',#5087,#5092);
#5087 = PLANE('',#5088);
#5088 = AXIS2_PLACEMENT_3D('',#5089,#5090,#5091);
#5089 = CARTESIAN_POINT('',(-30.,-55.,8.));
#5090 = DIRECTION('',(-0.,1.,0.));
#5091 = DIRECTION('',(0.,0.,1.));
#5092 = DEFINITIONAL_REPRESENTATION('',(#5093),#5097);
#5093 = LINE('',#5094,#5095);
#5094 = CARTESIAN_POINT('',(0.,0.));
#5095 = VECTOR('',#5096,1.);
#5096 = DIRECTION('',(1.,0.));
#5097 = ( GEOMETRIC_REPRESENTATION_CONTEXT(2) 
PARAMETRIC_REPRESENTATION_CONTEXT() REPRESENTATION_CONTEXT('2D SPACE',''
  ) );
#5098 = ADVANCED_FACE('',(#5099),#4545,.F.);
#5099 = FACE_BOUND('',#5100,.F.);
#5100 = EDGE_LOOP('',(#5101,#5102,#5103,#5126));
#5101 = ORIENTED_EDGE('',*,*,#5050,.F.);
#5102 = ORIENTED_EDGE('',*,*,#4497,.F.);
#5103 = ORIENTED_EDGE('',*,*,#5104,.T.);
#5104 = EDGE_CURVE('',#4446,#5105,#5107,.T.);
#5105 = VERTEX_POINT('',#5106);
#5106 = CARTESIAN_POINT('',(30.,-55.,8.));
#5107 = SURFACE_CURVE('',#5108,(#5112,#5119),.PCURVE_S1.);
#5108 = LINE('',#5109,#5110);
#5109 = CARTESIAN_POINT('',(30.,-101.,8.));
#5110 = VECTOR('',#5111,1.);
#5111 = DIRECTION('',(-0.,1.,0.));
#5112 = PCURVE('',#4545,#5113);
#5113 = DEFINITIONAL_REPRESENTATION('',(#5114),#5118);
#5114 = LINE('',#5115,#5116);
#5115 = CARTESIAN_POINT('',(60.,0.));
#5116 = VECTOR('',#5117,1.);
#5117 = DIRECTION('',(0.,1.));
#5118 = ( GEOMETRIC_REPRESENTATION_CONTEXT(2) 
PARAMETRIC_REPRESENTATION_CONTEXT() REPRESENTATION_CONTEXT('2D SPACE',''
  ) );
#5119 = PCURVE('',#4477,#5120);
#5120 = DEFINITIONAL_REPRESENTATION('',(#5121),#5125);
#5121 = LINE('',#5122,#5123);
#5122 = CARTESIAN_POINT('',(0.,0.));
#5123 = VECTOR('',#5124,1.);
#5124 = DIRECTION('',(0.,-1.));
#5125 = ( GEOMETRIC_REPRESENTATION_CONTEXT(2) 
PARAMETRIC_REPRESENTATION_CONTEXT() REPRESENTATION_CONTEXT('2D SPACE',''
  ) );
#5126 = ORIENTED_EDGE('',*,*,#5127,.F.);
#5127 = EDGE_CURVE('',#5051,#5105,#5128,.T.);
#5128 = SURFACE_CURVE('',#5129,(#5133,#5140),.PCURVE_S1.);
#5129 = LINE('',#5130,#5131);
#5130 = CARTESIAN_POINT('',(-30.,-55.,8.));
#5131 = VECTOR('',#5132,1.);
#5132 = DIRECTION('',(1.,0.,-0.));
#5133 = PCURVE('',#4545,#5134);
#5134 = DEFINITIONAL_REPRESENTATION('',(#5135),#5139);
#5135 = LINE('',#5136,#5137);
#5136 = CARTESIAN_POINT('',(0.,46.));
#5137 = VECTOR('',#5138,1.);
#5138 = DIRECTION('',(1.,0.));
#5139 = ( GEOMETRIC_REPRESENTATION_CONTEXT(2) 
PARAMETRIC_REPRESENTATION_CONTEXT() REPRESENTATION_CONTEXT('2D SPACE',''
  ) );
#5140 = PCURVE('',#5087,#5141);
#5141 = DEFINITIONAL_REPRESENTATION('',(#5142),#5146);
#5142 = LINE('',#5143,#5144);
#5143 = CARTESIAN_POINT('',(0.,0.));
#5144 = VECTOR('',#5145,1.);
#5145 = DIRECTION('',(0.,1.));
#5146 = ( GEOMETRIC_REPRESENTATION_CONTEXT(2) 
PARAMETRIC_REPRESENTATION_CONTEXT() REPRESENTATION_CONTEXT('2D SPACE',''
  ) );
#5147 = ADVANCED_FACE('',(#5148),#4477,.T.);
#5148 = FACE_BOUND('',#5149,.T.);
#5149 = EDGE_LOOP('',(#5150,#5173,#5174,#5175));
#5150 = ORIENTED_EDGE('',*,*,#5151,.F.);
#5151 = EDGE_CURVE('',#4372,#5152,#5154,.T.);
#5152 = VERTEX_POINT('',#5153);
#5153 = CARTESIAN_POINT('',(30.,-55.,11.));
#5154 = SURFACE_CURVE('',#5155,(#5159,#5166),.PCURVE_S1.);
#5155 = LINE('',#5156,#5157);
#5156 = CARTESIAN_POINT('',(30.,-101.,11.));
#5157 = VECTOR('',#5158,1.);
#5158 = DIRECTION('',(-0.,1.,0.));
#5159 = PCURVE('',#4477,#5160);
#5160 = DEFINITIONAL_REPRESENTATION('',(#5161),#5165);
#5161 = LINE('',#5162,#5163);
#5162 = CARTESIAN_POINT('',(3.,0.));
#5163 = VECTOR('',#5164,1.);
#5164 = DIRECTION('',(0.,-1.));
#5165 = ( GEOMETRIC_REPRESENTATION_CONTEXT(2) 
PARAMETRIC_REPRESENTATION_CONTEXT() REPRESENTATION_CONTEXT('2D SPACE',''
  ) );
#5166 = PCURVE('',#3323,#5167);
#5167 = DEFINITIONAL_REPRESENTATION('',(#5168),#5172);
#5168 = LINE('',#5169,#5170);
#5169 = CARTESIAN_POINT('',(60.,0.));
#5170 = VECTOR('',#5171,1.);
#5171 = DIRECTION('',(0.,1.));
#5172 = ( GEOMETRIC_REPRESENTATION_CONTEXT(2) 
PARAMETRIC_REPRESENTATION_CONTEXT() REPRESENTATION_CONTEXT('2D SPACE',''
  ) );
#5173 = ORIENTED_EDGE('',*,*,#4445,.F.);
#5174 = ORIENTED_EDGE('',*,*,#5104,.T.);
#5175 = ORIENTED_EDGE('',*,*,#5176,.T.);
#5176 = EDGE_CURVE('',#5105,#5152,#5177,.T.);
#5177 = SURFACE_CURVE('',#5178,(#5182,#5189),.PCURVE_S1.);
#5178 = LINE('',#5179,#5180);
#5179 = CARTESIAN_POINT('',(30.,-55.,8.));
#5180 = VECTOR('',#5181,1.);
#5181 = DIRECTION('',(0.,0.,1.));
#5182 = PCURVE('',#4477,#5183);
#5183 = DEFINITIONAL_REPRESENTATION('',(#5184),#5188);
#5184 = LINE('',#5185,#5186);
#5185 = CARTESIAN_POINT('',(0.,-46.));
#5186 = VECTOR('',#5187,1.);
#5187 = DIRECTION('',(1.,0.));
#5188 = ( GEOMETRIC_REPRESENTATION_CONTEXT(2) 
PARAMETRIC_REPRESENTATION_CONTEXT() REPRESENTATION_CONTEXT('2D SPACE',''
  ) );
#5189 = PCURVE('',#5087,#5190);
#5190 = DEFINITIONAL_REPRESENTATION('',(#5191),#5195);
#5191 = LINE('',#5192,#5193);
#5192 = CARTESIAN_POINT('',(0.,60.));
#5193 = VECTOR('',#5194,1.);
#5194 = DIRECTION('',(1.,0.));
#5195 = ( GEOMETRIC_REPRESENTATION_CONTEXT(2) 
PARAMETRIC_REPRESENTATION_CONTEXT() REPRESENTATION_CONTEXT('2D SPACE',''
  ) );
#5196 = ADVANCED_FACE('',(#5197,#5317,#5348),#3323,.T.);
#5197 = FACE_BOUND('',#5198,.T.);
#5198 = EDGE_LOOP('',(#5199,#5200,#5201,#5225,#5247,#5248,#5272,#5294,
    #5295,#5296));
#5199 = ORIENTED_EDGE('',*,*,#5026,.F.);
#5200 = ORIENTED_EDGE('',*,*,#3273,.F.);
#5201 = ORIENTED_EDGE('',*,*,#5202,.F.);
#5202 = EDGE_CURVE('',#5203,#3274,#5205,.T.);
#5203 = VERTEX_POINT('',#5204);
#5204 = CARTESIAN_POINT('',(-21.5,-90.,11.));
#5205 = SURFACE_CURVE('',#5206,(#5211,#5218),.PCURVE_S1.);
#5206 = CIRCLE('',#5207,2.);
#5207 = AXIS2_PLACEMENT_3D('',#5208,#5209,#5210);
#5208 = CARTESIAN_POINT('',(-23.5,-90.,11.));
#5209 = DIRECTION('',(0.,0.,1.));
#5210 = DIRECTION('',(1.,0.,-0.));
#5211 = PCURVE('',#3323,#5212);
#5212 = DEFINITIONAL_REPRESENTATION('',(#5213),#5217);
#5213 = CIRCLE('',#5214,2.);
#5214 = AXIS2_PLACEMENT_2D('',#5215,#5216);
#5215 = CARTESIAN_POINT('',(6.5,11.));
#5216 = DIRECTION('',(1.,0.));
#5217 = ( GEOMETRIC_REPRESENTATION_CONTEXT(2) 
PARAMETRIC_REPRESENTATION_CONTEXT() REPRESENTATION_CONTEXT('2D SPACE',''
  ) );
#5218 = PCURVE('',#3408,#5219);
#5219 = DEFINITIONAL_REPRESENTATION('',(#5220),#5224);
#5220 = LINE('',#5221,#5222);
#5221 = CARTESIAN_POINT('',(0.,0.));
#5222 = VECTOR('',#5223,1.);
#5223 = DIRECTION('',(1.,0.));
#5224 = ( GEOMETRIC_REPRESENTATION_CONTEXT(2) 
PARAMETRIC_REPRESENTATION_CONTEXT() REPRESENTATION_CONTEXT('2D SPACE',''
  ) );
#5225 = ORIENTED_EDGE('',*,*,#5226,.F.);
#5226 = EDGE_CURVE('',#3748,#5203,#5227,.T.);
#5227 = SURFACE_CURVE('',#5228,(#5233,#5240),.PCURVE_S1.);
#5228 = CIRCLE('',#5229,2.);
#5229 = AXIS2_PLACEMENT_3D('',#5230,#5231,#5232);
#5230 = CARTESIAN_POINT('',(-23.5,-90.,11.));
#5231 = DIRECTION('',(0.,0.,1.));
#5232 = DIRECTION('',(1.,0.,-0.));
#5233 = PCURVE('',#3323,#5234);
#5234 = DEFINITIONAL_REPRESENTATION('',(#5235),#5239);
#5235 = CIRCLE('',#5236,2.);
#5236 = AXIS2_PLACEMENT_2D('',#5237,#5238);
#5237 = CARTESIAN_POINT('',(6.5,11.));
#5238 = DIRECTION('',(1.,0.));
#5239 = ( GEOMETRIC_REPRESENTATION_CONTEXT(2) 
PARAMETRIC_REPRESENTATION_CONTEXT() REPRESENTATION_CONTEXT('2D SPACE',''
  ) );
#5240 = PCURVE('',#3726,#5241);
#5241 = DEFINITIONAL_REPRESENTATION('',(#5242),#5246);
#5242 = LINE('',#5243,#5244);
#5243 = CARTESIAN_POINT('',(0.,0.));
#5244 = VECTOR('',#5245,1.);
#5245 = DIRECTION('',(1.,0.));
#5246 = ( GEOMETRIC_REPRESENTATION_CONTEXT(2) 
PARAMETRIC_REPRESENTATION_CONTEXT() REPRESENTATION_CONTEXT('2D SPACE',''
  ) );
#5247 = ORIENTED_EDGE('',*,*,#3803,.F.);
#5248 = ORIENTED_EDGE('',*,*,#5249,.F.);
#5249 = EDGE_CURVE('',#5250,#3804,#5252,.T.);
#5250 = VERTEX_POINT('',#5251);
#5251 = CARTESIAN_POINT('',(25.5,-90.,11.));
#5252 = SURFACE_CURVE('',#5253,(#5258,#5265),.PCURVE_S1.);
#5253 = CIRCLE('',#5254,2.);
#5254 = AXIS2_PLACEMENT_3D('',#5255,#5256,#5257);
#5255 = CARTESIAN_POINT('',(23.5,-90.,11.));
#5256 = DIRECTION('',(0.,0.,1.));
#5257 = DIRECTION('',(1.,0.,-0.));
#5258 = PCURVE('',#3323,#5259);
#5259 = DEFINITIONAL_REPRESENTATION('',(#5260),#5264);
#5260 = CIRCLE('',#5261,2.);
#5261 = AXIS2_PLACEMENT_2D('',#5262,#5263);
#5262 = CARTESIAN_POINT('',(53.5,11.));
#5263 = DIRECTION('',(1.,0.));
#5264 = ( GEOMETRIC_REPRESENTATION_CONTEXT(2) 
PARAMETRIC_REPRESENTATION_CONTEXT() REPRESENTATION_CONTEXT('2D SPACE',''
  ) );
#5265 = PCURVE('',#3933,#5266);
#5266 = DEFINITIONAL_REPRESENTATION('',(#5267),#5271);
#5267 = LINE('',#5268,#5269);
#5268 = CARTESIAN_POINT('',(0.,0.));
#5269 = VECTOR('',#5270,1.);
#5270 = DIRECTION('',(1.,0.));
#5271 = ( GEOMETRIC_REPRESENTATION_CONTEXT(2) 
PARAMETRIC_REPRESENTATION_CONTEXT() REPRESENTATION_CONTEXT('2D SPACE',''
  ) );
#5272 = ORIENTED_EDGE('',*,*,#5273,.F.);
#5273 = EDGE_CURVE('',#4307,#5250,#5274,.T.);
#5274 = SURFACE_CURVE('',#5275,(#5280,#5287),.PCURVE_S1.);
#5275 = CIRCLE('',#5276,2.);
#5276 = AXIS2_PLACEMENT_3D('',#5277,#5278,#5279);
#5277 = CARTESIAN_POINT('',(23.5,-90.,11.));
#5278 = DIRECTION('',(0.,0.,1.));
#5279 = DIRECTION('',(1.,0.,-0.));
#5280 = PCURVE('',#3323,#5281);
#5281 = DEFINITIONAL_REPRESENTATION('',(#5282),#5286);
#5282 = CIRCLE('',#5283,2.);
#5283 = AXIS2_PLACEMENT_2D('',#5284,#5285);
#5284 = CARTESIAN_POINT('',(53.5,11.));
#5285 = DIRECTION('',(1.,0.));
#5286 = ( GEOMETRIC_REPRESENTATION_CONTEXT(2) 
PARAMETRIC_REPRESENTATION_CONTEXT() REPRESENTATION_CONTEXT('2D SPACE',''
  ) );
#5287 = PCURVE('',#4290,#5288);
#5288 = DEFINITIONAL_REPRESENTATION('',(#5289),#5293);
#5289 = LINE('',#5290,#5291);
#5290 = CARTESIAN_POINT('',(0.,0.));
#5291 = VECTOR('',#5292,1.);
#5292 = DIRECTION('',(1.,0.));
#5293 = ( GEOMETRIC_REPRESENTATION_CONTEXT(2) 
PARAMETRIC_REPRESENTATION_CONTEXT() REPRESENTATION_CONTEXT('2D SPACE',''
  ) );
#5294 = ORIENTED_EDGE('',*,*,#4371,.F.);
#5295 = ORIENTED_EDGE('',*,*,#5151,.T.);
#5296 = ORIENTED_EDGE('',*,*,#5297,.F.);
#5297 = EDGE_CURVE('',#5027,#5152,#5298,.T.);
#5298 = SURFACE_CURVE('',#5299,(#5303,#5310),.PCURVE_S1.);
#5299 = LINE('',#5300,#5301);
#5300 = CARTESIAN_POINT('',(-30.,-55.,11.));
#5301 = VECTOR('',#5302,1.);
#5302 = DIRECTION('',(1.,0.,-0.));
#5303 = PCURVE('',#3323,#5304);
#5304 = DEFINITIONAL_REPRESENTATION('',(#5305),#5309);
#5305 = LINE('',#5306,#5307);
#5306 = CARTESIAN_POINT('',(0.,46.));
#5307 = VECTOR('',#5308,1.);
#5308 = DIRECTION('',(1.,0.));
#5309 = ( GEOMETRIC_REPRESENTATION_CONTEXT(2) 
PARAMETRIC_REPRESENTATION_CONTEXT() REPRESENTATION_CONTEXT('2D SPACE',''
  ) );
#5310 = PCURVE('',#5087,#5311);
#5311 = DEFINITIONAL_REPRESENTATION('',(#5312),#5316);
#5312 = LINE('',#5313,#5314);
#5313 = CARTESIAN_POINT('',(3.,0.));
#5314 = VECTOR('',#5315,1.);
#5315 = DIRECTION('',(0.,1.));
#5316 = ( GEOMETRIC_REPRESENTATION_CONTEXT(2) 
PARAMETRIC_REPRESENTATION_CONTEXT() REPRESENTATION_CONTEXT('2D SPACE',''
  ) );
#5317 = FACE_BOUND('',#5318,.T.);
#5318 = EDGE_LOOP('',(#5319));
#5319 = ORIENTED_EDGE('',*,*,#5320,.F.);
#5320 = EDGE_CURVE('',#5321,#5321,#5323,.T.);
#5321 = VERTEX_POINT('',#5322);
#5322 = CARTESIAN_POINT('',(-21.5,-70.,11.));
#5323 = SURFACE_CURVE('',#5324,(#5329,#5336),.PCURVE_S1.);
#5324 = CIRCLE('',#5325,2.);
#5325 = AXIS2_PLACEMENT_3D('',#5326,#5327,#5328);
#5326 = CARTESIAN_POINT('',(-23.5,-70.,11.));
#5327 = DIRECTION('',(0.,0.,1.));
#5328 = DIRECTION('',(1.,0.,-0.));
#5329 = PCURVE('',#3323,#5330);
#5330 = DEFINITIONAL_REPRESENTATION('',(#5331),#5335);
#5331 = CIRCLE('',#5332,2.);
#5332 = AXIS2_PLACEMENT_2D('',#5333,#5334);
#5333 = CARTESIAN_POINT('',(6.5,31.));
#5334 = DIRECTION('',(1.,0.));
#5335 = ( GEOMETRIC_REPRESENTATION_CONTEXT(2) 
PARAMETRIC_REPRESENTATION_CONTEXT() REPRESENTATION_CONTEXT('2D SPACE',''
  ) );
#5336 = PCURVE('',#5337,#5342);
#5337 = CYLINDRICAL_SURFACE('',#5338,2.);
#5338 = AXIS2_PLACEMENT_3D('',#5339,#5340,#5341);
#5339 = CARTESIAN_POINT('',(-23.5,-70.,11.));
#5340 = DIRECTION('',(0.,0.,1.));
#5341 = DIRECTION('',(1.,0.,-0.));
#5342 = DEFINITIONAL_REPRESENTATION('',(#5343),#5347);
#5343 = LINE('',#5344,#5345);
#5344 = CARTESIAN_POINT('',(0.,0.));
#5345 = VECTOR('',#5346,1.);
#5346 = DIRECTION('',(1.,0.));
#5347 = ( GEOMETRIC_REPRESENTATION_CONTEXT(2) 
PARAMETRIC_REPRESENTATION_CONTEXT() REPRESENTATION_CONTEXT('2D SPACE',''
  ) );
#5348 = FACE_BOUND('',#5349,.T.);
#5349 = EDGE_LOOP('',(#5350));
#5350 = ORIENTED_EDGE('',*,*,#5351,.F.);
#5351 = EDGE_CURVE('',#5352,#5352,#5354,.T.);
#5352 = VERTEX_POINT('',#5353);
#5353 = CARTESIAN_POINT('',(25.5,-70.,11.));
#5354 = SURFACE_CURVE('',#5355,(#5360,#5367),.PCURVE_S1.);
#5355 = CIRCLE('',#5356,2.);
#5356 = AXIS2_PLACEMENT_3D('',#5357,#5358,#5359);
#5357 = CARTESIAN_POINT('',(23.5,-70.,11.));
#5358 = DIRECTION('',(0.,0.,1.));
#5359 = DIRECTION('',(1.,0.,-0.));
#5360 = PCURVE('',#3323,#5361);
#5361 = DEFINITIONAL_REPRESENTATION('',(#5362),#5366);
#5362 = CIRCLE('',#5363,2.);
#5363 = AXIS2_PLACEMENT_2D('',#5364,#5365);
#5364 = CARTESIAN_POINT('',(53.5,31.));
#5365 = DIRECTION('',(1.,0.));
#5366 = ( GEOMETRIC_REPRESENTATION_CONTEXT(2) 
PARAMETRIC_REPRESENTATION_CONTEXT() REPRESENTATION_CONTEXT('2D SPACE',''
  ) );
#5367 = PCURVE('',#5368,#5373);
#5368 = CYLINDRICAL_SURFACE('',#5369,2.);
#5369 = AXIS2_PLACEMENT_3D('',#5370,#5371,#5372);
#5370 = CARTESIAN_POINT('',(23.5,-70.,11.));
#5371 = DIRECTION('',(0.,0.,1.));
#5372 = DIRECTION('',(1.,0.,-0.));
#5373 = DEFINITIONAL_REPRESENTATION('',(#5374),#5378);
#5374 = LINE('',#5375,#5376);
#5375 = CARTESIAN_POINT('',(0.,0.));
#5376 = VECTOR('',#5377,1.);
#5377 = DIRECTION('',(1.,0.));
#5378 = ( GEOMETRIC_REPRESENTATION_CONTEXT(2) 
PARAMETRIC_REPRESENTATION_CONTEXT() REPRESENTATION_CONTEXT('2D SPACE',''
  ) );
#5379 = ADVANCED_FACE('',(#5380),#4290,.T.);
#5380 = FACE_BOUND('',#5381,.T.);
#5381 = EDGE_LOOP('',(#5382,#5403,#5404,#5405));
#5382 = ORIENTED_EDGE('',*,*,#5383,.T.);
#5383 = EDGE_CURVE('',#5250,#4232,#5384,.T.);
#5384 = SURFACE_CURVE('',#5385,(#5389,#5396),.PCURVE_S1.);
#5385 = LINE('',#5386,#5387);
#5386 = CARTESIAN_POINT('',(25.5,-90.,11.));
#5387 = VECTOR('',#5388,1.);
#5388 = DIRECTION('',(0.,0.,1.));
#5389 = PCURVE('',#4290,#5390);
#5390 = DEFINITIONAL_REPRESENTATION('',(#5391),#5395);
#5391 = LINE('',#5392,#5393);
#5392 = CARTESIAN_POINT('',(6.28318530718,-0.));
#5393 = VECTOR('',#5394,1.);
#5394 = DIRECTION('',(0.,1.));
#5395 = ( GEOMETRIC_REPRESENTATION_CONTEXT(2) 
PARAMETRIC_REPRESENTATION_CONTEXT() REPRESENTATION_CONTEXT('2D SPACE',''
  ) );
#5396 = PCURVE('',#3933,#5397);
#5397 = DEFINITIONAL_REPRESENTATION('',(#5398),#5402);
#5398 = LINE('',#5399,#5400);
#5399 = CARTESIAN_POINT('',(0.,-0.));
#5400 = VECTOR('',#5401,1.);
#5401 = DIRECTION('',(0.,1.));
#5402 = ( GEOMETRIC_REPRESENTATION_CONTEXT(2) 
PARAMETRIC_REPRESENTATION_CONTEXT() REPRESENTATION_CONTEXT('2D SPACE',''
  ) );
#5403 = ORIENTED_EDGE('',*,*,#4266,.T.);
#5404 = ORIENTED_EDGE('',*,*,#4306,.T.);
#5405 = ORIENTED_EDGE('',*,*,#5273,.T.);
#5406 = ADVANCED_FACE('',(#5407),#3933,.T.);
#5407 = FACE_BOUND('',#5408,.T.);
#5408 = EDGE_LOOP('',(#5409,#5431,#5432,#5433,#5434));
#5409 = ORIENTED_EDGE('',*,*,#5410,.F.);
#5410 = EDGE_CURVE('',#4203,#3878,#5411,.T.);
#5411 = SURFACE_CURVE('',#5412,(#5417,#5424),.PCURVE_S1.);
#5412 = CIRCLE('',#5413,2.);
#5413 = AXIS2_PLACEMENT_3D('',#5414,#5415,#5416);
#5414 = CARTESIAN_POINT('',(23.5,-90.,17.));
#5415 = DIRECTION('',(0.,0.,1.));
#5416 = DIRECTION('',(1.,0.,-0.));
#5417 = PCURVE('',#3933,#5418);
#5418 = DEFINITIONAL_REPRESENTATION('',(#5419),#5423);
#5419 = LINE('',#5420,#5421);
#5420 = CARTESIAN_POINT('',(0.,6.));
#5421 = VECTOR('',#5422,1.);
#5422 = DIRECTION('',(1.,0.));
#5423 = ( GEOMETRIC_REPRESENTATION_CONTEXT(2) 
PARAMETRIC_REPRESENTATION_CONTEXT() REPRESENTATION_CONTEXT('2D SPACE',''
  ) );
#5424 = PCURVE('',#3985,#5425);
#5425 = DEFINITIONAL_REPRESENTATION('',(#5426),#5430);
#5426 = CIRCLE('',#5427,2.);
#5427 = AXIS2_PLACEMENT_2D('',#5428,#5429);
#5428 = CARTESIAN_POINT('',(0.,0.));
#5429 = DIRECTION('',(1.,0.));
#5430 = ( GEOMETRIC_REPRESENTATION_CONTEXT(2) 
PARAMETRIC_REPRESENTATION_CONTEXT() REPRESENTATION_CONTEXT('2D SPACE',''
  ) );
#5431 = ORIENTED_EDGE('',*,*,#4231,.T.);
#5432 = ORIENTED_EDGE('',*,*,#5383,.F.);
#5433 = ORIENTED_EDGE('',*,*,#5249,.T.);
#5434 = ORIENTED_EDGE('',*,*,#3877,.T.);
#5435 = ADVANCED_FACE('',(#5436),#3985,.T.);
#5436 = FACE_BOUND('',#5437,.T.);
#5437 = EDGE_LOOP('',(#5438,#5439,#5440,#5441));
#5438 = ORIENTED_EDGE('',*,*,#4202,.F.);
#5439 = ORIENTED_EDGE('',*,*,#5410,.T.);
#5440 = ORIENTED_EDGE('',*,*,#3965,.F.);
#5441 = ORIENTED_EDGE('',*,*,#5442,.F.);
#5442 = EDGE_CURVE('',#4168,#3966,#5443,.T.);
#5443 = SURFACE_CURVE('',#5444,(#5449,#5456),.PCURVE_S1.);
#5444 = CIRCLE('',#5445,1.25);
#5445 = AXIS2_PLACEMENT_3D('',#5446,#5447,#5448);
#5446 = CARTESIAN_POINT('',(23.5,-90.,17.));
#5447 = DIRECTION('',(0.,0.,1.));
#5448 = DIRECTION('',(1.,0.,-0.));
#5449 = PCURVE('',#3985,#5450);
#5450 = DEFINITIONAL_REPRESENTATION('',(#5451),#5455);
#5451 = CIRCLE('',#5452,1.25);
#5452 = AXIS2_PLACEMENT_2D('',#5453,#5454);
#5453 = CARTESIAN_POINT('',(0.,0.));
#5454 = DIRECTION('',(1.,0.));
#5455 = ( GEOMETRIC_REPRESENTATION_CONTEXT(2) 
PARAMETRIC_REPRESENTATION_CONTEXT() REPRESENTATION_CONTEXT('2D SPACE',''
  ) );
#5456 = PCURVE('',#4085,#5457);
#5457 = DEFINITIONAL_REPRESENTATION('',(#5458),#5462);
#5458 = LINE('',#5459,#5460);
#5459 = CARTESIAN_POINT('',(0.,6.));
#5460 = VECTOR('',#5461,1.);
#5461 = DIRECTION('',(1.,0.));
#5462 = ( GEOMETRIC_REPRESENTATION_CONTEXT(2) 
PARAMETRIC_REPRESENTATION_CONTEXT() REPRESENTATION_CONTEXT('2D SPACE',''
  ) );
#5463 = ADVANCED_FACE('',(#5464),#4085,.F.);
#5464 = FACE_BOUND('',#5465,.F.);
#5465 = EDGE_LOOP('',(#5466,#5467,#5468,#5491,#5518,#5519,#5520));
#5466 = ORIENTED_EDGE('',*,*,#5442,.F.);
#5467 = ORIENTED_EDGE('',*,*,#4167,.T.);
#5468 = ORIENTED_EDGE('',*,*,#5469,.F.);
#5469 = EDGE_CURVE('',#5470,#4133,#5472,.T.);
#5470 = VERTEX_POINT('',#5471);
#5471 = CARTESIAN_POINT('',(24.75,-90.,11.));
#5472 = SEAM_CURVE('',#5473,(#5477,#5484),.PCURVE_S1.);
#5473 = LINE('',#5474,#5475);
#5474 = CARTESIAN_POINT('',(24.75,-90.,11.));
#5475 = VECTOR('',#5476,1.);
#5476 = DIRECTION('',(0.,0.,1.));
#5477 = PCURVE('',#4085,#5478);
#5478 = DEFINITIONAL_REPRESENTATION('',(#5479),#5483);
#5479 = LINE('',#5480,#5481);
#5480 = CARTESIAN_POINT('',(6.28318530718,-0.));
#5481 = VECTOR('',#5482,1.);
#5482 = DIRECTION('',(0.,1.));
#5483 = ( GEOMETRIC_REPRESENTATION_CONTEXT(2) 
PARAMETRIC_REPRESENTATION_CONTEXT() REPRESENTATION_CONTEXT('2D SPACE',''
  ) );
#5484 = PCURVE('',#4085,#5485);
#5485 = DEFINITIONAL_REPRESENTATION('',(#5486),#5490);
#5486 = LINE('',#5487,#5488);
#5487 = CARTESIAN_POINT('',(0.,-0.));
#5488 = VECTOR('',#5489,1.);
#5489 = DIRECTION('',(0.,1.));
#5490 = ( GEOMETRIC_REPRESENTATION_CONTEXT(2) 
PARAMETRIC_REPRESENTATION_CONTEXT() REPRESENTATION_CONTEXT('2D SPACE',''
  ) );
#5491 = ORIENTED_EDGE('',*,*,#5492,.T.);
#5492 = EDGE_CURVE('',#5470,#5470,#5493,.T.);
#5493 = SURFACE_CURVE('',#5494,(#5499,#5506),.PCURVE_S1.);
#5494 = CIRCLE('',#5495,1.25);
#5495 = AXIS2_PLACEMENT_3D('',#5496,#5497,#5498);
#5496 = CARTESIAN_POINT('',(23.5,-90.,11.));
#5497 = DIRECTION('',(0.,0.,1.));
#5498 = DIRECTION('',(1.,0.,-0.));
#5499 = PCURVE('',#4085,#5500);
#5500 = DEFINITIONAL_REPRESENTATION('',(#5501),#5505);
#5501 = LINE('',#5502,#5503);
#5502 = CARTESIAN_POINT('',(0.,0.));
#5503 = VECTOR('',#5504,1.);
#5504 = DIRECTION('',(1.,0.));
#5505 = ( GEOMETRIC_REPRESENTATION_CONTEXT(2) 
PARAMETRIC_REPRESENTATION_CONTEXT() REPRESENTATION_CONTEXT('2D SPACE',''
  ) );
#5506 = PCURVE('',#5507,#5512);
#5507 = PLANE('',#5508);
#5508 = AXIS2_PLACEMENT_3D('',#5509,#5510,#5511);
#5509 = CARTESIAN_POINT('',(-30.,-101.,11.));
#5510 = DIRECTION('',(0.,0.,1.));
#5511 = DIRECTION('',(1.,0.,-0.));
#5512 = DEFINITIONAL_REPRESENTATION('',(#5513),#5517);
#5513 = CIRCLE('',#5514,1.25);
#5514 = AXIS2_PLACEMENT_2D('',#5515,#5516);
#5515 = CARTESIAN_POINT('',(53.5,11.));
#5516 = DIRECTION('',(1.,0.));
#5517 = ( GEOMETRIC_REPRESENTATION_CONTEXT(2) 
PARAMETRIC_REPRESENTATION_CONTEXT() REPRESENTATION_CONTEXT('2D SPACE',''
  ) );
#5518 = ORIENTED_EDGE('',*,*,#5469,.T.);
#5519 = ORIENTED_EDGE('',*,*,#4132,.T.);
#5520 = ORIENTED_EDGE('',*,*,#3999,.T.);
#5521 = ADVANCED_FACE('',(#5522),#3726,.T.);
#5522 = FACE_BOUND('',#5523,.T.);
#5523 = EDGE_LOOP('',(#5524,#5547,#5569,#5570,#5571));
#5524 = ORIENTED_EDGE('',*,*,#5525,.T.);
#5525 = EDGE_CURVE('',#5203,#5526,#5528,.T.);
#5526 = VERTEX_POINT('',#5527);
#5527 = CARTESIAN_POINT('',(-21.5,-90.,17.));
#5528 = SURFACE_CURVE('',#5529,(#5533,#5540),.PCURVE_S1.);
#5529 = LINE('',#5530,#5531);
#5530 = CARTESIAN_POINT('',(-21.5,-90.,11.));
#5531 = VECTOR('',#5532,1.);
#5532 = DIRECTION('',(0.,0.,1.));
#5533 = PCURVE('',#3726,#5534);
#5534 = DEFINITIONAL_REPRESENTATION('',(#5535),#5539);
#5535 = LINE('',#5536,#5537);
#5536 = CARTESIAN_POINT('',(6.28318530718,-0.));
#5537 = VECTOR('',#5538,1.);
#5538 = DIRECTION('',(0.,1.));
#5539 = ( GEOMETRIC_REPRESENTATION_CONTEXT(2) 
PARAMETRIC_REPRESENTATION_CONTEXT() REPRESENTATION_CONTEXT('2D SPACE',''
  ) );
#5540 = PCURVE('',#3408,#5541);
#5541 = DEFINITIONAL_REPRESENTATION('',(#5542),#5546);
#5542 = LINE('',#5543,#5544);
#5543 = CARTESIAN_POINT('',(0.,-0.));
#5544 = VECTOR('',#5545,1.);
#5545 = DIRECTION('',(0.,1.));
#5546 = ( GEOMETRIC_REPRESENTATION_CONTEXT(2) 
PARAMETRIC_REPRESENTATION_CONTEXT() REPRESENTATION_CONTEXT('2D SPACE',''
  ) );
#5547 = ORIENTED_EDGE('',*,*,#5548,.F.);
#5548 = EDGE_CURVE('',#3664,#5526,#5549,.T.);
#5549 = SURFACE_CURVE('',#5550,(#5555,#5562),.PCURVE_S1.);
#5550 = CIRCLE('',#5551,2.);
#5551 = AXIS2_PLACEMENT_3D('',#5552,#5553,#5554);
#5552 = CARTESIAN_POINT('',(-23.5,-90.,17.));
#5553 = DIRECTION('',(0.,0.,1.));
#5554 = DIRECTION('',(1.,0.,-0.));
#5555 = PCURVE('',#3726,#5556);
#5556 = DEFINITIONAL_REPRESENTATION('',(#5557),#5561);
#5557 = LINE('',#5558,#5559);
#5558 = CARTESIAN_POINT('',(0.,6.));
#5559 = VECTOR('',#5560,1.);
#5560 = DIRECTION('',(1.,0.));
#5561 = ( GEOMETRIC_REPRESENTATION_CONTEXT(2) 
PARAMETRIC_REPRESENTATION_CONTEXT() REPRESENTATION_CONTEXT('2D SPACE',''
  ) );
#5562 = PCURVE('',#3460,#5563);
#5563 = DEFINITIONAL_REPRESENTATION('',(#5564),#5568);
#5564 = CIRCLE('',#5565,2.);
#5565 = AXIS2_PLACEMENT_2D('',#5566,#5567);
#5566 = CARTESIAN_POINT('',(0.,0.));
#5567 = DIRECTION('',(1.,0.));
#5568 = ( GEOMETRIC_REPRESENTATION_CONTEXT(2) 
PARAMETRIC_REPRESENTATION_CONTEXT() REPRESENTATION_CONTEXT('2D SPACE',''
  ) );
#5569 = ORIENTED_EDGE('',*,*,#3692,.T.);
#5570 = ORIENTED_EDGE('',*,*,#3747,.T.);
#5571 = ORIENTED_EDGE('',*,*,#5226,.T.);
#5572 = ADVANCED_FACE('',(#5573),#3460,.T.);
#5573 = FACE_BOUND('',#5574,.T.);
#5574 = EDGE_LOOP('',(#5575,#5576,#5598,#5599,#5623,#5645));
#5575 = ORIENTED_EDGE('',*,*,#5548,.T.);
#5576 = ORIENTED_EDGE('',*,*,#5577,.T.);
#5577 = EDGE_CURVE('',#5526,#3353,#5578,.T.);
#5578 = SURFACE_CURVE('',#5579,(#5584,#5591),.PCURVE_S1.);
#5579 = CIRCLE('',#5580,2.);
#5580 = AXIS2_PLACEMENT_3D('',#5581,#5582,#5583);
#5581 = CARTESIAN_POINT('',(-23.5,-90.,17.));
#5582 = DIRECTION('',(0.,0.,1.));
#5583 = DIRECTION('',(1.,0.,-0.));
#5584 = PCURVE('',#3460,#5585);
#5585 = DEFINITIONAL_REPRESENTATION('',(#5586),#5590);
#5586 = CIRCLE('',#5587,2.);
#5587 = AXIS2_PLACEMENT_2D('',#5588,#5589);
#5588 = CARTESIAN_POINT('',(0.,0.));
#5589 = DIRECTION('',(1.,0.));
#5590 = ( GEOMETRIC_REPRESENTATION_CONTEXT(2) 
PARAMETRIC_REPRESENTATION_CONTEXT() REPRESENTATION_CONTEXT('2D SPACE',''
  ) );
#5591 = PCURVE('',#3408,#5592);
#5592 = DEFINITIONAL_REPRESENTATION('',(#5593),#5597);
#5593 = LINE('',#5594,#5595);
#5594 = CARTESIAN_POINT('',(0.,6.));
#5595 = VECTOR('',#5596,1.);
#5596 = DIRECTION('',(1.,0.));
#5597 = ( GEOMETRIC_REPRESENTATION_CONTEXT(2) 
PARAMETRIC_REPRESENTATION_CONTEXT() REPRESENTATION_CONTEXT('2D SPACE',''
  ) );
#5598 = ORIENTED_EDGE('',*,*,#3440,.F.);
#5599 = ORIENTED_EDGE('',*,*,#5600,.F.);
#5600 = EDGE_CURVE('',#5601,#3441,#5603,.T.);
#5601 = VERTEX_POINT('',#5602);
#5602 = CARTESIAN_POINT('',(-22.25,-90.,17.));
#5603 = SURFACE_CURVE('',#5604,(#5609,#5616),.PCURVE_S1.);
#5604 = CIRCLE('',#5605,1.25);
#5605 = AXIS2_PLACEMENT_3D('',#5606,#5607,#5608);
#5606 = CARTESIAN_POINT('',(-23.5,-90.,17.));
#5607 = DIRECTION('',(0.,0.,1.));
#5608 = DIRECTION('',(1.,0.,-0.));
#5609 = PCURVE('',#3460,#5610);
#5610 = DEFINITIONAL_REPRESENTATION('',(#5611),#5615);
#5611 = CIRCLE('',#5612,1.25);
#5612 = AXIS2_PLACEMENT_2D('',#5613,#5614);
#5613 = CARTESIAN_POINT('',(0.,0.));
#5614 = DIRECTION('',(1.,0.));
#5615 = ( GEOMETRIC_REPRESENTATION_CONTEXT(2) 
PARAMETRIC_REPRESENTATION_CONTEXT() REPRESENTATION_CONTEXT('2D SPACE',''
  ) );
#5616 = PCURVE('',#3548,#5617);
#5617 = DEFINITIONAL_REPRESENTATION('',(#5618),#5622);
#5618 = LINE('',#5619,#5620);
#5619 = CARTESIAN_POINT('',(0.,6.));
#5620 = VECTOR('',#5621,1.);
#5621 = DIRECTION('',(1.,0.));
#5622 = ( GEOMETRIC_REPRESENTATION_CONTEXT(2) 
PARAMETRIC_REPRESENTATION_CONTEXT() REPRESENTATION_CONTEXT('2D SPACE',''
  ) );
#5623 = ORIENTED_EDGE('',*,*,#5624,.F.);
#5624 = EDGE_CURVE('',#3590,#5601,#5625,.T.);
#5625 = SURFACE_CURVE('',#5626,(#5631,#5638),.PCURVE_S1.);
#5626 = CIRCLE('',#5627,1.25);
#5627 = AXIS2_PLACEMENT_3D('',#5628,#5629,#5630);
#5628 = CARTESIAN_POINT('',(-23.5,-90.,17.));
#5629 = DIRECTION('',(0.,0.,1.));
#5630 = DIRECTION('',(1.,0.,-0.));
#5631 = PCURVE('',#3460,#5632);
#5632 = DEFINITIONAL_REPRESENTATION('',(#5633),#5637);
#5633 = CIRCLE('',#5634,1.25);
#5634 = AXIS2_PLACEMENT_2D('',#5635,#5636);
#5635 = CARTESIAN_POINT('',(0.,0.));
#5636 = DIRECTION('',(1.,0.));
#5637 = ( GEOMETRIC_REPRESENTATION_CONTEXT(2) 
PARAMETRIC_REPRESENTATION_CONTEXT() REPRESENTATION_CONTEXT('2D SPACE',''
  ) );
#5638 = PCURVE('',#3548,#5639);
#5639 = DEFINITIONAL_REPRESENTATION('',(#5640),#5644);
#5640 = LINE('',#5641,#5642);
#5641 = CARTESIAN_POINT('',(0.,6.));
#5642 = VECTOR('',#5643,1.);
#5643 = DIRECTION('',(1.,0.));
#5644 = ( GEOMETRIC_REPRESENTATION_CONTEXT(2) 
PARAMETRIC_REPRESENTATION_CONTEXT() REPRESENTATION_CONTEXT('2D SPACE',''
  ) );
#5645 = ORIENTED_EDGE('',*,*,#3663,.F.);
#5646 = ADVANCED_FACE('',(#5647),#3548,.F.);
#5647 = FACE_BOUND('',#5648,.F.);
#5648 = EDGE_LOOP('',(#5649,#5672,#5673,#5674,#5675,#5676,#5677));
#5649 = ORIENTED_EDGE('',*,*,#5650,.T.);
#5650 = EDGE_CURVE('',#5651,#5601,#5653,.T.);
#5651 = VERTEX_POINT('',#5652);
#5652 = CARTESIAN_POINT('',(-22.25,-90.,11.));
#5653 = SEAM_CURVE('',#5654,(#5658,#5665),.PCURVE_S1.);
#5654 = LINE('',#5655,#5656);
#5655 = CARTESIAN_POINT('',(-22.25,-90.,11.));
#5656 = VECTOR('',#5657,1.);
#5657 = DIRECTION('',(0.,0.,1.));
#5658 = PCURVE('',#3548,#5659);
#5659 = DEFINITIONAL_REPRESENTATION('',(#5660),#5664);
#5660 = LINE('',#5661,#5662);
#5661 = CARTESIAN_POINT('',(6.28318530718,-0.));
#5662 = VECTOR('',#5663,1.);
#5663 = DIRECTION('',(0.,1.));
#5664 = ( GEOMETRIC_REPRESENTATION_CONTEXT(2) 
PARAMETRIC_REPRESENTATION_CONTEXT() REPRESENTATION_CONTEXT('2D SPACE',''
  ) );
#5665 = PCURVE('',#3548,#5666);
#5666 = DEFINITIONAL_REPRESENTATION('',(#5667),#5671);
#5667 = LINE('',#5668,#5669);
#5668 = CARTESIAN_POINT('',(0.,-0.));
#5669 = VECTOR('',#5670,1.);
#5670 = DIRECTION('',(0.,1.));
#5671 = ( GEOMETRIC_REPRESENTATION_CONTEXT(2) 
PARAMETRIC_REPRESENTATION_CONTEXT() REPRESENTATION_CONTEXT('2D SPACE',''
  ) );
#5672 = ORIENTED_EDGE('',*,*,#5624,.F.);
#5673 = ORIENTED_EDGE('',*,*,#3589,.T.);
#5674 = ORIENTED_EDGE('',*,*,#3474,.T.);
#5675 = ORIENTED_EDGE('',*,*,#5600,.F.);
#5676 = ORIENTED_EDGE('',*,*,#5650,.F.);
#5677 = ORIENTED_EDGE('',*,*,#5678,.T.);
#5678 = EDGE_CURVE('',#5651,#5651,#5679,.T.);
#5679 = SURFACE_CURVE('',#5680,(#5685,#5692),.PCURVE_S1.);
#5680 = CIRCLE('',#5681,1.25);
#5681 = AXIS2_PLACEMENT_3D('',#5682,#5683,#5684);
#5682 = CARTESIAN_POINT('',(-23.5,-90.,11.));
#5683 = DIRECTION('',(0.,0.,1.));
#5684 = DIRECTION('',(1.,0.,-0.));
#5685 = PCURVE('',#3548,#5686);
#5686 = DEFINITIONAL_REPRESENTATION('',(#5687),#5691);
#5687 = LINE('',#5688,#5689);
#5688 = CARTESIAN_POINT('',(0.,0.));
#5689 = VECTOR('',#5690,1.);
#5690 = DIRECTION('',(1.,0.));
#5691 = ( GEOMETRIC_REPRESENTATION_CONTEXT(2) 
PARAMETRIC_REPRESENTATION_CONTEXT() REPRESENTATION_CONTEXT('2D SPACE',''
  ) );
#5692 = PCURVE('',#5693,#5698);
#5693 = PLANE('',#5694);
#5694 = AXIS2_PLACEMENT_3D('',#5695,#5696,#5697);
#5695 = CARTESIAN_POINT('',(-30.,-101.,11.));
#5696 = DIRECTION('',(0.,0.,1.));
#5697 = DIRECTION('',(1.,0.,-0.));
#5698 = DEFINITIONAL_REPRESENTATION('',(#5699),#5703);
#5699 = CIRCLE('',#5700,1.25);
#5700 = AXIS2_PLACEMENT_2D('',#5701,#5702);
#5701 = CARTESIAN_POINT('',(6.5,11.));
#5702 = DIRECTION('',(1.,0.));
#5703 = ( GEOMETRIC_REPRESENTATION_CONTEXT(2) 
PARAMETRIC_REPRESENTATION_CONTEXT() REPRESENTATION_CONTEXT('2D SPACE',''
  ) );
#5704 = ADVANCED_FACE('',(#5705),#3408,.T.);
#5705 = FACE_BOUND('',#5706,.T.);
#5706 = EDGE_LOOP('',(#5707,#5708,#5709,#5710));
#5707 = ORIENTED_EDGE('',*,*,#5577,.F.);
#5708 = ORIENTED_EDGE('',*,*,#5525,.F.);
#5709 = ORIENTED_EDGE('',*,*,#5202,.T.);
#5710 = ORIENTED_EDGE('',*,*,#3352,.T.);
#5711 = ADVANCED_FACE('',(#5712),#5087,.T.);
#5712 = FACE_BOUND('',#5713,.T.);
#5713 = EDGE_LOOP('',(#5714,#5715,#5716,#5717));
#5714 = ORIENTED_EDGE('',*,*,#5127,.F.);
#5715 = ORIENTED_EDGE('',*,*,#5073,.T.);
#5716 = ORIENTED_EDGE('',*,*,#5297,.T.);
#5717 = ORIENTED_EDGE('',*,*,#5176,.F.);
#5718 = ADVANCED_FACE('',(#5719),#5337,.T.);
#5719 = FACE_BOUND('',#5720,.T.);
#5720 = EDGE_LOOP('',(#5721,#5750,#5771,#5772));
#5721 = ORIENTED_EDGE('',*,*,#5722,.F.);
#5722 = EDGE_CURVE('',#5723,#5723,#5725,.T.);
#5723 = VERTEX_POINT('',#5724);
#5724 = CARTESIAN_POINT('',(-21.5,-70.,17.));
#5725 = SURFACE_CURVE('',#5726,(#5731,#5738),.PCURVE_S1.);
#5726 = CIRCLE('',#5727,2.);
#5727 = AXIS2_PLACEMENT_3D('',#5728,#5729,#5730);
#5728 = CARTESIAN_POINT('',(-23.5,-70.,17.));
#5729 = DIRECTION('',(0.,0.,1.));
#5730 = DIRECTION('',(1.,0.,-0.));
#5731 = PCURVE('',#5337,#5732);
#5732 = DEFINITIONAL_REPRESENTATION('',(#5733),#5737);
#5733 = LINE('',#5734,#5735);
#5734 = CARTESIAN_POINT('',(0.,6.));
#5735 = VECTOR('',#5736,1.);
#5736 = DIRECTION('',(1.,0.));
#5737 = ( GEOMETRIC_REPRESENTATION_CONTEXT(2) 
PARAMETRIC_REPRESENTATION_CONTEXT() REPRESENTATION_CONTEXT('2D SPACE',''
  ) );
#5738 = PCURVE('',#5739,#5744);
#5739 = PLANE('',#5740);
#5740 = AXIS2_PLACEMENT_3D('',#5741,#5742,#5743);
#5741 = CARTESIAN_POINT('',(-23.5,-70.,17.));
#5742 = DIRECTION('',(0.,0.,1.));
#5743 = DIRECTION('',(1.,0.,-0.));
#5744 = DEFINITIONAL_REPRESENTATION('',(#5745),#5749);
#5745 = CIRCLE('',#5746,2.);
#5746 = AXIS2_PLACEMENT_2D('',#5747,#5748);
#5747 = CARTESIAN_POINT('',(0.,0.));
#5748 = DIRECTION('',(1.,0.));
#5749 = ( GEOMETRIC_REPRESENTATION_CONTEXT(2) 
PARAMETRIC_REPRESENTATION_CONTEXT() REPRESENTATION_CONTEXT('2D SPACE',''
  ) );
#5750 = ORIENTED_EDGE('',*,*,#5751,.F.);
#5751 = EDGE_CURVE('',#5321,#5723,#5752,.T.);
#5752 = SEAM_CURVE('',#5753,(#5757,#5764),.PCURVE_S1.);
#5753 = LINE('',#5754,#5755);
#5754 = CARTESIAN_POINT('',(-21.5,-70.,11.));
#5755 = VECTOR('',#5756,1.);
#5756 = DIRECTION('',(0.,0.,1.));
#5757 = PCURVE('',#5337,#5758);
#5758 = DEFINITIONAL_REPRESENTATION('',(#5759),#5763);
#5759 = LINE('',#5760,#5761);
#5760 = CARTESIAN_POINT('',(6.28318530718,-0.));
#5761 = VECTOR('',#5762,1.);
#5762 = DIRECTION('',(0.,1.));
#5763 = ( GEOMETRIC_REPRESENTATION_CONTEXT(2) 
PARAMETRIC_REPRESENTATION_CONTEXT() REPRESENTATION_CONTEXT('2D SPACE',''
  ) );
#5764 = PCURVE('',#5337,#5765);
#5765 = DEFINITIONAL_REPRESENTATION('',(#5766),#5770);
#5766 = LINE('',#5767,#5768);
#5767 = CARTESIAN_POINT('',(0.,-0.));
#5768 = VECTOR('',#5769,1.);
#5769 = DIRECTION('',(0.,1.));
#5770 = ( GEOMETRIC_REPRESENTATION_CONTEXT(2) 
PARAMETRIC_REPRESENTATION_CONTEXT() REPRESENTATION_CONTEXT('2D SPACE',''
  ) );
#5771 = ORIENTED_EDGE('',*,*,#5320,.T.);
#5772 = ORIENTED_EDGE('',*,*,#5751,.T.);
#5773 = ADVANCED_FACE('',(#5774),#5368,.T.);
#5774 = FACE_BOUND('',#5775,.T.);
#5775 = EDGE_LOOP('',(#5776,#5805,#5826,#5827));
#5776 = ORIENTED_EDGE('',*,*,#5777,.F.);
#5777 = EDGE_CURVE('',#5778,#5778,#5780,.T.);
#5778 = VERTEX_POINT('',#5779);
#5779 = CARTESIAN_POINT('',(25.5,-70.,17.));
#5780 = SURFACE_CURVE('',#5781,(#5786,#5793),.PCURVE_S1.);
#5781 = CIRCLE('',#5782,2.);
#5782 = AXIS2_PLACEMENT_3D('',#5783,#5784,#5785);
#5783 = CARTESIAN_POINT('',(23.5,-70.,17.));
#5784 = DIRECTION('',(0.,0.,1.));
#5785 = DIRECTION('',(1.,0.,-0.));
#5786 = PCURVE('',#5368,#5787);
#5787 = DEFINITIONAL_REPRESENTATION('',(#5788),#5792);
#5788 = LINE('',#5789,#5790);
#5789 = CARTESIAN_POINT('',(0.,6.));
#5790 = VECTOR('',#5791,1.);
#5791 = DIRECTION('',(1.,0.));
#5792 = ( GEOMETRIC_REPRESENTATION_CONTEXT(2) 
PARAMETRIC_REPRESENTATION_CONTEXT() REPRESENTATION_CONTEXT('2D SPACE',''
  ) );
#5793 = PCURVE('',#5794,#5799);
#5794 = PLANE('',#5795);
#5795 = AXIS2_PLACEMENT_3D('',#5796,#5797,#5798);
#5796 = CARTESIAN_POINT('',(23.5,-70.,17.));
#5797 = DIRECTION('',(0.,0.,1.));
#5798 = DIRECTION('',(1.,0.,-0.));
#5799 = DEFINITIONAL_REPRESENTATION('',(#5800),#5804);
#5800 = CIRCLE('',#5801,2.);
#5801 = AXIS2_PLACEMENT_2D('',#5802,#5803);
#5802 = CARTESIAN_POINT('',(0.,0.));
#5803 = DIRECTION('',(1.,0.));
#5804 = ( GEOMETRIC_REPRESENTATION_CONTEXT(2) 
PARAMETRIC_REPRESENTATION_CONTEXT() REPRESENTATION_CONTEXT('2D SPACE',''
  ) );
#5805 = ORIENTED_EDGE('',*,*,#5806,.F.);
#5806 = EDGE_CURVE('',#5352,#5778,#5807,.T.);
#5807 = SEAM_CURVE('',#5808,(#5812,#5819),.PCURVE_S1.);
#5808 = LINE('',#5809,#5810);
#5809 = CARTESIAN_POINT('',(25.5,-70.,11.));
#5810 = VECTOR('',#5811,1.);
#5811 = DIRECTION('',(0.,0.,1.));
#5812 = PCURVE('',#5368,#5813);
#5813 = DEFINITIONAL_REPRESENTATION('',(#5814),#5818);
#5814 = LINE('',#5815,#5816);
#5815 = CARTESIAN_POINT('',(6.28318530718,-0.));
#5816 = VECTOR('',#5817,1.);
#5817 = DIRECTION('',(0.,1.));
#5818 = ( GEOMETRIC_REPRESENTATION_CONTEXT(2) 
PARAMETRIC_REPRESENTATION_CONTEXT() REPRESENTATION_CONTEXT('2D SPACE',''
  ) );
#5819 = PCURVE('',#5368,#5820);
#5820 = DEFINITIONAL_REPRESENTATION('',(#5821),#5825);
#5821 = LINE('',#5822,#5823);
#5822 = CARTESIAN_POINT('',(0.,-0.));
#5823 = VECTOR('',#5824,1.);
#5824 = DIRECTION('',(0.,1.));
#5825 = ( GEOMETRIC_REPRESENTATION_CONTEXT(2) 
PARAMETRIC_REPRESENTATION_CONTEXT() REPRESENTATION_CONTEXT('2D SPACE',''
  ) );
#5826 = ORIENTED_EDGE('',*,*,#5351,.T.);
#5827 = ORIENTED_EDGE('',*,*,#5806,.T.);
#5828 = ADVANCED_FACE('',(#5829),#5507,.T.);
#5829 = FACE_BOUND('',#5830,.T.);
#5830 = EDGE_LOOP('',(#5831));
#5831 = ORIENTED_EDGE('',*,*,#5492,.T.);
#5832 = ADVANCED_FACE('',(#5833),#5693,.T.);
#5833 = FACE_BOUND('',#5834,.T.);
#5834 = EDGE_LOOP('',(#5835));
#5835 = ORIENTED_EDGE('',*,*,#5678,.T.);
#5836 = ADVANCED_FACE('',(#5837,#5840),#5739,.T.);
#5837 = FACE_BOUND('',#5838,.T.);
#5838 = EDGE_LOOP('',(#5839));
#5839 = ORIENTED_EDGE('',*,*,#5722,.T.);
#5840 = FACE_BOUND('',#5841,.T.);
#5841 = EDGE_LOOP('',(#5842));
#5842 = ORIENTED_EDGE('',*,*,#5843,.F.);
#5843 = EDGE_CURVE('',#5844,#5844,#5846,.T.);
#5844 = VERTEX_POINT('',#5845);
#5845 = CARTESIAN_POINT('',(-22.25,-70.,17.));
#5846 = SURFACE_CURVE('',#5847,(#5852,#5859),.PCURVE_S1.);
#5847 = CIRCLE('',#5848,1.25);
#5848 = AXIS2_PLACEMENT_3D('',#5849,#5850,#5851);
#5849 = CARTESIAN_POINT('',(-23.5,-70.,17.));
#5850 = DIRECTION('',(0.,0.,1.));
#5851 = DIRECTION('',(1.,0.,-0.));
#5852 = PCURVE('',#5739,#5853);
#5853 = DEFINITIONAL_REPRESENTATION('',(#5854),#5858);
#5854 = CIRCLE('',#5855,1.25);
#5855 = AXIS2_PLACEMENT_2D('',#5856,#5857);
#5856 = CARTESIAN_POINT('',(0.,0.));
#5857 = DIRECTION('',(1.,0.));
#5858 = ( GEOMETRIC_REPRESENTATION_CONTEXT(2) 
PARAMETRIC_REPRESENTATION_CONTEXT() REPRESENTATION_CONTEXT('2D SPACE',''
  ) );
#5859 = PCURVE('',#5860,#5865);
#5860 = CYLINDRICAL_SURFACE('',#5861,1.25);
#5861 = AXIS2_PLACEMENT_3D('',#5862,#5863,#5864);
#5862 = CARTESIAN_POINT('',(-23.5,-70.,11.));
#5863 = DIRECTION('',(0.,0.,1.));
#5864 = DIRECTION('',(1.,0.,-0.));
#5865 = DEFINITIONAL_REPRESENTATION('',(#5866),#5870);
#5866 = LINE('',#5867,#5868);
#5867 = CARTESIAN_POINT('',(0.,6.));
#5868 = VECTOR('',#5869,1.);
#5869 = DIRECTION('',(1.,0.));
#5870 = ( GEOMETRIC_REPRESENTATION_CONTEXT(2) 
PARAMETRIC_REPRESENTATION_CONTEXT() REPRESENTATION_CONTEXT('2D SPACE',''
  ) );
#5871 = ADVANCED_FACE('',(#5872,#5875),#5794,.T.);
#5872 = FACE_BOUND('',#5873,.T.);
#5873 = EDGE_LOOP('',(#5874));
#5874 = ORIENTED_EDGE('',*,*,#5777,.T.);
#5875 = FACE_BOUND('',#5876,.T.);
#5876 = EDGE_LOOP('',(#5877));
#5877 = ORIENTED_EDGE('',*,*,#5878,.F.);
#5878 = EDGE_CURVE('',#5879,#5879,#5881,.T.);
#5879 = VERTEX_POINT('',#5880);
#5880 = CARTESIAN_POINT('',(24.75,-70.,17.));
#5881 = SURFACE_CURVE('',#5882,(#5887,#5894),.PCURVE_S1.);
#5882 = CIRCLE('',#5883,1.25);
#5883 = AXIS2_PLACEMENT_3D('',#5884,#5885,#5886);
#5884 = CARTESIAN_POINT('',(23.5,-70.,17.));
#5885 = DIRECTION('',(0.,0.,1.));
#5886 = DIRECTION('',(1.,0.,-0.));
#5887 = PCURVE('',#5794,#5888);
#5888 = DEFINITIONAL_REPRESENTATION('',(#5889),#5893);
#5889 = CIRCLE('',#5890,1.25);
#5890 = AXIS2_PLACEMENT_2D('',#5891,#5892);
#5891 = CARTESIAN_POINT('',(0.,0.));
#5892 = DIRECTION('',(1.,0.));
#5893 = ( GEOMETRIC_REPRESENTATION_CONTEXT(2) 
PARAMETRIC_REPRESENTATION_CONTEXT() REPRESENTATION_CONTEXT('2D SPACE',''
  ) );
#5894 = PCURVE('',#5895,#5900);
#5895 = CYLINDRICAL_SURFACE('',#5896,1.25);
#5896 = AXIS2_PLACEMENT_3D('',#5897,#5898,#5899);
#5897 = CARTESIAN_POINT('',(23.5,-70.,11.));
#5898 = DIRECTION('',(0.,0.,1.));
#5899 = DIRECTION('',(1.,0.,-0.));
#5900 = DEFINITIONAL_REPRESENTATION('',(#5901),#5905);
#5901 = LINE('',#5902,#5903);
#5902 = CARTESIAN_POINT('',(0.,6.));
#5903 = VECTOR('',#5904,1.);
#5904 = DIRECTION('',(1.,0.));
#5905 = ( GEOMETRIC_REPRESENTATION_CONTEXT(2) 
PARAMETRIC_REPRESENTATION_CONTEXT() REPRESENTATION_CONTEXT('2D SPACE',''
  ) );
#5906 = ADVANCED_FACE('',(#5907),#5860,.F.);
#5907 = FACE_BOUND('',#5908,.F.);
#5908 = EDGE_LOOP('',(#5909,#5910,#5933,#5960));
#5909 = ORIENTED_EDGE('',*,*,#5843,.F.);
#5910 = ORIENTED_EDGE('',*,*,#5911,.F.);
#5911 = EDGE_CURVE('',#5912,#5844,#5914,.T.);
#5912 = VERTEX_POINT('',#5913);
#5913 = CARTESIAN_POINT('',(-22.25,-70.,11.));
#5914 = SEAM_CURVE('',#5915,(#5919,#5926),.PCURVE_S1.);
#5915 = LINE('',#5916,#5917);
#5916 = CARTESIAN_POINT('',(-22.25,-70.,11.));
#5917 = VECTOR('',#5918,1.);
#5918 = DIRECTION('',(0.,0.,1.));
#5919 = PCURVE('',#5860,#5920);
#5920 = DEFINITIONAL_REPRESENTATION('',(#5921),#5925);
#5921 = LINE('',#5922,#5923);
#5922 = CARTESIAN_POINT('',(6.28318530718,-0.));
#5923 = VECTOR('',#5924,1.);
#5924 = DIRECTION('',(0.,1.));
#5925 = ( GEOMETRIC_REPRESENTATION_CONTEXT(2) 
PARAMETRIC_REPRESENTATION_CONTEXT() REPRESENTATION_CONTEXT('2D SPACE',''
  ) );
#5926 = PCURVE('',#5860,#5927);
#5927 = DEFINITIONAL_REPRESENTATION('',(#5928),#5932);
#5928 = LINE('',#5929,#5930);
#5929 = CARTESIAN_POINT('',(0.,-0.));
#5930 = VECTOR('',#5931,1.);
#5931 = DIRECTION('',(0.,1.));
#5932 = ( GEOMETRIC_REPRESENTATION_CONTEXT(2) 
PARAMETRIC_REPRESENTATION_CONTEXT() REPRESENTATION_CONTEXT('2D SPACE',''
  ) );
#5933 = ORIENTED_EDGE('',*,*,#5934,.T.);
#5934 = EDGE_CURVE('',#5912,#5912,#5935,.T.);
#5935 = SURFACE_CURVE('',#5936,(#5941,#5948),.PCURVE_S1.);
#5936 = CIRCLE('',#5937,1.25);
#5937 = AXIS2_PLACEMENT_3D('',#5938,#5939,#5940);
#5938 = CARTESIAN_POINT('',(-23.5,-70.,11.));
#5939 = DIRECTION('',(0.,0.,1.));
#5940 = DIRECTION('',(1.,0.,-0.));
#5941 = PCURVE('',#5860,#5942);
#5942 = DEFINITIONAL_REPRESENTATION('',(#5943),#5947);
#5943 = LINE('',#5944,#5945);
#5944 = CARTESIAN_POINT('',(0.,0.));
#5945 = VECTOR('',#5946,1.);
#5946 = DIRECTION('',(1.,0.));
#5947 = ( GEOMETRIC_REPRESENTATION_CONTEXT(2) 
PARAMETRIC_REPRESENTATION_CONTEXT() REPRESENTATION_CONTEXT('2D SPACE',''
  ) );
#5948 = PCURVE('',#5949,#5954);
#5949 = PLANE('',#5950);
#5950 = AXIS2_PLACEMENT_3D('',#5951,#5952,#5953);
#5951 = CARTESIAN_POINT('',(-30.,-101.,11.));
#5952 = DIRECTION('',(0.,0.,1.));
#5953 = DIRECTION('',(1.,0.,-0.));
#5954 = DEFINITIONAL_REPRESENTATION('',(#5955),#5959);
#5955 = CIRCLE('',#5956,1.25);
#5956 = AXIS2_PLACEMENT_2D('',#5957,#5958);
#5957 = CARTESIAN_POINT('',(6.5,31.));
#5958 = DIRECTION('',(1.,0.));
#5959 = ( GEOMETRIC_REPRESENTATION_CONTEXT(2) 
PARAMETRIC_REPRESENTATION_CONTEXT() REPRESENTATION_CONTEXT('2D SPACE',''
  ) );
#5960 = ORIENTED_EDGE('',*,*,#5911,.T.);
#5961 = ADVANCED_FACE('',(#5962),#5895,.F.);
#5962 = FACE_BOUND('',#5963,.F.);
#5963 = EDGE_LOOP('',(#5964,#5965,#5988,#6015));
#5964 = ORIENTED_EDGE('',*,*,#5878,.F.);
#5965 = ORIENTED_EDGE('',*,*,#5966,.F.);
#5966 = EDGE_CURVE('',#5967,#5879,#5969,.T.);
#5967 = VERTEX_POINT('',#5968);
#5968 = CARTESIAN_POINT('',(24.75,-70.,11.));
#5969 = SEAM_CURVE('',#5970,(#5974,#5981),.PCURVE_S1.);
#5970 = LINE('',#5971,#5972);
#5971 = CARTESIAN_POINT('',(24.75,-70.,11.));
#5972 = VECTOR('',#5973,1.);
#5973 = DIRECTION('',(0.,0.,1.));
#5974 = PCURVE('',#5895,#5975);
#5975 = DEFINITIONAL_REPRESENTATION('',(#5976),#5980);
#5976 = LINE('',#5977,#5978);
#5977 = CARTESIAN_POINT('',(6.28318530718,-0.));
#5978 = VECTOR('',#5979,1.);
#5979 = DIRECTION('',(0.,1.));
#5980 = ( GEOMETRIC_REPRESENTATION_CONTEXT(2) 
PARAMETRIC_REPRESENTATION_CONTEXT() REPRESENTATION_CONTEXT('2D SPACE',''
  ) );
#5981 = PCURVE('',#5895,#5982);
#5982 = DEFINITIONAL_REPRESENTATION('',(#5983),#5987);
#5983 = LINE('',#5984,#5985);
#5984 = CARTESIAN_POINT('',(0.,-0.));
#5985 = VECTOR('',#5986,1.);
#5986 = DIRECTION('',(0.,1.));
#5987 = ( GEOMETRIC_REPRESENTATION_CONTEXT(2) 
PARAMETRIC_REPRESENTATION_CONTEXT() REPRESENTATION_CONTEXT('2D SPACE',''
  ) );
#5988 = ORIENTED_EDGE('',*,*,#5989,.T.);
#5989 = EDGE_CURVE('',#5967,#5967,#5990,.T.);
#5990 = SURFACE_CURVE('',#5991,(#5996,#6003),.PCURVE_S1.);
#5991 = CIRCLE('',#5992,1.25);
#5992 = AXIS2_PLACEMENT_3D('',#5993,#5994,#5995);
#5993 = CARTESIAN_POINT('',(23.5,-70.,11.));
#5994 = DIRECTION('',(0.,0.,1.));
#5995 = DIRECTION('',(1.,0.,-0.));
#5996 = PCURVE('',#5895,#5997);
#5997 = DEFINITIONAL_REPRESENTATION('',(#5998),#6002);
#5998 = LINE('',#5999,#6000);
#5999 = CARTESIAN_POINT('',(0.,0.));
#6000 = VECTOR('',#6001,1.);
#6001 = DIRECTION('',(1.,0.));
#6002 = ( GEOMETRIC_REPRESENTATION_CONTEXT(2) 
PARAMETRIC_REPRESENTATION_CONTEXT() REPRESENTATION_CONTEXT('2D SPACE',''
  ) );
#6003 = PCURVE('',#6004,#6009);
#6004 = PLANE('',#6005);
#6005 = AXIS2_PLACEMENT_3D('',#6006,#6007,#6008);
#6006 = CARTESIAN_POINT('',(-30.,-101.,11.));
#6007 = DIRECTION('',(0.,0.,1.));
#6008 = DIRECTION('',(1.,0.,-0.));
#6009 = DEFINITIONAL_REPRESENTATION('',(#6010),#6014);
#6010 = CIRCLE('',#6011,1.25);
#6011 = AXIS2_PLACEMENT_2D('',#6012,#6013);
#6012 = CARTESIAN_POINT('',(53.5,31.));
#6013 = DIRECTION('',(1.,0.));
#6014 = ( GEOMETRIC_REPRESENTATION_CONTEXT(2) 
PARAMETRIC_REPRESENTATION_CONTEXT() REPRESENTATION_CONTEXT('2D SPACE',''
  ) );
#6015 = ORIENTED_EDGE('',*,*,#5966,.T.);
#6016 = ADVANCED_FACE('',(#6017),#5949,.T.);
#6017 = FACE_BOUND('',#6018,.T.);
#6018 = EDGE_LOOP('',(#6019));
#6019 = ORIENTED_EDGE('',*,*,#5934,.T.);
#6020 = ADVANCED_FACE('',(#6021),#6004,.T.);
#6021 = FACE_BOUND('',#6022,.T.);
#6022 = EDGE_LOOP('',(#6023));
#6023 = ORIENTED_EDGE('',*,*,#5989,.T.);
#6024 = ( GEOMETRIC_REPRESENTATION_CONTEXT(3) 
GLOBAL_UNCERTAINTY_ASSIGNED_CONTEXT((#6028)) 
GLOBAL_UNIT_ASSIGNED_CONTEXT((#6025,#6026,#6027)) REPRESENTATION_CONTEXT
('Context #1','3D Context with UNIT and UNCERTAINTY') );
#6025 = ( LENGTH_UNIT() NAMED_UNIT(*) SI_UNIT(.MILLI.,.METRE.) );
#6026 = ( NAMED_UNIT(*) PLANE_ANGLE_UNIT() SI_UNIT($,.RADIAN.) );
#6027 = ( NAMED_UNIT(*) SI_UNIT($,.STERADIAN.) SOLID_ANGLE_UNIT() );
#6028 = UNCERTAINTY_MEASURE_WITH_UNIT(LENGTH_MEASURE(2.E-05),#6025,
  'distance_accuracy_value','confusion accuracy');
#6029 = PRODUCT_RELATED_PRODUCT_CATEGORY('part',$,(#7));
ENDSEC;
END-ISO-10303-21;
